Metric,Mean,STD
MAE,0.6511202573776245,0.06331963
MSE,0.7416461348533631,0.13736492
RMSE,0.8575543940067292,0.079035364
MAPE,4.58387439250946,1.2188493
MSPE,1765.3720825195312,487.75833
TrainTime(s),98.67555749416351,15.076787750988188
TestTime(s),3.716198778152466,0.12970292545798406
