Metric,Mean,STD
MAE,0.6145155668258667,0.09773161
MSE,0.66854148209095,0.21173708
RMSE,0.8082465827465057,0.123608015
MAPE,4.82900595664978,1.5417744
MSPE,2131.2123474121095,853.69977
TrainTime(s),98.02374861240386,13.11821579394073
TestTime(s),3.5605607509613035,0.16143086191462883
