Metric,Mean,STD
MAE,0.6614912450313568,0.07241218
MSE,0.7113322049379349,0.14339757
RMSE,0.8388585805892944,0.08745566
MAPE,5.16851499080658,1.222298
MSPE,2039.4274169921875,649.7203
TrainTime(s),110.76834738254547,19.005275207102734
TestTime(s),3.6085268020629884,0.35706920883282095
