Metric,Mean,STD
MAE,0.6232730567455291,0.09518857
MSE,0.6684034049510956,0.19129649
RMSE,0.8090706884860992,0.117507614
MAPE,5.1120384454727175,1.7589386
MSPE,2190.343884277344,1048.9135
TrainTime(s),96.74359891414642,13.661260598909271
TestTime(s),3.6546976804733275,0.2123916071734679
