Metric,Mean,STD
MAE,0.6980068564414978,0.08701941
MSE,0.8417526066303254,0.20932221
RMSE,0.9100073516368866,0.1167872
MAPE,5.577997827529908,1.6609105
MSPE,2431.667919921875,913.1994
TrainTime(s),109.22093477249146,18.751556516668114
TestTime(s),3.712880825996399,0.17269098054369134
