Metric,Mean,STD
MAE,0.7360003352165222,0.09857304
MSE,0.9134947776794433,0.23679623
RMSE,0.9482163190841675,0.119919084
MAPE,6.022072839736938,1.7007352
MSPE,2634.389782714844,1186.7023
TrainTime(s),104.80722739696503,19.817558623599414
TestTime(s),3.6312175989151,0.3037943281533117
