Metric,Mean,STD
MAE,0.8352492809295654,0.14023204
MSE,1.20743168592453,0.40268245
RMSE,1.0840905070304871,0.17938642
MAPE,7.4733785629272464,1.6749827
MSPE,4736.347412109375,1965.4016
TrainTime(s),114.23416981697082,26.01472543765577
TestTime(s),3.754424285888672,0.12491070361311365
