Metric,Mean,STD
MAE,0.7233148097991944,0.08441549
MSE,0.8497056245803833,0.18324569
RMSE,0.9164189398288727,0.09940795
MAPE,6.108550024032593,1.3576393
MSPE,2469.8560791015625,682.54065
TrainTime(s),101.90489177703857,19.126764682542692
TestTime(s),3.863757371902466,0.16047309283538183
