Metric,Mean,STD
MAE,0.6928108692169189,0.09736621
MSE,0.8115846633911132,0.23185198
RMSE,0.892574143409729,0.12204945
MAPE,5.499732971191406,1.4252672
MSPE,2260.3479248046874,873.6431
TrainTime(s),106.18641636371612,22.975518318280006
TestTime(s),3.763353395462036,0.08689135274325577
