Metric,Mean,STD
MAE,0.7182602465152741,0.08751258
MSE,0.91831334233284,0.21426399
RMSE,0.9512596309185029,0.1158381
MAPE,5.5473861455917355,1.6988981
MSPE,2921.3775390625,1206.9427
TrainTime(s),98.39499506950378,14.143805385880313
TestTime(s),3.495667815208435,0.6177666845894731
