Metric,Mean,STD
MAE,0.7765307724475861,0.108937725
MSE,1.0471746265888213,0.26053435
RMSE,1.015011966228485,0.13009737
MAPE,6.5910686492919925,1.510894
MSPE,3854.714636230469,965.3057
TrainTime(s),105.5828381538391,20.23569991431807
TestTime(s),3.564848804473877,0.6466453021430476
