Metric,Mean,STD
MAE,0.8232946217060089,0.12271814
MSE,1.1132075369358063,0.27528954
RMSE,1.0457012474536895,0.14041528
MAPE,7.11328821182251,1.8851266
MSPE,4066.0138275146483,1511.389
TrainTime(s),104.56524293422699,19.630191606158782
TestTime(s),3.679016637802124,0.23007973006111457
