Metric,Mean,STD
MAE,0.6922926664352417,0.08380662
MSE,0.7896744906902313,0.16867211
RMSE,0.8831990242004395,0.09815283
MAPE,5.236438035964966,1.1417068
MSPE,2315.7363891601562,594.9677
TrainTime(s),120.74350941181183,20.29209769130898
TestTime(s),3.6127898931503295,0.2285675968709747
