Metric,Mean,STD
MAE,0.6907031297683716,0.099520154
MSE,0.7926308155059815,0.23619957
RMSE,0.8814307689666748,0.12534195
MAPE,5.707638549804687,1.524325
MSPE,2182.744763183594,984.754
TrainTime(s),97.12300870418548,15.04063642150127
TestTime(s),3.76474769115448,0.07970203035328152
