Metric,Mean,STD
MAE,0.6936594605445862,0.07644016
MSE,0.7976815730333329,0.15731004
RMSE,0.8884882092475891,0.09094113
MAPE,5.7036123991012575,1.3505793
MSPE,2244.6044006347656,744.0005
TrainTime(s),98.19659605026246,11.118144733966737
TestTime(s),3.6730173349380495,0.14504367644056199
