Metric,Mean,STD
MAE,0.6989220261573792,0.10316226
MSE,0.8238199710845947,0.21825887
RMSE,0.8996744751930237,0.12002426
MAPE,5.447959637641906,1.0465686
MSPE,2305.081982421875,721.65
TrainTime(s),104.56661939620972,17.264037874815102
TestTime(s),3.679458165168762,0.07486483995144061
