Metric,Mean,STD
MAE,0.6426256328821183,0.09256779
MSE,0.6939518541097641,0.17144048
RMSE,0.8268388569355011,0.10143655
MAPE,5.254613971710205,1.8064692
MSPE,2097.275775146484,843.9706
TrainTime(s),97.92166099548339,13.662284935685488
TestTime(s),3.582917332649231,0.41501225744500586
