Metric,Mean,STD
MAE,0.8018734157085419,0.14461945
MSE,1.0921643793582916,0.35411057
RMSE,1.0303687930107117,0.1746555
MAPE,6.93839955329895,1.897024
MSPE,3604.77099609375,1097.0686
TrainTime(s),106.74955809116364,16.26808529532613
TestTime(s),3.7963802099227903,0.14500209849094295
