Metric,Mean,STD
MAE,0.6240872472524643,0.12784733
MSE,0.6977536767721176,0.30568114
RMSE,0.8197919249534606,0.16029634
MAPE,5.1857215642929075,1.8018177
MSPE,2164.185595703125,1083.7229
TrainTime(s),107.8301547050476,21.234974603154622
TestTime(s),3.766280746459961,0.13091296864913482
