Metric,Mean,STD
MAE,0.6380530774593354,0.09755764
MSE,0.7278918504714966,0.21339491
RMSE,0.8437488555908204,0.1264109
MAPE,4.884696364402771,1.3614279
MSPE,2328.790905761719,1098.5109
TrainTime(s),95.24376692771912,9.99187188187087
TestTime(s),3.7540505170822143,0.08598890975230118
