Metric,Mean,STD
MAE,0.6921013057231903,0.06280122
MSE,0.7877809047698975,0.13365401
RMSE,0.884362918138504,0.075386524
MAPE,5.6294029474258425,1.3175614
MSPE,2117.10517578125,657.2705
TrainTime(s),100.54200501441956,16.02664129711525
TestTime(s),3.771363139152527,0.1391338108632493
