Metric,Mean,STD
MAE,0.5840725094079972,0.07169833
MSE,0.5886419147253037,0.13880017
RMSE,0.7622389197349548,0.08737134
MAPE,4.288720822334289,0.59323174
MSPE,1556.730291748047,293.69006
TrainTime(s),101.52957484722137,14.999094615893869
TestTime(s),3.8248714923858644,0.11465595613787541
