Metric,Mean,STD
MAE,0.6975958615541458,0.11361557
MSE,0.8279498517513275,0.2473112
RMSE,0.8988442897796631,0.14152312
MAPE,5.9446505308151245,2.1125884
MSPE,2397.0200805664062,1118.6012
TrainTime(s),102.10992207527161,13.115326199211353
TestTime(s),3.75121693611145,0.11133799837170322
