Metric,Mean,STD
MAE,0.7183955311775208,0.11062085
MSE,0.8805192559957504,0.28323793
RMSE,0.9263873517513275,0.14941803
MAPE,6.112478756904602,1.7659897
MSPE,3324.204699707031,1924.4567
TrainTime(s),96.34436588287353,14.638699253978299
TestTime(s),3.719928193092346,0.33223796366725894
