Metric,Mean,STD
MAE,0.7370242297649383,0.0816173
MSE,0.9034685313701629,0.17410173
RMSE,0.9460110068321228,0.09236716
MAPE,5.902697277069092,1.2818279
MSPE,2583.9930908203123,937.81726
TrainTime(s),119.57858009338379,29.204524626887903
TestTime(s),3.714319849014282,0.08071431011175093
