Metric,Mean,STD
MAE,0.7036289274692535,0.08476678
MSE,0.8646503865718842,0.18576832
RMSE,0.9239337384700775,0.10486579
MAPE,5.620787215232849,1.4119552
MSPE,2604.5000854492187,1056.3965
TrainTime(s),100.8715600013733,21.019815571309607
TestTime(s),3.7675483226776123,0.13607201331669047
