Metric,Mean,STD
MAE,0.7371961593627929,0.065766625
MSE,0.8710171937942505,0.14366738
RMSE,0.930191034078598,0.07590675
MAPE,5.617944955825806,0.8236518
MSPE,2526.6022705078126,622.73846
TrainTime(s),123.99743049144745,19.550250035852432
TestTime(s),3.8207407236099242,0.09723708170634641
