Metric,Mean,STD
MAE,0.7051410734653473,0.07713539
MSE,0.835905659198761,0.16413462
RMSE,0.9099928379058838,0.088423416
MAPE,5.733062124252319,1.5192546
MSPE,2619.238232421875,747.04645
TrainTime(s),104.16447575092316,16.1670234778348
TestTime(s),3.7609684467315674,0.1037034923554675
