Metric,Mean,STD
MAE,0.7490935087203979,0.09598064
MSE,0.9207672297954559,0.24582611
RMSE,0.9512201905250549,0.12628308
MAPE,6.615130758285522,1.6207057
MSPE,2722.0205078125,1102.075
TrainTime(s),101.50533809661866,15.09536318335008
TestTime(s),3.814738631248474,0.16676912206259228
