Metric,Mean,STD
MAE,0.5819345653057099,0.07033444
MSE,0.5828170835971832,0.13359018
RMSE,0.758853268623352,0.08341941
MAPE,4.010653829574585,1.1389686
MSPE,1753.1048889160156,1130.0775
TrainTime(s),98.41096210479736,10.069187677686553
TestTime(s),3.642360067367554,0.29478021345225364
