Metric,Mean,STD
MAE,0.7282406270503998,0.09543767
MSE,0.8993512630462647,0.21953131
RMSE,0.941108226776123,0.1169041
MAPE,6.518360614776611,1.7628889
MSPE,2784.129345703125,1080.8329
TrainTime(s),98.49940538406372,12.081935796098376
TestTime(s),3.7581467390060426,0.06669243875581726
