Metric,Mean,STD
MAE,0.6883013546466827,0.094142474
MSE,0.7840779900550843,0.19549008
RMSE,0.8789532124996186,0.1073278
MAPE,5.809122323989868,1.2160808
MSPE,2315.0835083007814,874.7939
TrainTime(s),97.77771365642548,14.577366946906276
TestTime(s),3.6114619255065916,0.3663703929445982
