Metric,Mean,STD
MAE,0.77160804271698,0.129888
MSE,1.0538578569889068,0.36379257
RMSE,1.012981754541397,0.16651078
MAPE,6.624625325202942,2.0558121
MSPE,3351.091418457031,1313.937
TrainTime(s),113.29015951156616,17.926433322874693
TestTime(s),3.606619715690613,0.4264895937433959
