Metric,Mean,STD
MAE,0.6103372275829315,0.06566756
MSE,0.6447585105895997,0.14516023
RMSE,0.7984723746776581,0.08485503
MAPE,5.044595384597779,1.0096759
MSPE,1986.1944213867187,559.3216
TrainTime(s),107.17901351451874,18.68276486386243
TestTime(s),3.6983473777770994,0.12802484428966326
