Metric,Mean,STD
MAE,0.7012203872203827,0.07369049
MSE,0.8106398493051529,0.1610204
RMSE,0.895573490858078,0.092671335
MAPE,6.068323349952697,1.2018812
MSPE,2362.814416503906,466.35104
TrainTime(s),95.63999772071838,15.077701058908701
TestTime(s),3.622771453857422,0.43966067617188415
