Metric,Mean,STD
MAE,0.7358412384986878,0.11002002
MSE,0.8992063879966736,0.21779086
RMSE,0.9412156879901886,0.11540993
MAPE,6.222755193710327,1.7522775
MSPE,2918.6195556640623,1121.4534
TrainTime(s),101.56190521717072,15.275801875587762
TestTime(s),3.762429451942444,0.09969528970457138
