Metric,Mean,STD
MAE,0.6808556616306305,0.06547214
MSE,0.7750542879104614,0.13928053
RMSE,0.8765434622764587,0.082011245
MAPE,5.754320693016052,1.3279692
MSPE,2373.41103515625,781.1012
TrainTime(s),113.20771472454071,20.183050120271925
TestTime(s),3.6250766277313233,0.34609499417578077
