Metric,Mean,STD
MAE,0.7200159311294556,0.09039356
MSE,0.8760806024074554,0.23799258
RMSE,0.9282504022121429,0.12013234
MAPE,6.1989748001098635,1.6501617
MSPE,2748.238146972656,1191.7622
TrainTime(s),98.44646713733673,11.573726328940868
TestTime(s),3.695622706413269,0.2206461909056282
