Metric,Mean,STD
MAE,0.6271399289369584,0.11310353
MSE,0.6902846336364746,0.25614685
RMSE,0.8169646739959717,0.15117331
MAPE,5.0376139163970945,1.836204
MSPE,1851.7167541503907,931.0525
TrainTime(s),99.37821621894837,17.73404087953691
TestTime(s),3.507473587989807,0.5405349639494622
