Metric,Mean,STD
MAE,0.6411162585020065,0.09206737
MSE,0.7301490724086761,0.18878251
RMSE,0.8468971312046051,0.11364121
MAPE,4.61832480430603,1.4795843
MSPE,1995.456689453125,794.243
TrainTime(s),95.0413097858429,11.421006463465439
TestTime(s),3.8070629596710206,0.1468002151813836
