Metric,Mean,STD
MAE,0.6107218384742736,0.071978055
MSE,0.6371849268674851,0.13634863
RMSE,0.7933785021305084,0.0879516
MAPE,4.56090943813324,0.85325253
MSPE,2112.873388671875,632.0845
TrainTime(s),109.84335498809814,24.978929867312054
TestTime(s),3.745799255371094,0.08589512447802018
