Metric,Mean,STD
MAE,0.7653759300708771,0.043949857
MSE,0.9614500641822815,0.12981409
RMSE,0.9782927811145783,0.06628219
MAPE,6.4912372589111325,1.035605
MSPE,2784.7777709960938,599.522
TrainTime(s),104.54535002708435,17.515268137181828
TestTime(s),3.6849602460861206,0.18522031068660183
