Metric,Mean,STD
MAE,0.7814996659755706,0.087735794
MSE,1.0498878598213195,0.23524183
RMSE,1.0189594864845275,0.107747
MAPE,7.089303302764892,1.420525
MSPE,3377.691760253906,1052.8439
TrainTime(s),96.6582747220993,14.95188020023745
TestTime(s),3.7794447422027586,0.18471580702643997
