Metric,Mean,STD
MAE,0.6515604496002197,0.055182975
MSE,0.7087173730134964,0.09815067
RMSE,0.8396602630615234,0.060729116
MAPE,5.26109631061554,1.0089402
MSPE,1999.1203247070312,545.1968
TrainTime(s),101.67058682441711,18.371048049180445
TestTime(s),3.7233735084533692,0.06329461024867741
