Metric,Mean,STD
MAE,0.790849107503891,0.15491101
MSE,1.0793576002120973,0.4154571
RMSE,1.019948810338974,0.1976411
MAPE,6.910178565979004,2.9397316
MSPE,3680.283575439453,2281.6472
TrainTime(s),107.4672348022461,24.42458059063507
TestTime(s),3.626756429672241,0.37079551530877985
