Metric,Mean,STD
MAE,0.6391049981117248,0.07866468
MSE,0.7051074385643006,0.17225562
RMSE,0.8337255895137787,0.100045435
MAPE,5.184851789474488,1.3635925
MSPE,2045.6404174804688,1006.8191
TrainTime(s),101.29742007255554,13.79314403353347
TestTime(s),3.745915651321411,0.09433249860356341
