Metric,Mean,STD
MAE,0.6397095382213592,0.06821874
MSE,0.6983043253421783,0.134005
RMSE,0.831689965724945,0.08121659
MAPE,4.7325725793838505,1.509893
MSPE,1891.6591369628907,777.87964
TrainTime(s),109.4757265806198,16.09011709674832
TestTime(s),3.745138478279114,0.23213975091910993
