Metric,Mean,STD
MAE,0.6402327060699463,0.077492304
MSE,0.6908204764127731,0.15678085
RMSE,0.8257930159568787,0.09426752
MAPE,5.170046091079712,1.2795403
MSPE,2295.9327392578125,754.3884
TrainTime(s),103.63384912014007,16.2712412421044
TestTime(s),3.7233158111572267,0.2178001596676302
