Metric,Mean,STD
MAE,0.7625472903251648,0.14707968
MSE,1.0234235942363739,0.34761035
RMSE,0.997395396232605,0.16919222
MAPE,6.492120218276978,2.269611
MSPE,3648.1295776367188,1456.6211
TrainTime(s),99.88381583690644,15.805852590635952
TestTime(s),3.692513418197632,0.20464024657829458
