Metric,Mean,STD
MAE,0.6779022425413131,0.11999369
MSE,0.767069959640503,0.2379778
RMSE,0.865319836139679,0.13524617
MAPE,5.5139590978622435,1.4738386
MSPE,2263.3748474121094,914.74677
TrainTime(s),104.51386442184449,14.96769583538089
TestTime(s),3.7694421768188477,0.18884999090974658
