Metric,Mean,STD
MAE,0.6712542653083802,0.055607956
MSE,0.7348767757415772,0.12057111
RMSE,0.854352080821991,0.07042232
MAPE,5.863745093345642,1.1040465
MSPE,2039.0329833984374,480.27945
TrainTime(s),94.66633880138397,13.184119795880271
TestTime(s),3.5882123708724976,0.5454691162040943
