Metric,Mean,STD
MAE,0.7463154852390289,0.104595244
MSE,0.9283479630947113,0.29419324
RMSE,0.9533153057098389,0.13977806
MAPE,6.178195571899414,2.0195386
MSPE,2675.8899169921874,1252.6481
TrainTime(s),99.01669049263,10.426728325166765
TestTime(s),3.673219990730286,0.5042840961073715
