Metric,Mean,STD
MAE,0.6901085644960403,0.096788585
MSE,0.8361456990242004,0.2242041
RMSE,0.9061409890651703,0.12269563
MAPE,6.027996850013733,1.907998
MSPE,2498.0593505859374,940.4954
TrainTime(s),119.64974989891053,22.803957755590982
TestTime(s),3.688042736053467,0.10317594861520517
