Metric,Mean,STD
MAE,0.6439951211214066,0.11531285
MSE,0.7150316685438156,0.2343245
RMSE,0.8347406804561615,0.13505433
MAPE,5.162306141853333,1.3840159
MSPE,2332.197406005859,1022.6648
TrainTime(s),96.4950843334198,13.16119801208021
TestTime(s),3.727597403526306,0.13336266094172167
