Metric,Mean,STD
MAE,0.7105603516101837,0.085533425
MSE,0.8367316722869873,0.20317923
RMSE,0.9078765869140625,0.111766666
MAPE,6.33894190788269,1.4057565
MSPE,2507.5189697265623,892.844
TrainTime(s),92.7293915271759,13.688729614657241
TestTime(s),3.7801655769348144,0.16246733728942206
