Metric,Mean,STD
MAE,0.6839120149612427,0.10068926
MSE,0.8042825132608413,0.24904206
RMSE,0.886868679523468,0.13321579
MAPE,6.238319945335388,1.6712205
MSPE,2846.239782714844,840.89795
TrainTime(s),99.77447590827941,14.9818353613114
TestTime(s),3.695825386047363,0.1174739697339398
