Metric,Mean,STD
MAE,0.6594395846128464,0.10298368
MSE,0.7422905147075654,0.2214495
RMSE,0.8520131528377533,0.12792216
MAPE,5.332582020759583,1.5805217
MSPE,2040.1781494140625,1063.4365
TrainTime(s),99.4463504076004,19.6198630980938
TestTime(s),3.7501710653305054,0.10175140121118073
