Metric,Mean,STD
MAE,0.6828459680080414,0.06663812
MSE,0.786691427230835,0.14688073
RMSE,0.8831258714199066,0.08234146
MAPE,5.695469689369202,1.5023968
MSPE,2453.6348266601562,862.57495
TrainTime(s),110.38255741596222,17.89046319612957
TestTime(s),3.5811912536621096,0.12820166628990926
