Metric,Mean,STD
MAE,0.6427848279476166,0.08226083
MSE,0.7049166262149811,0.15601459
RMSE,0.8345857381820678,0.09156022
MAPE,5.5607990026474,1.2887162
MSPE,2260.7497436523436,699.5885
TrainTime(s),102.89761753082276,17.160671816937946
TestTime(s),3.670284056663513,0.1918414587644311
