Metric,Mean,STD
MAE,0.6718862533569336,0.111541554
MSE,0.7587066650390625,0.22631867
RMSE,0.8615568578243256,0.1281656
MAPE,5.327718019485474,1.6399617
MSPE,2040.3669921875,770.569
TrainTime(s),96.6830926656723,10.778086595779607
TestTime(s),3.772601366043091,0.09510398241114403
