Metric,Mean,STD
MAE,0.8301417708396912,0.09238355
MSE,1.2028910517692566,0.2362905
RMSE,1.091367095708847,0.10866899
MAPE,6.962939882278443,1.7411418
MSPE,4252.981958007813,1180.8308
TrainTime(s),119.01189584732056,16.620623920551758
TestTime(s),3.5269160747528074,0.4359050330718154
