Metric,Mean,STD
MAE,0.7583844542503357,0.098510936
MSE,0.9492289781570434,0.21042101
RMSE,0.9674273133277893,0.11538375
MAPE,6.3803345441818236,1.7365872
MSPE,3006.2456176757814,1544.5154
TrainTime(s),103.06666271686554,16.756870375862338
TestTime(s),3.6105709791183473,0.35430096157969676
