Metric,Mean,STD
MAE,0.6550240337848663,0.06300912
MSE,0.709362930059433,0.1262986
RMSE,0.8386022627353669,0.078161284
MAPE,4.894072198867798,1.2425464
MSPE,1888.436328125,646.5007
TrainTime(s),103.559645485878,15.569053650186046
TestTime(s),3.7502779722213746,0.1743433917069763
