Metric,Mean,STD
MAE,0.7477394938468933,0.07297398
MSE,0.9150246441364288,0.20575632
RMSE,0.9505010128021241,0.10757548
MAPE,6.417322731018066,1.5011727
MSPE,2832.3262451171877,1041.8904
TrainTime(s),97.33188683986664,13.616344752796486
TestTime(s),4.157055974006653,1.0853475411830729
