Metric,Mean,STD
MAE,0.7591007888317108,0.054155488
MSE,0.9375663816928863,0.121399894
RMSE,0.966265058517456,0.062435485
MAPE,6.5873548030853275,1.2235191
MSPE,2498.5317260742186,798.5274
TrainTime(s),102.05723457336425,21.81067006718034
TestTime(s),3.698082375526428,0.11649630159670106
