Metric,Mean,STD
MAE,0.5754251211881638,0.07791073
MSE,0.5859993994235992,0.15983881
RMSE,0.7583540499210357,0.10439606
MAPE,4.226191353797913,1.1582135
MSPE,1498.1253173828125,496.77426
TrainTime(s),106.76455645561218,33.33207329126953
TestTime(s),3.6531401872634888,0.39347967946039253
