Metric,Mean,STD
MAE,0.6641417682170868,0.060218185
MSE,0.7246786594390869,0.13624156
RMSE,0.8475173473358154,0.07995623
MAPE,5.127304601669311,0.6453507
MSPE,1948.17333984375,549.91736
TrainTime(s),105.25844457149506,18.269985933530634
TestTime(s),3.772418189048767,0.11313932030570709
