Metric,Mean,STD
MAE,0.7512746512889862,0.07814846
MSE,0.9809994339942932,0.19229381
RMSE,0.9854910969734192,0.099028945
MAPE,5.673304629325867,1.5041339
MSPE,3003.792526245117,1078.3729
TrainTime(s),100.58781411647797,16.270902087749164
TestTime(s),3.59684579372406,0.24101775053112173
