Metric,Mean,STD
MAE,0.6704218208789825,0.08731647
MSE,0.7939659833908081,0.20045555
RMSE,0.8835975289344787,0.11498435
MAPE,5.271398758888244,1.3444543
MSPE,2248.1240112304686,1017.06036
TrainTime(s),94.80557019710541,15.291555797626609
TestTime(s),3.5434196472167967,0.4131249199342549
