Metric,Mean,STD
MAE,0.679244875907898,0.09903283
MSE,0.7851959466934204,0.19816935
RMSE,0.8783963263034821,0.11668704
MAPE,5.2213976860046385,1.4337406
MSPE,2328.0037841796875,804.0809
TrainTime(s),104.87463097572326,17.714521542102485
TestTime(s),3.624586343765259,0.2750535613208565
