Metric,Mean,STD
MAE,0.5829632461071015,0.07350749
MSE,0.6003212809562684,0.13426955
RMSE,0.7702069044113159,0.08427696
MAPE,4.2025511264801025,0.98699194
MSPE,1658.4440063476563,483.51578
TrainTime(s),116.62232613563538,25.27039784364355
TestTime(s),3.7065626621246337,0.15901154314850516
