Metric,Mean,STD
MAE,0.7062550246715545,0.09355327
MSE,0.854764187335968,0.21355072
RMSE,0.9176662623882293,0.112484805
MAPE,5.492586445808411,1.4962236
MSPE,2454.337512207031,956.98456
TrainTime(s),90.98521354198456,6.13122541365564
TestTime(s),3.702164125442505,0.1321174041112022
