Metric,Mean,STD
MAE,0.6436844348907471,0.09349806
MSE,0.7081653714179993,0.192861
RMSE,0.833724421262741,0.11431964
MAPE,5.061913561820984,1.4037331
MSPE,1945.1439697265625,791.91925
TrainTime(s),97.93405475616456,14.898982711027726
TestTime(s),3.587459111213684,0.15505409602078332
