Metric,Mean,STD
MAE,0.7093702733516694,0.080580436
MSE,0.8634392738342285,0.17590404
RMSE,0.9246934592723847,0.09154927
MAPE,6.0494190692901615,1.3855193
MSPE,2767.7361083984374,825.4568
TrainTime(s),101.49274175167083,18.06012611975751
TestTime(s),3.7267255544662476,0.15911727859131175
