Metric,Mean,STD
MAE,0.6882954478263855,0.0834066
MSE,0.8259667366743088,0.21118186
RMSE,0.9012142956256867,0.11738626
MAPE,5.236774230003357,1.4593277
MSPE,2604.525286865234,1378.2074
TrainTime(s),99.52103765010834,16.4019153901951
TestTime(s),3.656153440475464,0.22990788847831825
