Metric,Mean,STD
MAE,0.6640047371387482,0.09531628
MSE,0.7400922745466232,0.1906356
RMSE,0.8524082660675049,0.11615683
MAPE,5.159224200248718,1.3527377
MSPE,1749.8860717773437,759.385
TrainTime(s),105.95414681434632,21.374892143191047
TestTime(s),3.7623852729797362,0.12719040215044905
