Metric,Mean,STD
MAE,0.6741155207157135,0.08283049
MSE,0.757908895611763,0.1631327
RMSE,0.8653744995594025,0.09505719
MAPE,5.554066920280457,1.0135845
MSPE,2294.140270996094,640.6947
TrainTime(s),104.21547701358796,23.546435691030307
TestTime(s),3.6984323978424074,0.18334767613411312
