Metric,Mean,STD
MAE,0.5623930245637894,0.057648122
MSE,0.5607222080230713,0.09848378
RMSE,0.7459524154663086,0.06540036
MAPE,3.4513054847717286,0.68153626
MSPE,1339.3472534179687,449.34586
TrainTime(s),100.07986414432526,15.09700514319213
TestTime(s),3.777848315238953,0.273667479184536
