Metric,Mean,STD
MAE,0.6864227294921875,0.11496808
MSE,0.7844648957252502,0.26215768
RMSE,0.8743281424045563,0.14147502
MAPE,5.447412061691284,1.9515003
MSPE,2007.3394958496094,1166.6167
TrainTime(s),93.97967369556427,10.042902514271667
TestTime(s),3.6812654733657837,0.07856336330644331
