Metric,Mean,STD
MAE,0.6468140304088592,0.071582966
MSE,0.6925876349210739,0.13437526
RMSE,0.8281323492527009,0.08236777
MAPE,4.963955569267273,1.1773226
MSPE,2067.7343627929686,540.2503
TrainTime(s),106.77564945220948,16.609879343623746
TestTime(s),3.553305172920227,0.3065684104980793
