Metric,Mean,STD
MAE,0.6583310067653656,0.105439305
MSE,0.7421623557806015,0.22041133
RMSE,0.8514017641544342,0.13144346
MAPE,5.43047571182251,2.0007684
MSPE,2149.720324707031,902.5422
TrainTime(s),100.06301567554473,15.7610022557749
TestTime(s),3.6410434246063232,0.2686033340497285
