Metric,Mean,STD
MAE,0.7268384575843811,0.098171376
MSE,0.9062172055244446,0.27366385
RMSE,0.9415175557136536,0.140577
MAPE,6.346247005462646,1.7867345
MSPE,2816.8719848632813,1641.7456
TrainTime(s),93.43579976558685,10.358630902883181
TestTime(s),3.661181926727295,0.2470833728557258
