Metric,Mean,STD
MAE,0.7960415363311768,0.12546057
MSE,1.106753832101822,0.34546524
RMSE,1.0387554526329041,0.16655612
MAPE,7.347919893264771,2.2092624
MSPE,3799.162487792969,1514.8201
TrainTime(s),99.10179042816162,18.915320490727833
TestTime(s),3.726127338409424,0.091625954658587
