Metric,Mean,STD
MAE,0.6656518578529358,0.11073612
MSE,0.7461749166250229,0.23283118
RMSE,0.8540284216403962,0.12965475
MAPE,5.696995687484741,1.7910355
MSPE,2126.962054443359,922.852
TrainTime(s),100.67257344722748,14.487578800271802
TestTime(s),3.766964316368103,0.1969256260076137
