Metric,Mean,STD
MAE,0.6767267704010009,0.064948194
MSE,0.7731119930744171,0.14837143
RMSE,0.8754752218723297,0.08157904
MAPE,5.14816460609436,0.8126518
MSPE,2376.4453735351562,833.5955
TrainTime(s),102.11116375923157,20.694913404956544
TestTime(s),3.590024733543396,0.2532716925142578
