Metric,Mean,STD
MAE,0.7539092600345612,0.04581018
MSE,0.936390733718872,0.12005028
RMSE,0.9657003283500671,0.061754253
MAPE,6.87158169746399,1.0770227
MSPE,3102.8069458007812,767.1521
TrainTime(s),94.02324085235595,14.983568697723372
TestTime(s),3.494506573677063,0.4939200912985845
