Metric,Mean,STD
MAE,0.7475869953632355,0.08789993
MSE,0.9250377058982849,0.22757481
RMSE,0.9551204383373261,0.113060474
MAPE,6.845644807815551,1.4012684
MSPE,2907.7017578125,976.32697
TrainTime(s),104.0115341424942,18.131607640579205
TestTime(s),3.745054316520691,0.13839274913205446
