Metric,Mean,STD
MAE,0.6332452535629273,0.088176504
MSE,0.7024745374917984,0.18226911
RMSE,0.8313027024269104,0.1068192
MAPE,5.289870262145996,1.5691723
MSPE,2023.9753051757812,836.6658
TrainTime(s),112.18125267028809,13.100008746470385
TestTime(s),3.659170889854431,0.24041395089873124
