Metric,Mean,STD
MAE,0.6193381696939468,0.056930143
MSE,0.6442221015691757,0.107811585
RMSE,0.7996410965919495,0.0692548
MAPE,4.502778458595276,0.6856559
MSPE,1835.0645874023437,526.3804
TrainTime(s),94.91196129322051,9.81289590451578
TestTime(s),3.7265167236328125,0.14682519263080931
