Metric,Mean,STD
MAE,0.7062955975532532,0.13372013
MSE,0.8437117010354995,0.28370392
RMSE,0.905198472738266,0.15597251
MAPE,5.972350478172302,1.9141971
MSPE,2577.4126953125,1250.8983
TrainTime(s),102.37009351253509,14.216194139602594
TestTime(s),3.7208754301071165,0.1112360790985958
