Metric,Mean,STD
MAE,0.7611520230770111,0.09261932
MSE,0.9763412654399872,0.2413164
RMSE,0.9810309708118439,0.11798087
MAPE,6.653846788406372,0.88299567
MSPE,3057.6873291015627,621.2262
TrainTime(s),106.17567117214203,13.374053428324872
TestTime(s),3.75064594745636,0.15112603390353263
