Metric,Mean,STD
MAE,0.6545783579349518,0.12783569
MSE,0.7519549667835236,0.31474853
RMSE,0.8516849398612976,0.16305739
MAPE,5.046807384490966,1.4742806
MSPE,1907.2938415527344,645.58514
TrainTime(s),101.53690733909608,22.85876881535968
TestTime(s),3.5865285634994506,0.2860852219611818
