Metric,Mean,STD
MAE,0.6152215957641601,0.08798577
MSE,0.6638715326786041,0.17157078
RMSE,0.8075534164905548,0.10830059
MAPE,4.959117293357849,1.4723266
MSPE,2014.9459411621094,633.04535
TrainTime(s),96.55996675491333,17.68365532936552
TestTime(s),3.6183289527893066,0.31137605188809053
