Metric,Mean,STD
MAE,0.61849385201931,0.075167716
MSE,0.6516615867614746,0.13665019
RMSE,0.8023802518844605,0.08858615
MAPE,4.794057011604309,1.3491808
MSPE,1490.6945678710938,520.42065
TrainTime(s),102.93442282676696,17.32757088951716
TestTime(s),3.548666524887085,0.27362592218080134
