Metric,Mean,STD
MAE,0.35887335538864135,0.038544036
MSE,0.2459259882569313,0.045670263
RMSE,0.4938939452171326,0.044662792
MAPE,1.6581578850746155,0.23279819
MSPE,360.8740753173828,96.11706
TrainTime(s),525.3223912715912,90.12535318818834
TestTime(s),16.433612036705018,2.0695984974553103
