Metric,Mean,STD
MAE,0.36904178857803344,0.030127138
MSE,0.2598616167902946,0.033176243
RMSE,0.5087246745824814,0.03257024
MAPE,1.6906557202339172,0.37854657
MSPE,379.1581665039063,205.33987
TrainTime(s),591.791923546791,63.64395380068352
TestTime(s),14.877432084083557,3.2033465432865245
