Metric,Mean,STD
MAE,0.36673960387706755,0.021568377
MSE,0.2614155113697052,0.022909204
RMSE,0.5107946485280991,0.022457192
MAPE,1.7058473706245423,0.2773797
MSPE,351.12100982666016,142.90904
TrainTime(s),623.5659595012664,165.08686030306967
TestTime(s),13.37254376411438,2.0812858186442464
