Metric,Mean,STD
MAE,0.3524186432361603,0.027624916
MSE,0.24842996299266815,0.03752106
RMSE,0.4970512866973877,0.037013207
MAPE,1.5500977039337158,0.21871382
MSPE,279.1329376220703,60.23046
TrainTime(s),529.6374636888504,111.65887516184843
TestTime(s),9.834290146827698,1.1399004774865802
