Metric,Mean,STD
MAE,0.3507646590471268,0.03001468
MSE,0.2363797664642334,0.037663337
RMSE,0.4847723603248596,0.03708814
MAPE,1.6725335836410522,0.24520496
MSPE,374.11018524169924,151.54811
TrainTime(s),575.5573531627655,139.20209353762326
TestTime(s),17.093473291397096,2.165208517879599
