Metric,Mean,STD
MAE,0.34133045077323915,0.022113504
MSE,0.22450824230909347,0.024286004
RMSE,0.4731191545724869,0.025816638
MAPE,1.6550843596458436,0.32021222
MSPE,379.2363571166992,196.89622
TrainTime(s),510.92817509174347,128.56409520536786
TestTime(s),13.430047082901002,2.755924089065699
