Metric,Mean,STD
MAE,0.36157301664352415,0.04230667
MSE,0.2560768902301788,0.041813806
RMSE,0.5044811576604843,0.039694473
MAPE,1.6819924235343933,0.5363745
MSPE,431.6340393066406,510.87103
TrainTime(s),634.6949914932251,163.73586049764342
TestTime(s),9.753550744056701,1.9028822878373062
