Metric,Mean,STD
MAE,0.3515695333480835,0.032700114
MSE,0.23687083572149276,0.03669379
RMSE,0.48526962101459503,0.037205156
MAPE,1.6645736575126648,0.26435962
MSPE,365.8618530273437,193.48943
TrainTime(s),530.5257899045944,96.3979720488939
TestTime(s),12.78945620059967,2.4819297136864606
