Metric,Mean,STD
MAE,0.36901902258396146,0.023083346
MSE,0.25610809624195097,0.030519702
RMSE,0.5051418781280518,0.030655773
MAPE,1.8433414459228517,0.24262048
MSPE,495.58188781738284,183.48212
TrainTime(s),556.3090123414993,179.53133001420255
TestTime(s),15.222436165809631,2.9113244027843956
