Metric,Mean,STD
MAE,0.35011774599552153,0.031621385
MSE,0.23528335094451905,0.032476384
RMSE,0.48396083116531374,0.032638513
MAPE,1.745941734313965,0.31853974
MSPE,436.07987823486326,155.54893
TrainTime(s),525.1365787267684,133.62117162971137
TestTime(s),15.806930041313171,1.3456279850540358
