Metric,Mean,STD
MAE,0.40298199355602266,0.04553144
MSE,0.3124097615480423,0.059669502
RMSE,0.5564820796251297,0.05232079
MAPE,1.8923326134681702,0.51462775
MSPE,525.955110168457,524.69775
TrainTime(s),615.8666577100754,151.22686836492502
TestTime(s),10.34745876789093,1.9348344398473374
