Metric,Mean,STD
MAE,0.3528866976499557,0.020762922
MSE,0.23995412439107894,0.025879228
RMSE,0.48915799856185915,0.026049482
MAPE,1.5739752054214478,0.2442287
MSPE,280.40035552978514,96.09218
TrainTime(s),702.0659910917282,238.09705323674496
TestTime(s),14.999328470230102,2.763179601457948
