Metric,Mean,STD
MAE,0.3499037206172943,0.013743738
MSE,0.24274988770484923,0.015911924
RMSE,0.492432689666748,0.016122539
MAPE,1.535100555419922,0.15341143
MSPE,268.6260040283203,67.598694
TrainTime(s),642.7549837350846,105.09471921611532
TestTime(s),15.701690292358398,2.1654800956795834
