Metric,Mean,STD
MAE,0.3354148089885712,0.030369384
MSE,0.22046026289463044,0.035747558
RMSE,0.4679544597864151,0.03845628
MAPE,1.5529592871665954,0.16628055
MSPE,289.0291091918945,49.971302
TrainTime(s),566.0362584352494,153.36920185677494
TestTime(s),10.523170042037965,2.1687972171272745
