Metric,Mean,STD
MAE,0.38074682652950287,0.025767243
MSE,0.28092254102230074,0.032923594
RMSE,0.5290993601083755,0.031247482
MAPE,1.7548429131507874,0.18096755
MSPE,399.8298706054687,142.76889
TrainTime(s),554.3484822750091,64.15648933389099
TestTime(s),14.126734209060668,2.257156888733798
