Metric,Mean,STD
MAE,0.3475788325071335,0.029023867
MSE,0.23507220298051834,0.033539176
RMSE,0.4836433917284012,0.034077454
MAPE,1.617678201198578,0.1973515
MSPE,305.2932815551758,96.27201
TrainTime(s),529.9693063497543,125.63194956833289
TestTime(s),9.542401695251465,0.8145106799731564
