Metric,Mean,STD
MAE,0.3333026498556137,0.021707946
MSE,0.22178928405046464,0.022261426
RMSE,0.4703726053237915,0.023214117
MAPE,1.5727548599243164,0.23852666
MSPE,302.3135482788086,81.76713
TrainTime(s),514.9296394824981,187.27075985377365
TestTime(s),10.070023107528687,2.312072675869945
