Metric,Mean,STD
MAE,0.3657436013221741,0.0314721
MSE,0.2586986362934113,0.040782716
RMSE,0.5069962501525879,0.04066241
MAPE,1.560804843902588,0.16613719
MSPE,265.9954376220703,42.62525
TrainTime(s),562.3443883180619,148.07148758316958
TestTime(s),10.178603625297546,1.4591514313963632
