Metric,Mean,STD
MAE,0.349935245513916,0.031095458
MSE,0.23859311044216155,0.0377336
RMSE,0.4869967043399811,0.03777986
MAPE,1.616152048110962,0.20804821
MSPE,363.99031219482424,146.29634
TrainTime(s),673.9243258953095,286.1535380591507
TestTime(s),15.675104308128358,2.1403506050158696
