Metric,Mean,STD
MAE,0.3550399333238602,0.020138687
MSE,0.24830443859100343,0.024293607
RMSE,0.49770447909832,0.024386218
MAPE,1.6267336010932922,0.24629892
MSPE,352.3701400756836,208.87689
TrainTime(s),631.9383122205734,162.30301655554226
TestTime(s),12.649893093109132,2.8271191420164374
