Metric,Mean,STD
MAE,0.35121147632598876,0.025718696
MSE,0.24125188142061232,0.032323956
RMSE,0.4901111304759979,0.032294884
MAPE,1.643923270702362,0.29948694
MSPE,319.7120635986328,150.99582
TrainTime(s),544.6233993768692,133.55519053114327
TestTime(s),10.794252395629883,2.6865289303930693
