Metric,Mean,STD
MAE,0.3419061183929443,0.020781424
MSE,0.22633688598871232,0.025621817
RMSE,0.4749325454235077,0.027856136
MAPE,1.6181578516960144,0.28869677
MSPE,296.0946640014648,102.80975
TrainTime(s),594.8951999902725,147.8004441164148
TestTime(s),14.458216524124145,2.2039816849513776
