Metric,Mean,STD
MAE,0.3787794202566147,0.03565983
MSE,0.27925002872943877,0.05074562
RMSE,0.526312705874443,0.047381014
MAPE,1.7445860147476195,0.24722388
MSPE,364.4491470336914,122.16515
TrainTime(s),612.2813673973084,134.55298969939284
TestTime(s),13.597592663764953,1.7441353383848384
