Metric,Mean,STD
MAE,0.37146700620651246,0.0321665
MSE,0.2684125155210495,0.049131405
RMSE,0.5159978657960892,0.04646195
MAPE,1.6345138549804688,0.222525
MSPE,308.1284545898437,93.70688
TrainTime(s),518.7855270624161,120.51930679878384
TestTime(s),12.703970503807067,1.7425664251422783
