Metric,Mean,STD
MAE,0.3733874797821045,0.028405007
MSE,0.2648593202233315,0.034531713
RMSE,0.5135659366846085,0.03330687
MAPE,1.8967459559440614,0.47108328
MSPE,557.646842956543,401.40295
TrainTime(s),517.4090367555618,124.59892378548211
TestTime(s),15.228961443901062,2.648683138428046
