Metric,Mean,STD
MAE,0.3405210167169571,0.025417581
MSE,0.22654953300952912,0.030706517
RMSE,0.4749197602272034,0.0316348
MAPE,1.63859623670578,0.16155834
MSPE,309.470231628418,93.99187
TrainTime(s),501.3835884809494,113.51147225579335
TestTime(s),11.39844994544983,3.0427095618836963
