Metric,Mean,STD
MAE,0.3855848640203476,0.02476059
MSE,0.28519011437892916,0.029140858
RMSE,0.5333249390125274,0.027470404
MAPE,1.7217461109161376,0.27685332
MSPE,394.50006408691405,159.88538
TrainTime(s),589.0158564567566,123.06011223418713
TestTime(s),15.05442476272583,2.318226590726098
