Metric,Mean,STD
MAE,0.3911358594894409,0.04147776
MSE,0.29206242710351943,0.05801083
RMSE,0.5377164304256439,0.054069117
MAPE,1.833140003681183,0.25867775
MSPE,438.96282653808595,262.83188
TrainTime(s),568.547491979599,110.1175774827893
TestTime(s),13.228402972221375,2.0197064502096396
