Metric,Mean,STD
MAE,0.3471701115369797,0.03199849
MSE,0.23479012548923492,0.035532773
RMSE,0.48315716087818145,0.03673247
MAPE,1.6661187767982484,0.38923058
MSPE,312.42742309570315,153.78468
TrainTime(s),506.6448751211166,145.79299432679443
TestTime(s),14.022175097465515,3.2517844742149458
