Metric,Mean,STD
MAE,0.3537143707275391,0.027771672
MSE,0.2437928542494774,0.031525716
RMSE,0.4927235335111618,0.031880595
MAPE,1.630851411819458,0.280141
MSPE,335.01610107421874,229.86101
TrainTime(s),668.310942697525,91.61619493429053
TestTime(s),16.041904830932616,0.9471798046678759
