Metric,Mean,STD
MAE,0.34872242510318757,0.028555734
MSE,0.236460317671299,0.028071335
RMSE,0.48542011976242067,0.028768424
MAPE,1.6303518652915954,0.27636492
MSPE,347.0793167114258,130.38239
TrainTime(s),552.8314328193665,127.11610311359274
TestTime(s),15.226284217834472,2.1290856488439824
