Metric,Mean,STD
MAE,0.36076436638832093,0.021079924
MSE,0.24958206415176393,0.023428872
RMSE,0.49902690052986143,0.023541847
MAPE,1.629256820678711,0.09904832
MSPE,316.08583679199216,38.987934
TrainTime(s),590.6969993829728,119.56789081644743
TestTime(s),14.103457283973693,2.585797871405103
