Metric,Mean,STD
MAE,0.3511598318815231,0.023317013
MSE,0.2341896951198578,0.023621364
RMSE,0.48332778215408323,0.024165113
MAPE,1.800350022315979,0.4566798
MSPE,521.4782501220703,539.10114
TrainTime(s),540.4025350332261,115.86238083378294
TestTime(s),16.147648310661317,1.6857073073417599
