Metric,Mean,STD
MAE,0.3525379836559296,0.024896853
MSE,0.2454053595662117,0.029739916
RMSE,0.494482558965683,0.029872436
MAPE,1.5300572395324707,0.21352121
MSPE,292.7112747192383,96.79406
TrainTime(s),735.9035729646682,304.540549459301
TestTime(s),16.8234379529953,1.5714051919815764
