Metric,Mean,STD
MAE,0.3649261862039566,0.022459459
MSE,0.252019527554512,0.028869424
RMSE,0.5012047737836838,0.028518481
MAPE,1.7718800187110901,0.28340113
MSPE,412.7357452392578,244.13216
TrainTime(s),564.8596628665924,110.16120838521724
TestTime(s),15.260308694839477,1.9949706526174014
