Metric,Mean,STD
MAE,0.3514778405427933,0.035860326
MSE,0.24717536568641663,0.0494634
RMSE,0.49482508301734923,0.048202768
MAPE,1.447298038005829,0.18912388
MSPE,231.4555435180664,57.69479
TrainTime(s),515.2320907115936,106.97001979340568
TestTime(s),11.523108220100402,2.7265408108453553
