Metric,Mean,STD
MAE,0.35196363031864164,0.027082492
MSE,0.2406562864780426,0.033329237
RMSE,0.489366814494133,0.034298718
MAPE,1.5971340537071228,0.21929888
MSPE,310.82600555419924,112.84801
TrainTime(s),604.6158221960068,166.89883444976542
TestTime(s),15.160656523704528,2.4986873740332456
