Metric,Mean,STD
MAE,0.3634183585643768,0.029061086
MSE,0.25862507671117785,0.038023733
RMSE,0.5071564465761185,0.03764863
MAPE,1.6471821308135985,0.21730077
MSPE,314.63478393554686,109.31053
TrainTime(s),589.9711676120758,235.1241812948705
TestTime(s),8.955575203895568,0.1044431656468941
