Metric,Mean,STD
MAE,0.35947621464729307,0.024581013
MSE,0.24471616894006729,0.029287634
RMSE,0.49381503760814666,0.029374694
MAPE,1.7399554967880249,0.2925194
MSPE,367.2070510864258,130.60942
TrainTime(s),517.9976226091385,120.54060563373059
TestTime(s),14.138900804519654,2.073887805803828
