Metric,Mean,STD
MAE,0.3528398722410202,0.017680744
MSE,0.24515255987644197,0.022343861
RMSE,0.4945974379777908,0.022933364
MAPE,1.6114030599594116,0.27832928
MSPE,290.7255096435547,130.33136
TrainTime(s),681.5646600961685,142.5759204325762
TestTime(s),14.906923651695251,2.3268509324278988
