Metric,Mean,STD
MAE,0.35061727166175843,0.014577113
MSE,0.24154483824968337,0.019822774
RMSE,0.491057088971138,0.020193417
MAPE,1.506736660003662,0.17195183
MSPE,275.44279327392576,58.3469
TrainTime(s),496.7018814086914,106.06153132898193
TestTime(s),9.801124167442321,1.266539182894973
