Metric,Mean,STD
MAE,0.36431934833526614,0.023271982
MSE,0.25562386959791183,0.029915199
RMSE,0.504738038778305,0.029383356
MAPE,1.6621171712875367,0.24673189
MSPE,369.71701965332034,152.10744
TrainTime(s),635.5190336227417,117.13746726578933
TestTime(s),15.667791843414307,2.4208055155821855
