Metric,Mean,STD
MAE,0.3490558207035065,0.020696511
MSE,0.23598140180110933,0.022387816
RMSE,0.48524617254734037,0.022749767
MAPE,1.5679801106452942,0.19583666
MSPE,291.10391693115236,68.47088
TrainTime(s),585.3988941907883,172.92250656853136
TestTime(s),13.244529581069946,2.072451580273191
