Metric,Mean,STD
MAE,0.3546765834093094,0.020297306
MSE,0.2426958918571472,0.022036811
RMSE,0.4921282887458801,0.02248644
MAPE,1.5687942385673523,0.14219834
MSPE,296.6593505859375,79.28928
TrainTime(s),684.4660710334778,123.60948596556767
TestTime(s),15.359496068954467,2.419996281652104
