Metric,Mean,STD
MAE,0.36212778091430664,0.029316606
MSE,0.25080203264951706,0.03279849
RMSE,0.499751678109169,0.032408252
MAPE,1.6806351304054261,0.35591897
MSPE,322.93248291015624,134.1352
TrainTime(s),459.51153967380526,124.40243242463501
TestTime(s),10.713259553909301,2.681679096082349
