Metric,Mean,STD
MAE,0.3654118597507477,0.0251388
MSE,0.2576737582683563,0.035079174
RMSE,0.5064548999071121,0.034310143
MAPE,1.6857718348503112,0.4145813
MSPE,435.76062774658203,454.50568
TrainTime(s),596.7168973922729,123.90112733521815
TestTime(s),10.253207397460937,2.05396166318672
