Metric,Mean,STD
MAE,0.35893053412437437,0.018409586
MSE,0.24730341583490373,0.026434718
RMSE,0.49656430184841155,0.026968664
MAPE,1.7200445413589478,0.29768103
MSPE,379.0469039916992,139.54965
TrainTime(s),519.2305850982666,123.91156416019909
TestTime(s),9.625481271743775,0.8503741657420194
