Metric,Mean,STD
MAE,0.39530870914459226,0.04174159
MSE,0.2936715677380562,0.056612678
RMSE,0.5394666969776154,0.051451415
MAPE,1.7792864918708802,0.23327199
MSPE,369.15443420410156,89.04561
TrainTime(s),632.344434428215,158.9477343661535
TestTime(s),14.234252643585204,1.4186253394729047
