Metric,Mean,STD
MAE,0.3520291805267334,0.018355792
MSE,0.2369524747133255,0.01994105
RMSE,0.4863504827022552,0.020388331
MAPE,1.8056084394454956,0.29580122
MSPE,437.2234359741211,231.83885
TrainTime(s),509.19511942863465,99.47968066770562
TestTime(s),11.742605185508728,2.6661574109089323
