Metric,Mean,STD
MAE,0.3673175424337387,0.03578497
MSE,0.26257779598236086,0.0507995
RMSE,0.5101873606443406,0.047819
MAPE,1.6987940311431884,0.3233147
MSPE,356.0621856689453,164.05922
TrainTime(s),567.2656876087188,140.92759694038742
TestTime(s),13.424179625511169,1.7672207421991908
