Metric,Mean,STD
MAE,0.3463399261236191,0.021267721
MSE,0.23152841925621032,0.026029289
RMSE,0.4803942620754242,0.027381936
MAPE,1.6752692222595216,0.3508252
MSPE,414.7921508789062,364.2099
TrainTime(s),566.9705305576324,107.18418389507583
TestTime(s),14.903803443908691,2.2234529015715596
