Metric,Mean,STD
MAE,0.34873535931110383,0.018980812
MSE,0.23694194555282594,0.020688973
RMSE,0.486309626698494,0.021092575
MAPE,1.6580730319023131,0.27837697
MSPE,313.9524810791016,168.54465
TrainTime(s),583.236048579216,106.56536242453228
TestTime(s),11.105753183364868,3.190136722665226
