Metric,Mean,STD
MAE,0.37408462464809417,0.025667544
MSE,0.26241213381290435,0.03569601
RMSE,0.5111428767442703,0.033839196
MAPE,1.7867270588874817,0.22919415
MSPE,424.6198974609375,144.68672
TrainTime(s),536.6946103811264,114.66998718777778
TestTime(s),13.161900615692138,2.142411343132994
