Metric,Mean,STD
MAE,0.3704256355762482,0.024540914
MSE,0.26727294027805326,0.032924876
RMSE,0.5160082131624222,0.03175619
MAPE,1.7175836324691773,0.24410652
MSPE,380.3423568725586,111.86348
TrainTime(s),562.6720782518387,142.9893646163916
TestTime(s),12.899788570404052,2.3641226910080992
