Metric,Mean,STD
MAE,0.3564255475997925,0.030260364
MSE,0.24673380255699157,0.040697068
RMSE,0.49510190486907957,0.04009867
MAPE,1.7103350520133973,0.2568084
MSPE,353.47553100585935,134.58841
TrainTime(s),570.4208003044129,134.05041200462102
TestTime(s),14.127288603782654,2.8592725788258417
