Metric,Mean,STD
MAE,0.3911261737346649,0.036926877
MSE,0.2909993380308151,0.046381183
RMSE,0.5377902567386628,0.04220161
MAPE,1.8350437045097352,0.2767711
MSPE,417.6348602294922,149.04205
TrainTime(s),620.3160346984863,175.32990322591723
TestTime(s),13.51046335697174,2.5336737640740186
