Metric,Mean,STD
MAE,0.3571013599634171,0.03117753
MSE,0.2411750227212906,0.03779929
RMSE,0.489567294716835,0.038715508
MAPE,1.7597978472709657,0.2889248
MSPE,416.50200805664065,382.12372
TrainTime(s),612.7045178413391,144.1085597290425
TestTime(s),13.945050859451294,1.8506298406535133
