Metric,Mean,STD
MAE,0.34482177793979646,0.027588768
MSE,0.2282920926809311,0.033709656
RMSE,0.47656573057174684,0.034310218
MAPE,1.6560288786888122,0.22319642
MSPE,354.0420349121094,132.13513
TrainTime(s),550.2792695522309,124.83458771272944
TestTime(s),15.4967937707901,2.4732500982778154
