Metric,Mean,STD
MAE,0.3501604288816452,0.02093034
MSE,0.24136856496334075,0.024225347
RMSE,0.49068644642829895,0.024400318
MAPE,1.5313564658164978,0.1784126
MSPE,272.6810012817383,115.49601
TrainTime(s),565.2269938707352,130.71786843650125
TestTime(s),13.582420563697815,3.1895396951868746
