Metric,Mean,STD
MAE,0.36755337119102477,0.032654226
MSE,0.25696180015802383,0.042025678
RMSE,0.5050977289676666,0.042872813
MAPE,1.7910324692726136,0.21922982
MSPE,401.22385559082034,138.98634
TrainTime(s),613.402783870697,151.83168577302453
TestTime(s),16.370900297164916,2.1344213705306365
