Metric,Mean,STD
MAE,0.37386445701122284,0.033203937
MSE,0.26093124896287917,0.037735607
RMSE,0.5095625549554825,0.035738625
MAPE,1.79281986951828,0.31625792
MSPE,412.6233413696289,160.07689
TrainTime(s),557.5734682559967,144.17720416722284
TestTime(s),11.877580642700195,2.8680822276191678
