Metric,Mean,STD
MAE,0.35641297698020935,0.02944664
MSE,0.2436316579580307,0.031046586
RMSE,0.4925848960876465,0.03149247
MAPE,1.7088026523590087,0.34863776
MSPE,363.966064453125,206.47997
TrainTime(s),509.03026099205016,95.66155441317845
TestTime(s),12.634231543540954,3.9960162931906806
