Metric,Mean,STD
MAE,0.3391598403453827,0.020971918
MSE,0.22427273243665696,0.027687823
RMSE,0.4726410835981369,0.029717593
MAPE,1.6082148790359496,0.14567643
MSPE,283.20530090332034,74.42677
TrainTime(s),542.8389814853668,144.92080607644328
TestTime(s),10.530587768554687,2.2324260724198686
