Metric,Mean,STD
MAE,0.35645805597305297,0.027604265
MSE,0.23900519758462907,0.028817525
RMSE,0.48793438971042635,0.030417522
MAPE,1.7435948848724365,0.36322665
MSPE,409.98023986816406,251.96648
TrainTime(s),551.9913336515426,141.54041542877977
TestTime(s),12.067085433006287,1.7465192003521242
