Metric,Mean,STD
MAE,0.368613463640213,0.020745883
MSE,0.2648847669363022,0.024155116
RMSE,0.5141483277082444,0.023157421
MAPE,1.6401087284088134,0.22491598
MSPE,287.28039398193357,83.45968
TrainTime(s),695.7395119905472,239.3340308884851
TestTime(s),15.48568024635315,2.3408186957766484
