Metric,Mean,STD
MAE,0.3647054821252823,0.027770743
MSE,0.24924268424510956,0.03298543
RMSE,0.4981518119573593,0.032976616
MAPE,1.7919857025146484,0.29406464
MSPE,410.71893615722655,149.92134
TrainTime(s),492.8075931072235,70.80486072821871
TestTime(s),14.680881118774414,2.7777857285581096
