Metric,Mean,STD
MAE,0.3553625077009201,0.016608065
MSE,0.24805558770895003,0.019273592
RMSE,0.4976756125688553,0.01935411
MAPE,1.6081429719924927,0.25602928
MSPE,298.1450134277344,102.896095
TrainTime(s),649.7569653272628,178.58491914184225
TestTime(s),16.21041331291199,2.2410614946534637
