Metric,Mean,STD
MAE,0.3647038847208023,0.02617994
MSE,0.2545605942606926,0.033572398
RMSE,0.5034230142831803,0.03355381
MAPE,1.6629111170768738,0.2503292
MSPE,359.78343200683594,124.04248
TrainTime(s),591.7923443555832,120.92138292305943
TestTime(s),15.861983919143677,1.7280939235553883
