Metric,Mean,STD
MAE,0.35274923741817477,0.025781048
MSE,0.23399766236543657,0.033181023
RMSE,0.4825189381837845,0.034251038
MAPE,1.7103686332702637,0.30973104
MSPE,340.554296875,157.45692
TrainTime(s),371.9337275505066,134.62435800255733
TestTime(s),8.21219744682312,0.17474521766251402
