Metric,Mean,STD
MAE,0.37689149081707,0.026404573
MSE,0.27160780429840087,0.03514173
RMSE,0.5200972944498062,0.033265736
MAPE,1.7058743596076966,0.2575491
MSPE,377.51499938964844,182.77919
TrainTime(s),551.0065087795258,139.83967095462972
TestTime(s),14.144972801208496,1.9052645742503966
