Metric,Mean,STD
MAE,0.3723548948764801,0.028407756
MSE,0.2614534288644791,0.03739373
RMSE,0.5100534409284592,0.03604039
MAPE,1.7978516578674317,0.3214889
MSPE,415.0174926757812,171.97351
TrainTime(s),613.2981177568436,165.01338164206172
TestTime(s),14.073726391792297,2.113701257429815
