Metric,Mean,STD
MAE,0.3489839732646942,0.027775027
MSE,0.24191250652074814,0.03594494
RMSE,0.4905580937862396,0.035570562
MAPE,1.587124264240265,0.19620068
MSPE,309.46865234375,96.50618
TrainTime(s),581.4906393289566,154.75674346992562
TestTime(s),9.638912963867188,0.7945961947439338
