Metric,Mean,STD
MAE,0.33794457614421847,0.017960967
MSE,0.22549688518047334,0.020705817
RMSE,0.4743748247623444,0.021573307
MAPE,1.448196244239807,0.12023837
MSPE,254.1348617553711,56.864014
TrainTime(s),658.6842342615128,117.54885370874746
TestTime(s),15.973041033744812,2.16118535492943
