Metric,Mean,STD
MAE,0.35129704177379606,0.020986693
MSE,0.2378363847732544,0.029341785
RMSE,0.4867696464061737,0.029861318
MAPE,1.6383734583854674,0.20406975
MSPE,353.01551513671876,169.78284
TrainTime(s),379.2547954797745,76.95869840192206
TestTime(s),8.606138658523559,1.0653573544875428
