Metric,Mean,STD
MAE,0.3544095903635025,0.02199389
MSE,0.2379078060388565,0.025060048
RMSE,0.48707568645477295,0.02578922
MAPE,1.6460706353187562,0.28446046
MSPE,408.28258361816404,210.7697
TrainTime(s),534.3440327167511,113.54683768184869
TestTime(s),14.460025334358216,2.468474488120746
