Metric,Mean,STD
MAE,0.3669361650943756,0.037059594
MSE,0.2584730744361877,0.041425038
RMSE,0.5068000346422196,0.040333625
MAPE,1.7314581990242004,0.40086147
MSPE,348.1967086791992,134.51178
TrainTime(s),530.3089322328567,126.18172848762202
TestTime(s),13.061493635177612,2.607539699037914
