Metric,Mean,STD
MAE,0.36043720245361327,0.02328753
MSE,0.2509860351681709,0.030997004
RMSE,0.5000690996646882,0.030280905
MAPE,1.6823615193367005,0.17693046
MSPE,349.97001190185546,61.770203
TrainTime(s),583.4592679262162,144.95814024829886
TestTime(s),15.873441529273986,2.458789435570558
