Metric,Mean,STD
MAE,0.3703854501247406,0.04096705
MSE,0.2695193737745285,0.053282194
RMSE,0.5166321516036987,0.051093902
MAPE,1.7251535654067993,0.23006333
MSPE,376.6131591796875,112.582214
TrainTime(s),605.9707819700241,152.05550274388153
TestTime(s),14.977479338645935,1.9798697033941965
