Metric,Mean,STD
MAE,0.3501674681901932,0.027956782
MSE,0.23922678977251052,0.032155197
RMSE,0.48797671794891356,0.03324927
MAPE,1.5328376293182373,0.1979619
MSPE,265.96165924072267,63.371914
TrainTime(s),556.7791780471802,115.39118202058609
TestTime(s),10.968747472763061,2.3913293699381275
