Metric,Mean,STD
MAE,0.36252680122852327,0.026849264
MSE,0.25701977908611295,0.035432696
RMSE,0.5057701200246811,0.034876358
MAPE,1.7160444259643555,0.19455867
MSPE,352.8327911376953,179.39632
TrainTime(s),628.4571865320206,90.27451851015297
TestTime(s),15.624421572685241,1.7161041223148152
