Metric,Mean,STD
MAE,0.35315601229667665,0.020399438
MSE,0.24348770678043366,0.027226532
RMSE,0.49267494678497314,0.027551785
MAPE,1.630588161945343,0.34984702
MSPE,299.6488342285156,173.15099
TrainTime(s),624.5573471069335,178.43523992051323
TestTime(s),14.314976692199707,2.813300383933438
