Metric,Mean,STD
MAE,0.3420210093259811,0.017423313
MSE,0.22955294251441954,0.02584211
RMSE,0.47834174036979676,0.027241878
MAPE,1.5408475518226623,0.20108525
MSPE,308.820622253418,90.88704
TrainTime(s),561.9003061056137,126.84089465817055
TestTime(s),14.305546522140503,1.6972177411474516
