Metric,Mean,STD
MAE,0.3480974078178406,0.02133387
MSE,0.23396399170160292,0.022416286
RMSE,0.48314715921878815,0.023082843
MAPE,1.6778677821159362,0.40771434
MSPE,346.7680938720703,197.41266
TrainTime(s),636.0114223003387,212.50756762107744
TestTime(s),14.953736233711243,2.5881664518972314
