Metric,Mean,STD
MAE,0.38487195372581484,0.0313363
MSE,0.27423436641693116,0.043853056
RMSE,0.5219918042421341,0.041939482
MAPE,1.8873574018478394,0.26109675
MSPE,486.4898345947266,240.88997
TrainTime(s),571.5939676523209,111.54818501866751
TestTime(s),16.08886787891388,2.544164205786296
