Metric,Mean,STD
MAE,0.3501841306686401,0.031733967
MSE,0.2393162578344345,0.035945486
RMSE,0.4877201050519943,0.0380178
MAPE,1.5680673599243165,0.3017511
MSPE,276.1349075317383,108.25469
TrainTime(s),567.7922727108001,108.94319094605328
TestTime(s),12.990174555778504,2.2881370525329205
