Metric,Mean,STD
MAE,0.3647668421268463,0.034594536
MSE,0.25292392522096635,0.038805675
RMSE,0.5015627533197403,0.036861036
MAPE,1.7536430478096008,0.33747825
MSPE,409.4423324584961,232.00769
TrainTime(s),638.295527601242,97.49489349979714
TestTime(s),14.29042296409607,2.3326390248380235
