Metric,Mean,STD
MAE,0.38213641941547394,0.044952877
MSE,0.2812652960419655,0.06326519
RMSE,0.5275804787874222,0.054075234
MAPE,1.7925155758857727,0.22580577
MSPE,403.9057250976563,131.7473
TrainTime(s),692.8291486024857,140.27715963053225
TestTime(s),13.978861236572266,1.9955217826376264
