Metric,Mean,STD
MAE,0.3954655140638351,0.03737362
MSE,0.2975024774670601,0.048897263
RMSE,0.5434977144002915,0.045964196
MAPE,1.8481463313102722,0.28786027
MSPE,418.5735549926758,157.77237
TrainTime(s),661.4618450403214,121.25841018603451
TestTime(s),13.277491569519043,2.3829042706120758
