Metric,Mean,STD
MAE,0.34601265788078306,0.022299593
MSE,0.2359711855649948,0.028733755
RMSE,0.48483308851718904,0.030134106
MAPE,1.4631757616996766,0.1856927
MSPE,236.9878173828125,64.98387
TrainTime(s),598.4253091812134,120.84511079576288
TestTime(s),15.055031061172485,1.7340838351756382
