Metric,Mean,STD
MAE,0.3544746994972229,0.0142651135
MSE,0.24144020229578017,0.019622631
RMSE,0.49096913635730743,0.019735973
MAPE,1.6432121515274047,0.2860328
MSPE,297.7115051269531,133.83534
TrainTime(s),584.2144788980484,131.25791718878824
TestTime(s),14.528204965591431,2.9574594519341
