Metric,Mean,STD
MAE,0.3420667201280594,0.023355931
MSE,0.2283761754631996,0.026768623
RMSE,0.4770458459854126,0.02834487
MAPE,1.622561228275299,0.33369693
MSPE,333.46934814453124,173.7745
TrainTime(s),616.9187206029892,137.07889607893438
TestTime(s),14.916756057739258,2.3927335749618313
