Metric,Mean,STD
MAE,0.39955011308193206,0.042113602
MSE,0.30785213857889177,0.059096012
RMSE,0.5523459345102311,0.052593876
MAPE,1.6582704424858092,0.143282
MSPE,318.22316589355466,64.79799
TrainTime(s),649.3341873884201,153.43192450656687
TestTime(s),14.567363953590393,2.6497815205252784
