Metric,Mean,STD
MAE,0.3597195506095886,0.012668121
MSE,0.25304216593503953,0.016136557
RMSE,0.5027796447277069,0.015962087
MAPE,1.6341583847999572,0.30650187
MSPE,352.9826354980469,204.64523
TrainTime(s),593.9116898298264,167.3898519748511
TestTime(s),10.23017439842224,1.529036544093342
