Metric,Mean,STD
MAE,0.3491435617208481,0.016858324
MSE,0.2294611304998398,0.017260313
RMSE,0.4786809951066971,0.018045414
MAPE,1.8799678325653075,0.48614323
MSPE,498.64549560546874,400.38773
TrainTime(s),569.6004969835282,131.6263285141248
TestTime(s),15.911979055404663,1.7591949174359374
