Métrica,Valor
MAE,0.7216757893562317
MSE,0.8829560160636902
RMSE,0.9394941449165344
MAPE,11.80407428741455
MSPE,43868.487890625
