Metric,Mean,STD
MAE,0.612133339047432,0.09575785
MSE,0.6352792114019394,0.1637598
RMSE,0.7904290735721589,0.102474816
MAPE,4.756308054924011,1.428891
MSPE,2167.2297302246093,1150.3405
TrainTime(s),100.55517129898071,22.438968541495885
TestTime(s),2.6993674755096437,0.7956786576643167
