Metric,Mean,STD
MAE,0.7010091722011567,0.08177876
MSE,0.8380928575992584,0.2192206
RMSE,0.9087116956710816,0.111067176
MAPE,5.671009063720703,1.0314124
MSPE,2663.7512817382812,1044.9379
TrainTime(s),120.55113043785096,31.214020224723683
TestTime(s),3.846344542503357,0.44951606081514145
