Metric,Mean,STD
MAE,0.60059574842453,0.057838596
MSE,0.6213169723749161,0.12866051
RMSE,0.7842347502708436,0.079327404
MAPE,4.428626585006714,1.0465249
MSPE,1656.6726379394531,577.95
TrainTime(s),98.60938465595245,17.305848455684455
TestTime(s),2.9366073846817016,0.7400500645613758
