Metric,Mean,STD
MAE,0.615971252322197,0.1129242
MSE,0.665451979637146,0.22095391
RMSE,0.8047509670257569,0.13352098
MAPE,4.725108194351196,1.7154549
MSPE,2088.6123779296877,703.0898
TrainTime(s),101.21937336921692,13.384580312692675
TestTime(s),2.41531617641449,0.5672605991870497
