Metric,Mean,STD
MAE,0.6037842124700546,0.079560675
MSE,0.6469831258058548,0.17052291
RMSE,0.7970243692398071,0.10832953
MAPE,4.63221549987793,1.2779639
MSPE,1914.1790466308594,782.01776
TrainTime(s),105.86052865982056,19.3291505817051
TestTime(s),3.031256985664368,0.7020961635534041
