Metric,Mean,STD
MAE,0.727974408864975,0.0770802
MSE,0.9056780636310577,0.20371668
RMSE,0.9456714153289795,0.10669415
MAPE,6.457812356948852,1.4588025
MSPE,2987.138671875,1147.4166
TrainTime(s),106.78390152454377,21.177960750782795
TestTime(s),3.190943121910095,0.7527144027644781
