Metric,Mean,STD
MAE,0.6824813336133957,0.14830504
MSE,0.8340556114912033,0.35020515
RMSE,0.8952554821968078,0.18048055
MAPE,5.691300678253174,1.9478627
MSPE,2738.239227294922,1220.388
TrainTime(s),125.86165733337403,32.21570047558391
TestTime(s),3.471241855621338,1.0628488052227825
