Metric,Mean,STD
MAE,0.6996012270450592,0.11619819
MSE,0.8309336245059967,0.2457746
RMSE,0.9016081154346466,0.1342998
MAPE,6.230641603469849,1.630474
MSPE,2687.06455078125,838.63196
TrainTime(s),90.86341533660888,28.663599630626017
TestTime(s),2.2111819267272947,0.6364198828301402
