Metric,Mean,STD
MAE,0.6345890104770661,0.09430821
MSE,0.7125514209270477,0.21459396
RMSE,0.8348603904247284,0.12473795
MAPE,5.176712083816528,1.3444473
MSPE,2352.9016723632812,1056.2947
TrainTime(s),105.56178150177001,13.363899402066737
TestTime(s),3.188671827316284,0.9733173253649074
