Metric,Mean,STD
MAE,0.6624464690685272,0.05717984
MSE,0.7674496591091156,0.13302086
RMSE,0.8727386355400085,0.076006226
MAPE,5.11291241645813,1.1608953
MSPE,2600.596875,708.5704
TrainTime(s),108.3753814458847,28.36036025070657
TestTime(s),2.9577818632125856,0.7775782878883398
