Metric,Mean,STD
MAE,0.6450524628162384,0.08166021
MSE,0.7226895302534103,0.16447568
RMSE,0.844594556093216,0.0966931
MAPE,5.143736624717713,1.3101074
MSPE,2485.9165283203124,915.3788
TrainTime(s),107.2181785106659,12.263065440280991
TestTime(s),2.9490023612976075,0.8638180168142041
