Metric,Mean,STD
MAE,0.7071026146411896,0.09744686
MSE,0.8595997333526612,0.24179538
RMSE,0.9182513654232025,0.12811777
MAPE,5.964479446411133,1.2145877
MSPE,2701.1910034179687,1074.4078
TrainTime(s),94.74894833564758,13.797389893938174
TestTime(s),2.29108464717865,0.20958176843609547
