Metric,Mean,STD
MAE,0.6269586741924286,0.04283399
MSE,0.6609159886837006,0.064395785
RMSE,0.811956661939621,0.04052611
MAPE,4.801301431655884,0.6587268
MSPE,2113.117712402344,458.5968
TrainTime(s),104.65438416004181,11.918520631024773
TestTime(s),3.518863344192505,0.8580823562619588
