Metric,Mean,STD
MAE,0.6583312332630158,0.061018553
MSE,0.7426718950271607,0.13253343
RMSE,0.8582606971263885,0.07784899
MAPE,5.260841703414917,0.9582961
MSPE,2683.3053955078126,768.44904
TrainTime(s),104.55807495117188,16.455172524902355
TestTime(s),2.9406090259552,0.8179793220007004
