Metric,Mean,STD
MAE,0.6719705998897553,0.08385255
MSE,0.7648587644100189,0.19350927
RMSE,0.867826771736145,0.10833031
MAPE,5.1495243310928345,1.1983011
MSPE,2392.55771484375,954.7113
TrainTime(s),101.2477306842804,18.543053708237128
TestTime(s),3.2976863384246826,0.7900520090761198
