Metric,Mean,STD
MAE,0.6572648286819458,0.09745829
MSE,0.7488723486661911,0.20783514
RMSE,0.8577026486396789,0.11497173
MAPE,5.2842085599899296,1.7932357
MSPE,2525.903039550781,1017.66547
TrainTime(s),99.43061752319336,11.681034324386895
TestTime(s),2.771281933784485,0.6884406083339596
