Metric,Mean,STD
MAE,0.5820777177810669,0.06366282
MSE,0.5891577273607254,0.11972228
RMSE,0.7636550605297089,0.07738656
MAPE,4.086218595504761,1.3025713
MSPE,1476.5912841796876,643.0504
TrainTime(s),86.72474148273469,16.500435231107577
TestTime(s),2.0723610401153563,0.19924616411431034
