Metric,Mean,STD
MAE,0.5796656966209411,0.05969866
MSE,0.5873434484004975,0.12784988
RMSE,0.7623627960681916,0.07839909
MAPE,4.776048707962036,1.1379217
MSPE,2011.5759643554688,737.2241
TrainTime(s),79.06621894836425,7.561169778546357
TestTime(s),2.5583901166915894,0.6877048577156109
