Metric,Mean,STD
MAE,0.6579961985349655,0.10396045
MSE,0.7346338510513306,0.20327905
RMSE,0.8488088130950928,0.11898514
MAPE,5.449144506454468,1.5518178
MSPE,2672.6581787109376,936.59296
TrainTime(s),104.27800245285034,18.076979397014505
TestTime(s),3.3153523921966555,0.8528376466280434
