Metric,Mean,STD
MAE,0.6363981544971467,0.052631088
MSE,0.6910012423992157,0.10187366
RMSE,0.8290179014205933,0.06107819
MAPE,4.99957377910614,0.8509325
MSPE,2203.131481933594,514.97614
TrainTime(s),101.60156698226929,22.413224475960067
TestTime(s),2.427361989021301,0.26003956833494507
