Metric,Mean,STD
MAE,0.6476873159408569,0.0863731
MSE,0.7085108697414398,0.1733786
RMSE,0.835156935453415,0.10499412
MAPE,5.211427330970764,1.5025094
MSPE,2391.0427734375,1182.9562
TrainTime(s),96.63252122402191,12.824351883296291
TestTime(s),3.0401641368865966,0.677161975934405
