Metric,Mean,STD
MAE,0.644525557756424,0.042378798
MSE,0.713894248008728,0.09371159
RMSE,0.8430578410625458,0.05610453
MAPE,5.39839129447937,1.0142657
MSPE,2682.062548828125,581.39435
TrainTime(s),88.52424025535583,12.656718635662846
TestTime(s),2.331104803085327,0.08937877656328687
