Metric,Mean,STD
MAE,0.7503304719924927,0.09498145
MSE,0.9482072651386261,0.25203246
RMSE,0.9658985614776612,0.12347967
MAPE,6.6761151313781735,1.50854
MSPE,3143.34501953125,1118.0735
TrainTime(s),94.27019619941711,26.034432902490618
TestTime(s),2.785884380340576,1.007214586931012
