Metric,Mean,STD
MAE,0.6504127204418182,0.06851901
MSE,0.7170804679393769,0.14250956
RMSE,0.8422847270965577,0.08738942
MAPE,5.451765060424805,1.1296835
MSPE,2335.77978515625,569.64087
TrainTime(s),106.34912605285645,12.020042218446127
TestTime(s),3.379752445220947,0.9534710116971246
