Metric,Mean,STD
MAE,0.704639607667923,0.07436881
MSE,0.8664386034011841,0.20913316
RMSE,0.9243655562400818,0.10948477
MAPE,5.97025146484375,0.6851479
MSPE,3531.1474853515624,1082.6195
TrainTime(s),104.7865320444107,20.57806055017265
TestTime(s),2.855341076850891,0.525459664223119
