Metric,Mean,STD
MAE,0.6107418596744537,0.088890955
MSE,0.6242242902517319,0.15174478
RMSE,0.784230214357376,0.095954545
MAPE,4.784137511253357,1.1748161
MSPE,1991.7504760742188,745.84894
TrainTime(s),111.00160956382751,12.152429529157303
TestTime(s),3.8188299179077148,0.5935491130123954
