Metric,Mean,STD
MAE,0.6747194588184356,0.09496657
MSE,0.7820785641670227,0.21640216
RMSE,0.8759231209754944,0.12180832
MAPE,5.675684523582459,1.6370355
MSPE,2751.6302978515623,1157.5757
TrainTime(s),102.21347320079803,17.436184147529133
TestTime(s),2.678674030303955,0.6990924186336422
