Metric,Mean,STD
MAE,0.6368792623281478,0.072424926
MSE,0.6850820034742355,0.13860765
RMSE,0.8231853723526001,0.086300954
MAPE,5.231577372550964,1.246657
MSPE,2310.55400390625,674.8736
TrainTime(s),86.95511622428894,11.702553379860113
TestTime(s),2.4336577653884888,0.6745800659909513
