Metric,Mean,STD
MAE,0.7538250684738159,0.12595317
MSE,0.9724642097949981,0.31881988
RMSE,0.9734825551509857,0.15746717
MAPE,6.731692743301392,1.971716
MSPE,3474.0668823242186,1734.038
TrainTime(s),97.8558464050293,26.031561630855247
TestTime(s),2.759482717514038,0.5647854440407859
