Metric,Mean,STD
MAE,0.615167248249054,0.07436157
MSE,0.6498566627502441,0.14379418
RMSE,0.8016021549701691,0.0853852
MAPE,4.962114953994751,1.2527531
MSPE,2278.7112060546874,745.774
TrainTime(s),103.58693866729736,17.98342280172506
TestTime(s),3.118237590789795,0.9724152775535901
