Metric,Mean,STD
MAE,0.6511918604373932,0.07776499
MSE,0.7250147223472595,0.18241554
RMSE,0.8449497520923615,0.105236016
MAPE,5.229955768585205,1.0637515
MSPE,2443.91826171875,869.8277
TrainTime(s),106.08674471378326,14.870446825244885
TestTime(s),3.571829581260681,0.7799400398134332
