Metric,Mean,STD
MAE,0.6160854458808899,0.0645119
MSE,0.6462854236364365,0.10740414
RMSE,0.8010101675987243,0.068323776
MAPE,4.614819288253784,1.0674355
MSPE,2079.3514892578123,684.59064
TrainTime(s),100.17213637828827,12.073562807342268
TestTime(s),2.5872178792953493,0.30504895509184404
