Metric,Mean,STD
MAE,0.6442803263664245,0.087673016
MSE,0.6956753998994827,0.17609388
RMSE,0.8272291481494903,0.106617734
MAPE,5.1828927278518675,1.1208669
MSPE,2513.991076660156,1090.8513
TrainTime(s),84.34101786613465,10.763517833195532
TestTime(s),2.8416460514068604,0.9388147549611675
