Metric,Mean,STD
MAE,0.6310459911823273,0.077792645
MSE,0.680269306898117,0.15320083
RMSE,0.8190907299518585,0.09674546
MAPE,5.177886509895325,1.2861192
MSPE,2394.8958068847655,896.46716
TrainTime(s),98.08771657943726,13.50743495808458
TestTime(s),2.822901487350464,0.7141175342082241
