Metric,Mean,STD
MAE,0.6091898441314697,0.1018515
MSE,0.6359468042850495,0.19148372
RMSE,0.7888817965984345,0.116671786
MAPE,4.751297354698181,1.3709227
MSPE,1995.16650390625,621.0815
TrainTime(s),82.26184873580932,11.297931784337017
TestTime(s),2.13924720287323,0.5372642409799574
