Metric,Mean,STD
MAE,0.6354550302028656,0.08501875
MSE,0.6894081562757493,0.18815863
RMSE,0.8236416280269623,0.10498864
MAPE,5.173940896987915,1.3557134
MSPE,2439.0824951171876,848.7924
TrainTime(s),87.88198807239533,14.644670063643032
TestTime(s),2.3531405925750732,0.21497512762594204
