Metric,Mean,STD
MAE,0.6137721478939057,0.06795066
MSE,0.6483128517866135,0.14790978
RMSE,0.8005356252193451,0.08634561
MAPE,4.466022634506226,1.0327058
MSPE,2038.9933959960938,1016.25696
TrainTime(s),107.19540863037109,25.977776890199465
TestTime(s),2.7906519412994384,0.8679848361937368
