Metric,Mean,STD
MAE,0.634849002957344,0.084546365
MSE,0.6935653865337372,0.17798524
RMSE,0.8257017612457276,0.108544916
MAPE,5.1033556938171385,1.4072033
MSPE,2220.92041015625,720.45715
TrainTime(s),96.5259732246399,17.19962230252165
TestTime(s),2.583155703544617,0.699212582071832
