Metric,Mean,STD
MAE,0.6714101254940033,0.0831303
MSE,0.7581354737281799,0.1734412
RMSE,0.8646950721740723,0.102166034
MAPE,5.2561087846755985,1.3662442
MSPE,2590.7645874023438,1132.2389
TrainTime(s),102.3106510400772,16.195756103353506
TestTime(s),2.903140902519226,0.6902567549119095
