Metric,Mean,STD
MAE,0.7133342504501343,0.07474856
MSE,0.8747316658496856,0.21663904
RMSE,0.9288162410259246,0.10969073
MAPE,6.288695335388184,0.9173621
MSPE,2981.6033569335937,847.82367
TrainTime(s),103.82962641716003,22.408827586877116
TestTime(s),2.7471323728561403,0.7655371295226158
