Metric,Mean,STD
MAE,0.7280928671360016,0.111647636
MSE,0.9478972613811493,0.29686064
RMSE,0.9614819645881653,0.15313295
MAPE,6.087660121917724,1.747772
MSPE,3059.2645935058595,1289.8628
TrainTime(s),113.19339942932129,23.354012085389392
TestTime(s),3.1643490314483644,0.771995030633138
