Metric,Mean,STD
MAE,0.629694938659668,0.06335764
MSE,0.6770308375358581,0.12703893
RMSE,0.8195872366428375,0.07285315
MAPE,4.777231216430664,0.89919597
MSPE,1989.3415771484374,423.9665
TrainTime(s),100.53052322864532,16.077162991623258
TestTime(s),2.8216802358627318,0.9005668768485994
