Metric,Mean,STD
MAE,0.704617726802826,0.11995755
MSE,0.8643349438905716,0.24879545
RMSE,0.9201523900032044,0.13287035
MAPE,5.89947407245636,1.3292377
MSPE,2979.410546875,1197.973
TrainTime(s),117.21295270919799,43.87501234238489
TestTime(s),2.8026156187057496,0.8357302129288323
