Metric,Mean,STD
MAE,0.7141404867172241,0.10111929
MSE,0.8617438793182373,0.21371576
RMSE,0.9212246894836426,0.11440704
MAPE,6.241614770889282,1.1739619
MSPE,2782.2864379882812,677.9318
TrainTime(s),102.37725903987885,17.41099997589506
TestTime(s),2.9545822620391844,0.8731435606602166
