Metric,Mean,STD
MAE,0.6406080514192581,0.10891403
MSE,0.6806139647960663,0.1997902
RMSE,0.8157180488109589,0.123361304
MAPE,5.243118619918823,1.301731
MSPE,2382.1392211914062,988.408
TrainTime(s),92.0568874835968,5.834733374654919
TestTime(s),2.37756884098053,0.17392802837225046
