Metric,Mean,STD
MAE,0.6202265679836273,0.042658705
MSE,0.6505507349967956,0.08530321
RMSE,0.8048386156558991,0.052778196
MAPE,5.164039850234985,1.002112
MSPE,2025.475244140625,356.95547
TrainTime(s),87.35832183361053,12.887399562155716
TestTime(s),2.7719466209411623,0.7489643096991284
