Metric,Mean,STD
MAE,0.695147305727005,0.06428646
MSE,0.8041932582855225,0.14011575
RMSE,0.8935532033443451,0.075867794
MAPE,5.839891862869263,1.058946
MSPE,2692.604345703125,777.7892
TrainTime(s),102.63740715980529,8.677434654034032
TestTime(s),3.3501808643341064,0.6874092496344716
