Metric,Mean,STD
MAE,0.6333539009094238,0.095201395
MSE,0.6945579439401627,0.19173479
RMSE,0.8254711031913757,0.114697054
MAPE,4.903958320617676,1.2508677
MSPE,2169.8663696289063,1021.9202
TrainTime(s),93.92775492668152,20.568210202572853
TestTime(s),2.5124934196472166,0.7584481381699039
