Metric,Mean,STD
MAE,0.6555222183465957,0.09242321
MSE,0.7311872929334641,0.196124
RMSE,0.8471770823001862,0.11609599
MAPE,5.554838085174561,1.4534076
MSPE,2383.1325073242188,855.85693
TrainTime(s),99.887282538414,19.52068261732611
TestTime(s),2.6849469184875487,0.6792357591497181
