Metric,Mean,STD
MAE,0.5658680468797683,0.063481584
MSE,0.5647183686494828,0.114070915
RMSE,0.7474687337875366,0.077516824
MAPE,4.133531141281128,1.0207453
MSPE,1991.19609375,676.9427
TrainTime(s),99.83586461544037,17.414419566647155
TestTime(s),2.679826760292053,0.7464796424261795
