Metric,Mean,STD
MAE,0.752165150642395,0.07292106
MSE,0.9427978873252869,0.19713426
RMSE,0.9657724499702454,0.1004066
MAPE,6.585913372039795,1.3493183
MSPE,3269.91865234375,798.10144
TrainTime(s),122.58542976379394,42.94956348227235
TestTime(s),3.1840565681457518,0.6969158356331848
