Metric,Mean,STD
MAE,0.7022232472896576,0.10088961
MSE,0.846506518125534,0.23362419
RMSE,0.9116743445396424,0.123921
MAPE,5.875739479064942,1.7717967
MSPE,2960.595178222656,1175.8593
TrainTime(s),108.6245805978775,19.13184910595978
TestTime(s),2.669793200492859,0.6791586793962037
