Metric,Mean,STD
MAE,0.6722814440727234,0.09336297
MSE,0.7369078367948532,0.1672524
RMSE,0.8527451634407044,0.09865854
MAPE,5.158548879623413,1.1636513
MSPE,2708.0191650390625,1168.4257
TrainTime(s),104.59839642047882,14.296150444686045
TestTime(s),3.062861180305481,0.7574735157962511
