Metric,Mean,STD
MAE,0.5771482765674592,0.09297066
MSE,0.5996287554502487,0.17560148
RMSE,0.7664593160152435,0.110312626
MAPE,4.4193318605422975,1.2640957
MSPE,1837.5047241210937,555.96625
TrainTime(s),114.59857413768768,18.385911377669842
TestTime(s),2.885377526283264,0.5831786460791959
