Metric,Mean,STD
MAE,0.5961808145046235,0.08146537
MSE,0.6071899622678757,0.15516666
RMSE,0.77283855676651,0.09955167
MAPE,4.309535837173462,1.070939
MSPE,2096.751013183594,777.85406
TrainTime(s),120.06321980953217,24.17524488162821
TestTime(s),3.792677307128906,0.49505051465282135
