Metric,Mean,STD
MAE,0.649628347158432,0.041569855
MSE,0.7011325120925903,0.1035967
RMSE,0.8349210262298584,0.06355632
MAPE,5.5994713306427,0.79019195
MSPE,2519.1560546875,743.5392
TrainTime(s),98.14528048038483,18.567876366374083
TestTime(s),3.015485954284668,1.1213565245095427
