Metric,Mean,STD
MAE,0.595015698671341,0.06660552
MSE,0.6129673212766648,0.13940637
RMSE,0.7783366322517395,0.08461326
MAPE,4.204598760604858,0.7983535
MSPE,2049.891741943359,916.63184
TrainTime(s),107.5508623123169,18.021952818286447
TestTime(s),3.368004870414734,0.6567645659561789
