Metric,Mean,STD
MAE,0.5782896280288696,0.082280755
MSE,0.5748883157968521,0.13646777
RMSE,0.7524889945983887,0.09299804
MAPE,4.081733775138855,1.2089065
MSPE,1511.6702026367188,501.35138
TrainTime(s),83.3899939775467,8.809412267424582
TestTime(s),2.2580242395401,0.5396982756493658
