Metric,Mean,STD
MAE,0.6351495921611786,0.12604667
MSE,0.7138581275939941,0.2742721
RMSE,0.8285643339157105,0.1653459
MAPE,4.682596111297608,1.5746284
MSPE,2390.7511596679688,1506.372
TrainTime(s),107.07285842895507,15.276638232063709
TestTime(s),3.470583748817444,0.6645837358218917
