Metric,Mean,STD
MAE,0.6011556357145309,0.09017133
MSE,0.6289077967405319,0.16672382
RMSE,0.7863129019737244,0.103052445
MAPE,4.586499881744385,1.5700976
MSPE,2250.5191040039062,965.1611
TrainTime(s),102.79577736854553,15.850346682386187
TestTime(s),3.535761070251465,0.836567433186124
