Metric,Mean,STD
MAE,0.6473155796527863,0.07904609
MSE,0.6902402192354202,0.14219768
RMSE,0.8261417090892792,0.08792099
MAPE,5.642029094696045,1.1595715
MSPE,2700.4282104492186,704.2566
TrainTime(s),90.80218515396118,14.753461122227076
TestTime(s),2.6495350122451784,0.6692428873869667
