Metric,Mean,STD
MAE,0.6532808303833008,0.073837824
MSE,0.7535145103931427,0.17402151
RMSE,0.8623596370220185,0.09924899
MAPE,5.069379305839538,1.5404956
MSPE,2398.907360839844,852.3061
TrainTime(s),91.85608630180359,12.764463217454898
TestTime(s),3.077871489524841,0.8533164145112178
