Metric,Mean,STD
MAE,0.5928464293479919,0.043542698
MSE,0.6066813051700592,0.08194205
RMSE,0.7771431148052216,0.052248318
MAPE,4.445181655883789,1.1893767
MSPE,2152.14833984375,635.208
TrainTime(s),99.74704873561859,13.943590960515797
TestTime(s),2.9700975894927977,0.7229408037167219
