Metric,Mean,STD
MAE,0.6561326324939728,0.064655766
MSE,0.7336596786975861,0.1636904
RMSE,0.8511116027832031,0.09627416
MAPE,5.277166795730591,1.1188843
MSPE,2801.5533203125,880.4787
TrainTime(s),110.52175357341767,24.070682186121356
TestTime(s),3.445518732070923,0.8000242299209382
