Metric,Mean,STD
MAE,0.6421951532363892,0.0645062
MSE,0.7103773713111877,0.112393096
RMSE,0.8401381969451904,0.067417994
MAPE,4.99355731010437,0.8766151
MSPE,1992.5645263671875,431.51227
TrainTime(s),106.00297002792358,18.733548254042443
TestTime(s),2.842310881614685,0.8298270443961554
