Metric,Mean,STD
MAE,0.6230403482913971,0.09293422
MSE,0.6731249064207077,0.20065472
RMSE,0.8118984341621399,0.11809247
MAPE,4.694900441169739,1.5169749
MSPE,2185.4977600097654,1038.8248
TrainTime(s),105.81420121192932,15.608772570593338
TestTime(s),3.0272250413894652,0.6927437412551568
