Metric,Mean,STD
MAE,0.6359948813915253,0.077500574
MSE,0.6985852062702179,0.16632624
RMSE,0.8299206972122193,0.099079974
MAPE,4.9679659605026245,0.9380595
MSPE,2461.9910400390627,985.8608
TrainTime(s),106.48196995258331,21.521004822069035
TestTime(s),3.101406216621399,0.7004743607638573
