Metric,Mean,STD
MAE,0.6543769359588623,0.09054281
MSE,0.7514352709054947,0.20203657
RMSE,0.8588719129562378,0.11736407
MAPE,5.14609043598175,1.6876968
MSPE,2401.66552734375,928.41797
TrainTime(s),105.48207244873046,15.708768416868342
TestTime(s),2.6947160720825196,0.8286285119184483
