Metric,Mean,STD
MAE,0.6397889316082,0.08487553
MSE,0.7187511414289475,0.18504436
RMSE,0.8401013076305389,0.11393386
MAPE,4.843637442588806,1.2038815
MSPE,2207.3894897460937,715.3787
TrainTime(s),115.0192801475525,26.839760041893076
TestTime(s),3.0135158777236937,0.9680474640539422
