Metric,Mean,STD
MAE,0.6250296413898468,0.0663411
MSE,0.6420622855424881,0.1150707
RMSE,0.7979767918586731,0.072769
MAPE,4.966836738586426,1.3081989
MSPE,2110.4682495117186,890.8534
TrainTime(s),101.10985734462739,5.506165830953611
TestTime(s),3.6568398475646973,0.541346169396352
