Metric,Mean,STD
MAE,0.6031625896692276,0.08455826
MSE,0.629139643907547,0.1650033
RMSE,0.785834676027298,0.10771954
MAPE,4.653915119171143,1.0461084
MSPE,2159.0383544921874,752.16956
TrainTime(s),90.8443331003189,9.47590284403382
TestTime(s),2.479716348648071,0.5897413078444493
