Metric,Mean,STD
MAE,0.58099425137043,0.07861156
MSE,0.5821572959423065,0.12920968
RMSE,0.7581172287464142,0.086113766
MAPE,4.423507356643677,1.2346257
MSPE,2086.605010986328,802.7749
TrainTime(s),94.95602202415466,17.649727865319182
TestTime(s),2.4015578269958495,0.5057615275215842
