Metric,Mean,STD
MAE,0.590225413441658,0.09282918
MSE,0.6123146891593934,0.1614372
RMSE,0.7761393964290619,0.09961085
MAPE,4.2733972549438475,1.7493545
MSPE,1702.2805053710938,822.4753
TrainTime(s),109.8905398607254,18.5663381372499
TestTime(s),3.408983564376831,0.6026092776694326
