Metric,Mean,STD
MAE,0.5830357670783997,0.108945824
MSE,0.6196324974298477,0.19814809
RMSE,0.7775084853172303,0.122935064
MAPE,4.023734760284424,1.3291671
MSPE,1760.6537658691407,842.6097
TrainTime(s),93.23797907829285,14.605920828492264
TestTime(s),2.9221006631851196,0.825165051280963
