Metric,Mean,STD
MAE,0.6002673447132111,0.06859987
MSE,0.6345086425542832,0.13197337
RMSE,0.7921810567378997,0.08341353
MAPE,4.454552721977234,1.4063118
MSPE,1724.667059326172,707.3633
TrainTime(s),96.24741175174714,12.348992125664495
TestTime(s),3.035612201690674,0.8440100130604921
