Metric,Mean,STD
MAE,0.6305735558271408,0.09542531
MSE,0.6852011054754257,0.19531676
RMSE,0.8185397863388062,0.12326285
MAPE,5.23915286064148,1.3265169
MSPE,2245.7328857421876,809.0956
TrainTime(s),98.28365597724914,18.819266976105126
TestTime(s),2.5758673429489134,0.5747038569613793
