Metric,Mean,STD
MAE,0.6410430759191513,0.08024784
MSE,0.6990038841962815,0.16509984
RMSE,0.8291102468967437,0.10761084
MAPE,5.092446804046631,1.1027529
MSPE,2307.5056030273436,654.9728
TrainTime(s),105.59948089122773,25.610950883203746
TestTime(s),2.58668909072876,0.9908837966839158
