Metric,Mean,STD
MAE,0.6137004852294922,0.061591182
MSE,0.6369969993829727,0.120668426
RMSE,0.7946439802646637,0.074417435
MAPE,4.67112238407135,1.20062
MSPE,2057.699493408203,868.5478
TrainTime(s),102.61047587394714,19.40197830963801
TestTime(s),2.8629238605499268,0.7232597989142611
