Metric,Mean,STD
MAE,0.566313511133194,0.08119387
MSE,0.5552794426679611,0.15637772
RMSE,0.7381310641765595,0.10218598
MAPE,4.427251863479614,1.084488
MSPE,1813.19619140625,565.22534
TrainTime(s),98.06064009666443,11.496780662197615
TestTime(s),2.7479519128799437,0.6841650792053446
