Metric,Mean,STD
MAE,0.622127252817154,0.071440086
MSE,0.669236359000206,0.18778567
RMSE,0.8113144099712372,0.10490619
MAPE,4.695695090293884,1.0421183
MSPE,1931.1970336914062,928.5376
TrainTime(s),108.44157910346985,21.72984316779446
TestTime(s),3.4985408067703245,0.5910270960842766
