Metric,Mean,STD
MAE,0.5640192866325379,0.047946796
MSE,0.5460497170686722,0.088877216
RMSE,0.7363605737686157,0.061829
MAPE,4.3196571350097654,0.9198384
MSPE,1714.4277587890624,535.4185
TrainTime(s),82.92443487644195,9.32195171102307
TestTime(s),2.3971311807632447,0.6497941840494235
