Metric,Mean,STD
MAE,0.6529894322156906,0.075120546
MSE,0.7081405997276307,0.1694283
RMSE,0.8354104161262512,0.10114364
MAPE,5.318451166152954,0.97086185
MSPE,2547.691082763672,1089.555
TrainTime(s),89.9906233549118,10.415686939046218
TestTime(s),2.9190136671066282,0.7944019396376353
