Metric,Mean,STD
MAE,0.6180567979812622,0.043948755
MSE,0.6409916520118714,0.09430789
RMSE,0.7984851121902465,0.058422495
MAPE,4.765214228630066,0.78261954
MSPE,1955.2162475585938,527.1569
TrainTime(s),107.09032225608826,13.067589751291864
TestTime(s),3.2619521379470826,0.725686807476315
