Metric,Mean,STD
MAE,0.6747608572244644,0.11052252
MSE,0.7939511686563492,0.23094505
RMSE,0.8801838278770446,0.13866368
MAPE,5.677560162544251,1.5620238
MSPE,2519.0567932128906,861.52686
TrainTime(s),103.04932932853698,24.56547240998586
TestTime(s),2.5096511602401734,0.7338270334760224
