Metric,Mean,STD
MAE,0.6997128903865815,0.05330705
MSE,0.8302871942520141,0.13391274
RMSE,0.9079753339290619,0.07660269
MAPE,6.111185121536255,1.0292469
MSPE,2927.9817138671874,491.90024
TrainTime(s),93.02881095409393,13.013441002283939
TestTime(s),2.622606897354126,0.5838925709687198
