Metric,Mean,STD
MAE,0.6605557590723038,0.08752455
MSE,0.7435534566640853,0.17094126
RMSE,0.8557718992233276,0.10586741
MAPE,4.94850435256958,1.2890922
MSPE,2344.905798339844,593.9487
TrainTime(s),100.90538947582245,10.929227725781471
TestTime(s),3.029632568359375,0.5154203126529983
