Metric,Mean,STD
MAE,0.5819684863090515,0.07392385
MSE,0.5766881167888641,0.1421283
RMSE,0.7537280499935151,0.09263984
MAPE,4.142318367958069,0.8920383
MSPE,2045.3658203125,738.54846
TrainTime(s),92.02411808967591,9.319620861489676
TestTime(s),3.0341517448425295,0.8114314823140373
