Metric,Mean,STD
MAE,0.5711791932582855,0.073751554
MSE,0.5747528165578842,0.15734006
RMSE,0.7518665373325348,0.097208686
MAPE,4.333222198486328,1.1083897
MSPE,1991.7781860351563,952.534
TrainTime(s),87.03381543159485,13.447312146875374
TestTime(s),2.4524951457977293,0.802555381929146
