Metric,Mean,STD
MAE,0.6809118688106537,0.05313044
MSE,0.7967045068740845,0.106857754
RMSE,0.8905994296073914,0.059473824
MAPE,5.535550165176391,0.90224314
MSPE,2669.8288330078126,549.16486
TrainTime(s),85.33368666172028,11.104716167760692
TestTime(s),2.3924163818359374,0.5690527064398379
