Metric,Mean,STD
MAE,0.6715440660715103,0.10241499
MSE,0.7750207751989364,0.24134286
RMSE,0.8695595681667327,0.13742976
MAPE,5.342499494552612,1.4675171
MSPE,2515.7103271484375,980.359
TrainTime(s),95.04692928791046,7.871276092980669
TestTime(s),2.9285518646240236,0.7471860799842927
