Metric,Mean,STD
MAE,0.6210010528564454,0.07592168
MSE,0.6599281549453735,0.15234435
RMSE,0.806943392753601,0.093651
MAPE,4.5442441463470455,1.1132591
MSPE,2041.6440124511719,693.3738
TrainTime(s),97.25451860427856,14.370812526557813
TestTime(s),3.0155707120895388,0.683967076537477
