Metric,Mean,STD
MAE,0.6461630582809448,0.046464346
MSE,0.7077288925647736,0.093014166
RMSE,0.8393463134765625,0.056803636
MAPE,5.24225423336029,0.9379486
MSPE,2222.3685546875,648.79144
TrainTime(s),99.94657657146453,14.509205232515177
TestTime(s),2.4736630439758303,0.4855981607078542
