Metric,Mean,STD
MAE,0.7090392410755157,0.14316566
MSE,0.8753340125083924,0.30316672
RMSE,0.9205342233181,0.16718474
MAPE,6.0617543935775755,2.0621846
MSPE,2752.3027954101562,1131.5464
TrainTime(s),124.75819623470306,23.644381721790456
TestTime(s),3.603588891029358,0.6568818166910055
