Metric,Mean,STD
MAE,0.6335518300533295,0.083973356
MSE,0.6987166464328766,0.21027997
RMSE,0.8270471036434174,0.12128371
MAPE,4.9994419574737545,1.4846109
MSPE,2131.16328125,957.7973
TrainTime(s),83.51429023742676,11.07065083409855
TestTime(s),2.3958399295806885,0.38643139759549666
