Metric,Mean,STD
MAE,0.5522505939006805,0.04083676
MSE,0.5644535899162293,0.063532345
RMSE,0.7501825571060181,0.04098446
MAPE,13.97386417388916,1.5293783
MSPE,69948.99921875,15257.081
TrainTime(s),69.6474559545517,7.192342628313216
TestTime(s),2.10343599319458,0.11991261125428548
