Metric,Mean,STD
MAE,0.5253483295440674,0.023963438
MSE,0.5179783940315247,0.03956294
RMSE,0.7191755652427674,0.027656954
MAPE,11.484090805053711,0.9474437
MSPE,48028.1609375,9582.308
TrainTime(s),73.19304475784301,15.207993935816273
TestTime(s),2.038550615310669,0.07336118732097985
