Metric,Mean,STD
MAE,0.5352836310863495,0.014511512
MSE,0.5291101962327958,0.036747526
RMSE,0.7269667863845826,0.025089797
MAPE,14.185502338409425,1.2718893
MSPE,76094.63125,15609.284
TrainTime(s),79.35259017944335,11.883892062275764
TestTime(s),2.1557108402252196,0.024580306042084256
