Metric,Mean,STD
MAE,0.5391923993825912,0.037443064
MSE,0.5510665804147721,0.06848863
RMSE,0.7409456849098206,0.04545407
MAPE,12.143156147003173,1.1292254
MSPE,50569.816796875,9226.833
TrainTime(s),65.18719592094422,7.1522215300638905
TestTime(s),1.9239456415176392,0.05483292515075328
