Metric,Mean,STD
MAE,0.5429527193307877,0.033325974
MSE,0.5445206820964813,0.053873427
RMSE,0.7370023250579834,0.03671856
MAPE,13.848751068115234,1.5912522
MSPE,70603.2171875,18473.693
TrainTime(s),74.10361988544464,8.318273065969676
TestTime(s),2.150397253036499,0.039797397360510314
