Metric,Mean,STD
MAE,0.5541292667388916,0.033346824
MSE,0.5621879369020462,0.05513829
RMSE,0.7488925755023956,0.03671303
MAPE,11.601430892944336,0.9042454
MSPE,45698.6669921875,7414.3613
TrainTime(s),63.85315549373627,6.773130837133064
TestTime(s),1.9407184362411498,0.1306563366210039
