Metric,Mean,STD
MAE,0.5214119851589203,0.025819853
MSE,0.5096549272537232,0.0426166
RMSE,0.7132965564727783,0.029376235
MAPE,11.885582733154298,2.347103
MSPE,52784.5853515625,22114.951
TrainTime(s),70.20627071857453,6.674416127008696
TestTime(s),2.054161262512207,0.053075005789886574
