Metric,Mean,STD
MAE,0.5399670302867889,0.032733764
MSE,0.5280462980270386,0.053210363
RMSE,0.7257619798183441,0.036274545
MAPE,13.201972484588623,1.6094989
MSPE,66157.678515625,16858.457
TrainTime(s),70.9885858297348,13.895750913633726
TestTime(s),2.06743745803833,0.0372666701969948
