Metric,Mean,STD
MAE,0.5348418742418289,0.039559692
MSE,0.5468759119510651,0.055180196
RMSE,0.7385922491550445,0.036842953
MAPE,11.740589427947999,1.428115
MSPE,48972.882421875,13451.9795
TrainTime(s),71.37254042625428,7.423225562034667
TestTime(s),2.098120927810669,0.09733707839844687
