Metric,Mean,STD
MAE,0.5237055540084838,0.021588117
MSE,0.5135780394077301,0.03106432
RMSE,0.7163188815116882,0.021571083
MAPE,11.276839923858642,0.7222492
MSPE,45660.203515625,7210.629
TrainTime(s),67.56757504940033,5.1604930747930995
TestTime(s),2.0387750625610352,0.07213675237849525
