Metric,Mean,STD
MAE,0.5485439717769622,0.02671236
MSE,0.5528435319662094,0.040193662
RMSE,0.7430200517177582,0.02765353
MAPE,12.670613193511963,1.1867045
MSPE,56256.444921875,11148.349
TrainTime(s),68.53728394508362,8.561452803818463
TestTime(s),2.0514453172683718,0.17081269274132782
