Metric,Mean,STD
MAE,0.5268762707710266,0.030788427
MSE,0.5170704126358032,0.044006895
RMSE,0.7184176683425904,0.030764876
MAPE,10.748203659057618,0.84232587
MSPE,40286.7291015625,6766.914
TrainTime(s),70.46511030197144,7.064999092057843
TestTime(s),2.0634938716888427,0.08105915347344415
