Metric,Mean,STD
MAE,0.556540921330452,0.03242363
MSE,0.5649785339832306,0.05416741
RMSE,0.7507796883583069,0.03617165
MAPE,13.171737480163575,1.3170224
MSPE,60446.66640625,12608.73
TrainTime(s),66.49988853931427,1.5284142478944278
TestTime(s),2.0412226915359497,0.03684421019361793
