Metric,Mean,STD
MAE,0.5480270504951477,0.03294645
MSE,0.5464696437120438,0.054873385
RMSE,0.7383474886417389,0.036230326
MAPE,12.81275291442871,2.120495
MSPE,61199.7861328125,20628.445
TrainTime(s),75.5897171497345,8.946666133411556
TestTime(s),2.2024954080581667,0.06246055414685658
