Metric,Mean,STD
MAE,0.5449523210525513,0.040096503
MSE,0.5346539646387101,0.062726684
RMSE,0.7299694061279297,0.042410318
MAPE,13.51760129928589,1.1892521
MSPE,67979.5234375,10898.534
TrainTime(s),77.41693103313446,11.396945429782933
TestTime(s),2.2273031949996946,0.06154742517434479
