Metric,Mean,STD
MAE,0.5476056575775147,0.029841999
MSE,0.5418732702732086,0.055094723
RMSE,0.7352388978004456,0.036014445
MAPE,12.629979801177978,2.2472112
MSPE,59718.3025390625,22941.506
TrainTime(s),68.16517100334167,7.041842026745153
TestTime(s),2.1061665296554564,0.06227759754014073
