Metric,Mean,STD
MAE,0.5486527889966964,0.03904328
MSE,0.5503157317638397,0.0687239
RMSE,0.7403976023197174,0.04612059
MAPE,13.172072410583496,1.5721132
MSPE,64893.22890625,15215.51
TrainTime(s),77.33399548530579,12.104148084672495
TestTime(s),2.2080086946487425,0.1377697733514022
