Metric,Mean,STD
MAE,0.5541039228439331,0.023770494
MSE,0.5560196429491043,0.04251495
RMSE,0.7450930893421173,0.029256381
MAPE,12.6339262008667,1.2664719
MSPE,58161.3328125,11994.842
TrainTime(s),66.54961459636688,1.7547313865478091
TestTime(s),2.1037658214569093,0.05702357232943017
