Metric,Mean,STD
MAE,0.5666009664535523,0.0451107
MSE,0.5792824894189834,0.0702885
RMSE,0.7596859395503998,0.046473205
MAPE,13.374434471130371,1.6659149
MSPE,64555.748046875,17209.646
TrainTime(s),74.26404473781585,9.047404632807643
TestTime(s),2.1103327751159666,0.04184121967467043
