Metric,Mean,STD
MAE,0.5378676176071167,0.03252268
MSE,0.5312717616558075,0.049617164
RMSE,0.728074723482132,0.034335926
MAPE,13.605974674224854,1.7028913
MSPE,69102.02890625,17531.68
TrainTime(s),76.4765508890152,8.70718173536853
TestTime(s),2.1701472759246827,0.019822335320407763
