Metric,Mean,STD
MAE,0.5535935580730438,0.041397456
MSE,0.5553522408008575,0.07079874
RMSE,0.7437688648700714,0.04647698
MAPE,13.12649507522583,1.2026305
MSPE,62591.53984375,12773.5
TrainTime(s),75.09457883834838,8.29935060985805
TestTime(s),2.19620885848999,0.06440074965735616
