Metric,Mean,STD
MAE,0.5242889314889908,0.03222558
MSE,0.5115203112363815,0.05702516
RMSE,0.714167845249176,0.038530298
MAPE,13.486735153198243,1.1277974
MSPE,68247.791796875,12276.034
TrainTime(s),73.78250510692597,6.692721670394655
TestTime(s),2.1614356994628907,0.04401666002500478
