Metric,Mean,STD
MAE,0.5396778881549835,0.027776519
MSE,0.5461353689432145,0.047121778
RMSE,0.7383359730243683,0.031549387
MAPE,12.357906723022461,1.7707242
MSPE,54528.573046875,17779.588
TrainTime(s),65.65343306064605,7.628551726818943
TestTime(s),2.012682247161865,0.08237590481908821
