Metric,Mean,STD
MAE,0.5509036749601364,0.031026626
MSE,0.5595252603292465,0.05742581
RMSE,0.7470376670360566,0.03820974
MAPE,12.857867527008057,1.8945502
MSPE,62030.3900390625,18811.76
TrainTime(s),72.18736338615417,7.764957467733597
TestTime(s),2.1334389448165894,0.04832239452931983
