Metric,Mean,STD
MAE,0.5415432572364807,0.03905504
MSE,0.5406691163778305,0.07102714
RMSE,0.7338009119033814,0.046961043
MAPE,12.110781002044678,0.9255974
MSPE,53005.17109375,7881.3926
TrainTime(s),68.6548240184784,0.7772513024499195
TestTime(s),2.194340372085571,0.07403941986232286
