Metric,Mean,STD
MAE,0.5126303672790528,0.02258868
MSE,0.4922968953847885,0.030663908
RMSE,0.7012988269329071,0.021836866
MAPE,11.356559085845948,1.1702799
MSPE,47104.671875,10566.068
TrainTime(s),63.305220222473146,6.155815592199023
TestTime(s),1.9390535354614258,0.055898646275154076
