Metric,Mean,STD
MAE,0.5480148255825043,0.028107205
MSE,0.5432284235954284,0.047380067
RMSE,0.7363185167312623,0.032610822
MAPE,13.417050647735596,1.9410795
MSPE,68416.804296875,22032.623
TrainTime(s),77.01899671554565,8.450617506379379
TestTime(s),2.2234364986419677,0.049440551669973146
