Metric,Mean,STD
MAE,0.5517953217029572,0.026651
MSE,0.5427779048681259,0.042425435
RMSE,0.7361662149429321,0.028934527
MAPE,12.169432163238525,1.4683888
MSPE,55261.92109375,13107.084
TrainTime(s),62.62707660198212,1.2125187062987928
TestTime(s),2.0658933401107786,0.05684201668691508
