Metric,Mean,STD
MAE,0.5437778621912003,0.03661705
MSE,0.5487309753894806,0.063783795
RMSE,0.7395249605178833,0.04282299
MAPE,12.204604721069336,1.5414662
MSPE,51871.8033203125,12705.536
TrainTime(s),70.27098925113678,14.889013006438956
TestTime(s),2.0292998790740966,0.06649599208692905
