Metric,Mean,STD
MAE,0.5427401006221771,0.021409784
MSE,0.5343229115009308,0.033087973
RMSE,0.7306220948696136,0.022677356
MAPE,11.96801824569702,1.3860677
MSPE,51442.5068359375,13287.11
TrainTime(s),65.76965584754944,6.12726494812817
TestTime(s),1.9892989158630372,0.06918782648670693
