Metric,Mean,STD
MAE,0.5674635112285614,0.036154088
MSE,0.5887454509735107,0.0775317
RMSE,0.7656641721725463,0.050038084
MAPE,13.50396499633789,2.5342107
MSPE,67897.909375,28821.865
TrainTime(s),67.64024488925934,7.188882447730604
TestTime(s),2.025002598762512,0.03633105223421658
