Metric,Mean,STD
MAE,0.5408571660518646,0.034401167
MSE,0.5450192540884018,0.061636023
RMSE,0.7371192634105682,0.040920056
MAPE,12.944458961486816,1.821909
MSPE,60709.94453125,19768.617
TrainTime(s),68.75373182296752,4.676605641498844
TestTime(s),2.072150731086731,0.06782842750177022
