Metric,Mean,STD
MAE,0.515163254737854,0.022603096
MSE,0.5024049162864686,0.036740966
RMSE,0.7083424091339111,0.025611568
MAPE,11.28753433227539,1.3684804
MSPE,43923.3392578125,10774.229
TrainTime(s),63.24009792804718,1.4722050892795961
TestTime(s),1.9546055793762207,0.07545859871277044
