Metric,Mean,STD
MAE,0.5500342547893524,0.037592288
MSE,0.5564969331026077,0.06481148
RMSE,0.7448014140129089,0.042045143
MAPE,13.653422451019287,1.6158283
MSPE,71133.265625,17930.264
TrainTime(s),77.45445611476899,11.833462389072537
TestTime(s),2.199077272415161,0.06659410988823948
