Metric,Mean,STD
MAE,0.5480866491794586,0.03878169
MSE,0.5500622421503067,0.07207663
RMSE,0.7400669813156128,0.04861192
MAPE,12.54103479385376,1.6072235
MSPE,57054.006640625,16885.021
TrainTime(s),72.4241917848587,5.725182081662911
TestTime(s),2.4583562135696413,0.6901286740328307
