Metric,Mean,STD
MAE,0.5548167109489441,0.04592373
MSE,0.5571179151535034,0.07808416
RMSE,0.7446872532367707,0.05058476
MAPE,12.433370113372803,1.5607548
MSPE,56335.588671875,14331.351
TrainTime(s),62.91701340675354,4.897003477138402
TestTime(s),2.0226721286773683,0.07766045586276073
