Metric,Mean,STD
MAE,0.5653062164783478,0.03512601
MSE,0.5680001556873322,0.05128049
RMSE,0.7528883218765259,0.03404887
MAPE,13.956470489501953,2.5229657
MSPE,72351.39765625,27272.11
TrainTime(s),68.50024094581605,7.167744085538223
TestTime(s),2.1346874952316286,0.053985996826326745
