Metric,Mean,STD
MAE,0.5437908709049225,0.023637203
MSE,0.5363447457551956,0.033233214
RMSE,0.7319948136806488,0.022985699
MAPE,12.624043846130371,1.5869709
MSPE,58913.044921875,15066.777
TrainTime(s),71.3733720779419,7.459015317918774
TestTime(s),2.093674921989441,0.0502974055859918
