Metric,Mean,STD
MAE,0.5242771476507186,0.036690995
MSE,0.5064131647348404,0.05470342
RMSE,0.7106313347816468,0.037633438
MAPE,11.715729713439941,1.1251081
MSPE,49101.8607421875,10883.383
TrainTime(s),69.4305109500885,5.7057090851494845
TestTime(s),2.1443036079406737,0.12894931800164408
