Metric,Mean,STD
MAE,0.5601786673069,0.02915342
MSE,0.5620590597391129,0.052212812
RMSE,0.7489236533641815,0.034240693
MAPE,12.52490816116333,1.2452931
MSPE,57772.1765625,13400.56
TrainTime(s),73.78973000049591,15.331070954177722
TestTime(s),2.0844990491867064,0.03806477493540587
