Metric,Mean,STD
MAE,0.5541495561599732,0.035310905
MSE,0.5703517496585846,0.06123983
RMSE,0.7541550040245056,0.040024724
MAPE,13.4905029296875,1.8619825
MSPE,66186.83984375,19158.736
TrainTime(s),70.95692315101624,8.682590013339848
TestTime(s),2.1027072191238405,0.14719162083269138
