Metric,Mean,STD
MAE,0.5331819713115692,0.024540307
MSE,0.5219133049249649,0.040765926
RMSE,0.7218900859355927,0.028071228
MAPE,13.56388168334961,1.7496961
MSPE,69998.644921875,19534.086
TrainTime(s),77.45398931503296,9.28111481326669
TestTime(s),2.1976318359375,0.02414665606995917
