Metric,Mean,STD
MAE,0.566757082939148,0.029724872
MSE,0.5785747557878494,0.060333394
RMSE,0.7595805168151856,0.040152047
MAPE,13.044300556182861,1.4610415
MSPE,60968.27109375,14324.649
TrainTime(s),68.3362476348877,2.137253441008699
TestTime(s),2.1145429611206055,0.06249894530757541
