Metric,Mean,STD
MAE,0.5452173292636872,0.023647342
MSE,0.5462026596069336,0.04061765
RMSE,0.7385559260845185,0.027162448
MAPE,12.510976600646973,0.8803475
MSPE,56790.928125,7496.2886
TrainTime(s),70.66345672607422,11.26626327083982
TestTime(s),2.051299977302551,0.05065483057852286
