Metric,Mean,STD
MAE,0.5500769346952439,0.041188505
MSE,0.550011596083641,0.061530754
RMSE,0.7405045688152313,0.040799383
MAPE,12.700987243652344,1.3858433
MSPE,58579.936328125,14654.139
TrainTime(s),74.67350633144379,11.462839207686946
TestTime(s),2.156071162223816,0.02343283556297112
