Metric,Mean,STD
MAE,0.5174588918685913,0.027198814
MSE,0.5085580497980118,0.031618275
RMSE,0.7127963542938233,0.021895302
MAPE,12.601667308807373,0.9642841
MSPE,58788.837109375,9638.947
TrainTime(s),71.38960247039795,6.253142386811292
TestTime(s),2.0498263835906982,0.044253809100849445
