Metric,Mean,STD
MAE,0.5469239771366119,0.028995562
MSE,0.5466812640428543,0.06086264
RMSE,0.7383261024951935,0.03944403
MAPE,12.689230060577392,1.7289778
MSPE,61032.61015625,17901.398
TrainTime(s),67.08557469844818,10.950782703875985
TestTime(s),2.1216702699661254,0.17882537069683044
