Metric,Mean,STD
MAE,0.5661270201206208,0.03810443
MSE,0.5812735468149185,0.06663658
RMSE,0.7611692368984222,0.043530934
MAPE,13.809558296203614,2.0078108
MSPE,70964.7890625,21018.363
TrainTime(s),69.89456164836884,5.184183891087122
TestTime(s),2.1415831089019775,0.02185334009143985
