Metric,Mean,STD
MAE,0.5441489338874816,0.034842763
MSE,0.5511967569589615,0.06146199
RMSE,0.7413594007492066,0.039787117
MAPE,11.869222831726074,1.5024164
MSPE,49840.891015625,14698.705
TrainTime(s),67.71612629890441,1.8714144522011753
TestTime(s),2.1025635242462157,0.08054129858043095
