Metric,Mean,STD
MAE,0.5418163061141967,0.03407011
MSE,0.5252934485673905,0.042324506
RMSE,0.7241872727870942,0.029090125
MAPE,13.107015800476074,1.4678737
MSPE,64207.08125,16238.748
TrainTime(s),76.81309740543365,8.337368183042075
TestTime(s),2.207785129547119,0.05162437850861779
