Metric,Mean,STD
MAE,0.5267636388540268,0.027454155
MSE,0.5198018670082092,0.051554985
RMSE,0.7201159596443176,0.035140693
MAPE,12.768072986602784,1.7140723
MSPE,59736.400390625,18286.688
TrainTime(s),69.955752825737,7.712819338253365
TestTime(s),2.049092173576355,0.059776734014334476
