Metric,Mean,STD
MAE,0.546904456615448,0.03435317
MSE,0.5506868779659271,0.054160524
RMSE,0.7411611139774322,0.036974262
MAPE,13.072631454467773,1.8744298
MSPE,61915.06171875,18390.74
TrainTime(s),73.13440210819245,9.369380383599557
TestTime(s),2.1342821598052977,0.08067977996812503
