Metric,Mean,STD
MAE,0.5410975217819214,0.020998193
MSE,0.5363607317209244,0.04441412
RMSE,0.7317539274692535,0.02994851
MAPE,13.297950935363769,1.8351709
MSPE,66353.064453125,19913.26
TrainTime(s),76.59274246692658,7.86221851554522
TestTime(s),2.1979140043258667,0.029886558796595162
