Metric,Mean,STD
MAE,0.5266869455575943,0.0399773
MSE,0.5183297723531723,0.058717187
RMSE,0.7188537895679474,0.039736696
MAPE,12.212833881378174,1.292249
MSPE,52821.604296875,14252.04
TrainTime(s),71.73859360218049,11.78408304142191
TestTime(s),2.09060537815094,0.11941764740337606
