Metric,Mean,STD
MAE,0.5518142580986023,0.029524686
MSE,0.5515426218509674,0.04708734
RMSE,0.7419861495494843,0.031609613
MAPE,13.610999870300294,2.152127
MSPE,69215.115625,24857.428
TrainTime(s),77.60172169208526,11.454966167949147
TestTime(s),2.2372843265533446,0.05122206131312196
