Metric,Mean,STD
MAE,0.5470123410224914,0.031551458
MSE,0.5355249345302582,0.041490335
RMSE,0.7312353909015655,0.028631326
MAPE,12.65367774963379,2.6095152
MSPE,60683.808984375,27710.035
TrainTime(s),73.1966228723526,6.970445066524415
TestTime(s),2.1671767950057985,0.0584623139144848
