Metric,Mean,STD
MAE,0.5240248322486878,0.026014224
MSE,0.5160188287496567,0.04186983
RMSE,0.7177407622337342,0.029445328
MAPE,12.91673641204834,1.9512825
MSPE,61311.337109375,19714.459
TrainTime(s),74.9195662498474,8.099057483333102
TestTime(s),2.135609340667725,0.09277285989609534
