Metric,Mean,STD
MAE,0.5583781719207763,0.05590387
MSE,0.5687876224517823,0.09397336
RMSE,0.7518564820289612,0.059156086
MAPE,11.57585039138794,1.5911775
MSPE,46618.426171875,12775.693
TrainTime(s),65.3910701751709,5.444961363291705
TestTime(s),1.9715081930160523,0.051996286771408745
