Metric,Mean,STD
MAE,0.5347290098667145,0.030297266
MSE,0.5341681063175201,0.04463989
RMSE,0.7301921844482422,0.03142413
MAPE,13.396830177307129,1.6503448
MSPE,66759.776953125,19222.938
TrainTime(s),76.96044790744781,11.837341729144008
TestTime(s),2.238098931312561,0.0573164593440337
