Metric,Mean,STD
MAE,0.5510119497776031,0.027635181
MSE,0.5556969940662384,0.040459014
RMSE,0.7449681699275971,0.026822006
MAPE,14.163533401489257,1.6478367
MSPE,76911.421484375,18830.945
TrainTime(s),69.78188436031341,10.178804683254146
TestTime(s),2.101705527305603,0.047347994715434244
