Metric,Mean,STD
MAE,0.5366247475147248,0.034226455
MSE,0.5210104942321777,0.050391473
RMSE,0.7209644377231598,0.03493943
MAPE,13.96561222076416,2.107913
MSPE,74401.0828125,23347.744
TrainTime(s),70.39656665325165,11.087349107697124
TestTime(s),2.154258155822754,0.08523230571527264
