Metric,Mean,STD
MAE,0.5535997033119202,0.027928466
MSE,0.5585512518882751,0.05384985
RMSE,0.7465014636516571,0.035872076
MAPE,12.21524362564087,0.9814911
MSPE,53674.241015625,10185.4795
TrainTime(s),71.70595717430115,8.078433012394994
TestTime(s),2.1834065675735475,0.10300487952439946
