Metric,Mean,STD
MAE,0.5462848663330078,0.028808814
MSE,0.5398664325475693,0.050067086
RMSE,0.7339994847774506,0.033334337
MAPE,13.29298791885376,2.186178
MSPE,66065.65,23655.654
TrainTime(s),74.39026725292206,8.777207975746265
TestTime(s),2.20360472202301,0.07043309991066136
