Metric,Mean,STD
MAE,0.5530084133148193,0.03085301
MSE,0.5509954571723938,0.0468965
RMSE,0.7416562557220459,0.030683396
MAPE,13.572921752929688,1.2624384
MSPE,68217.159765625,14626.886
TrainTime(s),80.30903084278107,12.530631525040045
TestTime(s),2.177490711212158,0.022732434929874177
