Metric,Mean,STD
MAE,0.5606342554092407,0.031464342
MSE,0.5672597885131836,0.06094916
RMSE,0.7521378695964813,0.03934998
MAPE,12.690828037261962,2.2330809
MSPE,59650.3083984375,22249.678
TrainTime(s),72.31636741161347,7.594608572342454
TestTime(s),2.173265743255615,0.0847731608913226
