Metric,Mean,STD
MAE,0.5482436180114746,0.026637046
MSE,0.5385270118713379,0.038129628
RMSE,0.7333862364292145,0.02591619
MAPE,13.25003957748413,2.0669415
MSPE,66146.392578125,22249.018
TrainTime(s),68.79096088409423,1.0817399908011867
TestTime(s),2.1440054893493654,0.03591075261580377
