Metric,Mean,STD
MAE,0.5512506127357483,0.02682896
MSE,0.5509435176849365,0.04149868
RMSE,0.7417348623275757,0.027801385
MAPE,12.76212453842163,0.7789816
MSPE,57771.123046875,7544.862
TrainTime(s),65.01184768676758,7.121434364969662
TestTime(s),2.058556890487671,0.09019378772804573
