Metric,Mean,STD
MAE,0.5363154292106629,0.020654632
MSE,0.5431028544902802,0.02796503
RMSE,0.7367089807987213,0.01904554
MAPE,12.176406764984131,0.54088366
MSPE,52861.8375,5589.368
TrainTime(s),66.22855880260468,1.643259707181359
TestTime(s),2.074810600280762,0.08280942150694097
