Metric,Mean,STD
MAE,0.5388282060623169,0.032051396
MSE,0.5271706879138947,0.046501976
RMSE,0.7253734529018402,0.03168658
MAPE,11.988304042816162,1.8947525
MSPE,53883.569921875,17879.963
TrainTime(s),73.17786886692048,7.468415078848957
TestTime(s),2.134613561630249,0.04658566866854985
