Metric,Mean,STD
MAE,0.5399720996618271,0.02617974
MSE,0.5472760558128357,0.047867898
RMSE,0.7390650033950805,0.032542005
MAPE,11.357702445983886,0.7772305
MSPE,44143.40234375,6231.5093
TrainTime(s),68.3399141073227,5.9192634166740365
TestTime(s),2.0031570911407472,0.10775093739213396
