Metric,Mean,STD
MAE,0.5561867773532867,0.025791416
MSE,0.5626600682735443,0.044332378
RMSE,0.7495436728000641,0.029057762
MAPE,13.36771364212036,2.20754
MSPE,67887.7763671875,24800.527
TrainTime(s),76.3093395471573,9.557645045128401
TestTime(s),2.339612603187561,0.21000173055980467
