Metric,Mean,STD
MAE,0.5471368819475174,0.036526576
MSE,0.5530825912952423,0.06268195
RMSE,0.7425012767314911,0.042124335
MAPE,13.45082597732544,1.0821036
MSPE,66648.733984375,11373.5
TrainTime(s),71.07849135398865,6.997062363689704
TestTime(s),2.145277810096741,0.07006436196883542
