Metric,Mean,STD
MAE,0.554200267791748,0.022696592
MSE,0.5514475107192993,0.03850076
RMSE,0.7421449661254883,0.025852427
MAPE,14.226314449310303,1.8798412
MSPE,77065.39765625,22430.154
TrainTime(s),74.62646415233613,6.71876975132516
TestTime(s),2.2473543643951417,0.19502206358174784
