Metric,Mean,STD
MAE,0.5669962048530579,0.035075076
MSE,0.5693507671356202,0.05650446
RMSE,0.7536657273769378,0.036588658
MAPE,13.82531805038452,2.2431734
MSPE,71332.142578125,23801.914
TrainTime(s),67.6528882741928,0.9823924146297701
TestTime(s),2.1309218645095824,0.06961445735339969
