Metric,Mean,STD
MAE,0.5501286923885346,0.024854237
MSE,0.5596372783184052,0.03472593
RMSE,0.7477253437042236,0.023325527
MAPE,12.455624961853028,1.8828113
MSPE,55491.505078125,16987.754
TrainTime(s),66.5531323671341,10.059331593024439
TestTime(s),1.976736354827881,0.05894045350432521
