Metric,Mean,STD
MAE,0.5604794383049011,0.033026073
MSE,0.5737167447805405,0.060320634
RMSE,0.7563972532749176,0.039748557
MAPE,13.475443840026855,1.7799296
MSPE,65365.440234375,17390.162
TrainTime(s),68.5229199886322,7.109963489860476
TestTime(s),2.034872603416443,0.05618280944144937
