Metric,Mean,STD
MAE,0.5439040541648865,0.01984008
MSE,0.5401039540767669,0.0343638
RMSE,0.7345390677452087,0.023586493
MAPE,12.984784030914307,1.1396877
MSPE,62767.042578125,12071.707
TrainTime(s),64.51507480144501,6.232862120320414
TestTime(s),2.0556616306304933,0.06142572797775188
