Metric,Mean,STD
MAE,0.5306553810834884,0.01847668
MSE,0.5260208219289779,0.035231084
RMSE,0.7248715281486511,0.024126837
MAPE,11.695386028289795,1.442747
MSPE,48347.747265625,12665.905
TrainTime(s),65.72657785415649,9.467795413575363
TestTime(s),1.9014055252075195,0.028682048091120918
