Metric,Mean,STD
MAE,0.5453940659761429,0.02739578
MSE,0.5575824826955795,0.046329416
RMSE,0.7460680067539215,0.031064454
MAPE,11.793870544433593,1.8015218
MSPE,50583.96015625,15992.772
TrainTime(s),75.32182760238648,9.345808131477876
TestTime(s),2.125971722602844,0.10048767068288808
