Metric,Mean,STD
MAE,0.5652495384216308,0.03407792
MSE,0.5751738309860229,0.065712504
RMSE,0.7572056174278259,0.04258497
MAPE,13.641272735595702,1.3416724
MSPE,68016.92265625,14458.726
TrainTime(s),75.69417855739593,11.900612377074857
TestTime(s),2.1787038326263426,0.07408632146567637
