Metric,Mean,STD
MAE,0.5476404786109924,0.044545025
MSE,0.5450708627700805,0.071994595
RMSE,0.7367461681365967,0.047706835
MAPE,13.401961708068848,2.0118477
MSPE,66434.575,20426.002
TrainTime(s),71.3513213634491,6.615962271224029
TestTime(s),2.1765028476715087,0.03215631696329779
