Metric,Mean,STD
MAE,0.554782110452652,0.02873075
MSE,0.552491283416748,0.044562764
RMSE,0.7426920711994172,0.029996091
MAPE,12.798177909851074,1.0570838
MSPE,60423.62265625,11515.582
TrainTime(s),72.54006333351136,8.674451372171369
TestTime(s),2.1444129943847656,0.047772381084155456
