Metric,Mean,STD
MAE,0.5545194745063782,0.04170124
MSE,0.5638265132904052,0.07065521
RMSE,0.7495250523090362,0.04515211
MAPE,13.153063678741455,3.0098834
MSPE,64372.16640625,30682.004
TrainTime(s),70.67615370750427,7.50615780049814
TestTime(s),2.076221990585327,0.04794948633627223
