Metric,Mean,STD
MAE,0.528953167796135,0.03533947
MSE,0.5227821290493011,0.052090503
RMSE,0.7221190690994262,0.036416825
MAPE,12.477858924865723,1.4017085
MSPE,57876.0708984375,16734.793
TrainTime(s),67.35963616371154,7.94592181039176
TestTime(s),1.966976261138916,0.02110285324731049
