Metric,Mean,STD
MAE,0.548087528347969,0.05396108
MSE,0.5521812498569488,0.0955416
RMSE,0.7405810654163361,0.060999524
MAPE,13.676423358917237,2.571665
MSPE,72035.520703125,31052.236
TrainTime(s),76.8455262184143,9.320440494689501
TestTime(s),2.1771987199783327,0.060845600479706836
