Metric,Mean,STD
MAE,0.538423302769661,0.031582616
MSE,0.532897201180458,0.04132677
RMSE,0.7294520258903503,0.028230099
MAPE,12.606997394561768,1.8946093
MSPE,59601.035546875,19740.527
TrainTime(s),67.72933564186096,6.5894081986505935
TestTime(s),2.0304114818573,0.07878148550342316
