Metric,Mean,STD
MAE,0.536348557472229,0.020435859
MSE,0.535244134068489,0.037265126
RMSE,0.7311610758304596,0.025448052
MAPE,12.588114643096924,1.38321
MSPE,58523.279296875,13235.085
TrainTime(s),67.57467911243438,4.682421638246635
TestTime(s),2.116056227684021,0.16823715614184362
