Metric,Mean,STD
MAE,0.5349455803632737,0.02631328
MSE,0.522359561920166,0.04885422
RMSE,0.7219724714756012,0.033396494
MAPE,13.225001525878906,1.1299112
MSPE,65859.2640625,12036.636
TrainTime(s),74.23443596363067,8.290979255601409
TestTime(s),2.1997148990631104,0.17309275087625767
