Metric,Mean,STD
MAE,0.517570623755455,0.034974035
MSE,0.5120180040597916,0.05714833
RMSE,0.714428037405014,0.04013208
MAPE,12.384887790679931,1.5289145
MSPE,56843.316796875,14671.15
TrainTime(s),61.421670246124265,1.415763010698962
TestTime(s),1.9982292652130127,0.11864207441104603
