Metric,Mean,STD
MAE,0.5492885947227478,0.026936864
MSE,0.5514014542102814,0.050224554
RMSE,0.7418280005455017,0.033055563
MAPE,13.129374790191651,2.134354
MSPE,65830.06328125,25391.135
TrainTime(s),73.91389415264129,8.264378921460152
TestTime(s),2.142423415184021,0.11482813469601603
