Metric,Mean,STD
MAE,0.5570919185876846,0.032525476
MSE,0.5675621896982193,0.045765556
RMSE,0.7527179956436157,0.03126995
MAPE,12.266286945343017,1.3008518
MSPE,53150.346484375,12671.322
TrainTime(s),68.4416434288025,14.332585162447417
TestTime(s),1.9572788238525392,0.06964989679969176
