Metric,Mean,STD
MAE,0.5539716720581055,0.03133001
MSE,0.5507807612419129,0.052695442
RMSE,0.7413165688514709,0.035078615
MAPE,13.138891696929932,2.4730332
MSPE,65638.180078125,29543.795
TrainTime(s),77.24886493682861,7.9746570111132815
TestTime(s),2.172705292701721,0.0314183573481105
