Metric,Mean,STD
MAE,0.5343721240758896,0.026709232
MSE,0.5295370817184448,0.04320364
RMSE,0.727085280418396,0.029733593
MAPE,12.523233222961426,1.4459502
MSPE,56270.6140625,14883.535
TrainTime(s),61.516404914855954,4.386463268104335
TestTime(s),1.918536615371704,0.055272865209496404
