Metric,Mean,STD
MAE,0.5497465133666992,0.04797043
MSE,0.561939588189125,0.07790819
RMSE,0.7477575600147247,0.05289823
MAPE,13.32672472000122,2.1173282
MSPE,66198.96015625,21673.312
TrainTime(s),64.10801839828491,0.9523677639343044
TestTime(s),2.0583614110946655,0.033509285047228825
