Metric,Mean,STD
MAE,0.36220731735229494,0.02540367
MSE,0.25290381610393525,0.035578012
RMSE,0.5016585230827332,0.035249773
MAPE,1.6902862071990967,0.21424209
MSPE,375.3081878662109,109.414276
TrainTime(s),497.6678072452545,94.46106155005819
TestTime(s),14.304474043846131,1.9760856674222804
