Metric,Mean,STD
MAE,0.3361587464809418,0.029288448
MSE,0.21943626850843428,0.03622091
RMSE,0.4669937938451767,0.03678397
MAPE,1.5157301783561707,0.28050336
MSPE,293.4420425415039,97.017685
TrainTime(s),309.98105437755584,85.04142550790054
TestTime(s),7.150024247169495,0.17074208497895993
