Metric,Mean,STD
MAE,0.3456974297761917,0.016588997
MSE,0.2356810003519058,0.022459978
RMSE,0.48493036031723025,0.02288101
MAPE,1.578129243850708,0.21557237
MSPE,289.34844360351565,99.387375
TrainTime(s),655.8402423143386,137.27000804476316
TestTime(s),14.730663156509399,2.203114735136594
