Metric,Mean,STD
MAE,0.39321374595165254,0.041974667
MSE,0.30313465297222136,0.06291466
RMSE,0.547966119647026,0.053551618
MAPE,1.7815449476242065,0.2160742
MSPE,393.6054443359375,90.22739
TrainTime(s),489.68712809085844,133.90273052936152
TestTime(s),14.395145630836486,2.1377618262968157
