Metric,Mean,STD
MAE,0.33352324068546296,0.021965396
MSE,0.22826849222183226,0.0296989
RMSE,0.47671957314014435,0.031732414
MAPE,1.4352585554122925,0.13286622
MSPE,230.63480072021486,41.52759
TrainTime(s),651.1118966341019,156.7425144959224
TestTime(s),14.284944677352906,2.361453576769084
