Metric,Mean,STD
MAE,0.3352562963962555,0.014709984
MSE,0.2182605430483818,0.017933557
RMSE,0.46678375601768496,0.019325312
MAPE,1.5814174175262452,0.35571107
MSPE,355.80996856689455,193.67407
TrainTime(s),629.1565594434738,187.40695307099966
TestTime(s),16.64814999103546,1.3509925958612323
