Metric,Mean,STD
MAE,0.34124859869480134,0.023529718
MSE,0.2334879830479622,0.027594524
RMSE,0.482392281293869,0.02802992
MAPE,1.5046196937561036,0.17746964
MSPE,253.19931182861328,55.290485
TrainTime(s),631.3716685056686,180.0832123665812
TestTime(s),12.811035585403442,2.697983316508219
