Metric,Mean,STD
MAE,0.3305088847875595,0.021412538
MSE,0.22092781215906143,0.024841249
RMSE,0.46928712725639343,0.02640848
MAPE,1.5018582224845887,0.33452275
MSPE,249.9181915283203,115.08559
TrainTime(s),629.1532507658005,127.88100386174163
TestTime(s),13.383966946601868,2.492381731615321
