Metric,Mean,STD
MAE,0.3651349306106567,0.022758713
MSE,0.2612971365451813,0.033328287
RMSE,0.5101071536540985,0.032982107
MAPE,1.7254551529884339,0.30747697
MSPE,397.79373931884766,193.05835
TrainTime(s),572.1691989183425,117.33274210569427
TestTime(s),13.903379535675048,2.2564765165258356
