Metric,Mean,STD
MAE,0.3237099081277847,0.011985729
MSE,0.21181795001029968,0.0153686805
RMSE,0.45991638004779817,0.017171849
MAPE,1.393446111679077,0.11483987
MSPE,253.2464157104492,75.12656
TrainTime(s),549.1878686904907,79.01145595301692
TestTime(s),13.101517796516418,3.182059119003661
