Metric,Mean,STD
MAE,0.34853663146495817,0.026278283
MSE,0.2321827381849289,0.030906795
RMSE,0.48082218766212464,0.031508084
MAPE,1.6069860100746154,0.2093207
MSPE,340.61312408447264,126.85031
TrainTime(s),587.8064605951309,156.15320440427138
TestTime(s),16.106165599822997,1.9394964143870412
