Metric,Mean,STD
MAE,0.3317379891872406,0.010416228
MSE,0.22219177037477494,0.014999935
RMSE,0.47110258638858793,0.015941227
MAPE,1.5037432551383971,0.09446003
MSPE,243.04602661132813,34.314438
TrainTime(s),634.4784229040146,128.76871486330856
TestTime(s),14.978731441497803,1.2462303355970938
