Metric,Mean,STD
MAE,0.3387314885854721,0.0281969
MSE,0.22538030743598939,0.03620005
RMSE,0.47324277758598327,0.037703842
MAPE,1.5929221034049987,0.2784327
MSPE,343.91829681396484,193.35873
TrainTime(s),616.3398715496063,199.19527151099138
TestTime(s),15.529888677597047,2.2172629577058345
