Metric,Mean,STD
MAE,0.3337469965219498,0.012327332
MSE,0.22894037663936614,0.015339932
RMSE,0.47820456326007843,0.016148519
MAPE,1.438270926475525,0.083346024
MSPE,240.1643539428711,59.265697
TrainTime(s),705.9200317144393,80.85021592315388
TestTime(s),15.059173393249512,1.8814255719572937
