Metric,Mean,STD
MAE,0.34819944500923156,0.015889449
MSE,0.2411446526646614,0.023706548
RMSE,0.49048919677734376,0.023769744
MAPE,1.488974404335022,0.15684986
MSPE,242.8023254394531,58.454456
TrainTime(s),694.9052995681762,145.20592862708668
TestTime(s),15.530796146392822,1.6131463095898013
