Metric,Mean,STD
MAE,0.32534857988357546,0.020711713
MSE,0.20494695454835893,0.023214858
RMSE,0.45199607908725736,0.02542635
MAPE,1.551490020751953,0.27703708
MSPE,282.8937240600586,107.36467
TrainTime(s),592.8652370214462,145.8476462009306
TestTime(s),14.04923872947693,2.1593254903918977
