Metric,Mean,STD
MAE,0.3599583446979523,0.022653867
MSE,0.24773925095796584,0.021990353
RMSE,0.497239488363266,0.022184327
MAPE,1.7347058653831482,0.38215715
MSPE,406.72325744628904,224.05658
TrainTime(s),511.5851874113083,122.8192220256001
TestTime(s),14.335927367210388,3.3377381570167612
