Metric,Mean,STD
MAE,0.34249733090400697,0.012628499
MSE,0.2260140910744667,0.01411471
RMSE,0.47517538368701934,0.014914472
MAPE,1.5314857840538025,0.19880871
MSPE,306.83947601318357,104.548096
TrainTime(s),585.617514705658,97.01524710709072
TestTime(s),15.697997975349427,2.5052354470571774
