Metric,Mean,STD
MAE,0.34089986979961395,0.014602342
MSE,0.2341864138841629,0.017449016
RMSE,0.4835986942052841,0.017852508
MAPE,1.4535915851593018,0.2196803
MSPE,250.7308563232422,74.64098
TrainTime(s),618.3816069602966,133.50745149272996
TestTime(s),15.194180870056153,3.022337713868232
