Metric,Mean,STD
MAE,0.3455862730741501,0.025748886
MSE,0.23172416239976884,0.032821257
RMSE,0.4801869362592697,0.033832993
MAPE,1.6461504459381104,0.30325827
MSPE,380.45260162353514,114.23316
TrainTime(s),515.2144184112549,98.21009442676275
TestTime(s),14.923415160179138,2.817499688847194
