Metric,Mean,STD
MAE,0.33672686815261843,0.015973117
MSE,0.22290788739919662,0.018868744
RMSE,0.47169606685638427,0.02026604
MAPE,1.533174216747284,0.18433888
MSPE,276.1669036865234,68.56793
TrainTime(s),614.1590001583099,134.1520858328576
TestTime(s),14.379331946372986,1.6630171980299255
