Metric,Mean,STD
MAE,0.37133965492248533,0.035004765
MSE,0.27380811125040055,0.05201263
RMSE,0.5211453527212143,0.047070537
MAPE,1.601528561115265,0.34553188
MSPE,341.2309829711914,202.3198
TrainTime(s),357.2324311971664,84.21091437453586
TestTime(s),10.00622820854187,2.3662482032540075
