Metric,Mean,STD
MAE,0.3367521435022354,0.01767575
MSE,0.22777654379606246,0.015181853
RMSE,0.47699286341667174,0.015948422
MAPE,1.5127747654914856,0.19484378
MSPE,256.5629455566406,76.38959
TrainTime(s),589.2239264965058,127.28253379966849
TestTime(s),13.845456600189209,2.767784242616376
