Metric,Mean,STD
MAE,0.3416812479496002,0.018192116
MSE,0.23623596578836442,0.02235515
RMSE,0.4854886054992676,0.02316855
MAPE,1.5389420628547668,0.29746094
MSPE,294.87564239501955,140.57896
TrainTime(s),704.9020075321198,197.78928501448652
TestTime(s),13.715713953971862,2.32951459664955
