Metric,Mean,STD
MAE,0.33965357542037966,0.023061061
MSE,0.22642759680747987,0.021834267
RMSE,0.4752943605184555,0.02286638
MAPE,1.5508477807044982,0.2883945
MSPE,327.16434478759766,164.56825
TrainTime(s),568.7204013347625,151.36144220107684
TestTime(s),17.003155159950257,1.4354222805814323
