Metric,Mean,STD
MAE,0.332900395989418,0.025443446
MSE,0.21737147867679596,0.031918284
RMSE,0.4650435268878937,0.03325655
MAPE,1.6026874661445618,0.21257125
MSPE,370.3335159301758,95.327126
TrainTime(s),543.1868403196335,116.51060945620839
TestTime(s),17.37659146785736,2.0312033358922728
