Metric,Mean,STD
MAE,0.3462502956390381,0.014032225
MSE,0.23672058135271073,0.013287466
RMSE,0.48634626269340514,0.013707378
MAPE,1.5769963026046754,0.2352894
MSPE,295.9191635131836,92.12424
TrainTime(s),581.3327545404434,130.04611447704627
TestTime(s),16.32561285495758,1.9714996822916064
