Metric,Mean,STD
MAE,0.33354241847991944,0.0080969045
MSE,0.22297087162733079,0.013761122
RMSE,0.4719714462757111,0.0146227665
MAPE,1.4760420322418213,0.20717387
MSPE,240.8448974609375,87.50877
TrainTime(s),669.7558939933776,219.11432129983248
TestTime(s),15.232466006278992,1.3888261001832878
