Metric,Mean,STD
MAE,0.3314705044031143,0.013400474
MSE,0.21256670504808425,0.018106228
RMSE,0.46063309609889985,0.019592144
MAPE,1.5993471980094909,0.2499348
MSPE,300.78967437744143,122.77392
TrainTime(s),518.7307621717453,149.03362169572304
TestTime(s),13.23386800289154,2.9685767011496966
