Metric,Mean,STD
MAE,0.3385662049055099,0.013006784
MSE,0.22642445117235183,0.017055066
RMSE,0.47550879418849945,0.017771777
MAPE,1.4532506465911865,0.17876244
MSPE,224.5801528930664,77.332825
TrainTime(s),535.5468822479248,121.65893474696954
TestTime(s),10.641661906242371,2.474330857910286
