Metric,Mean,STD
MAE,0.3308910667896271,0.023437338
MSE,0.21211100816726686,0.022870613
RMSE,0.4598444104194641,0.02557594
MAPE,1.5404354691505433,0.3307631
MSPE,309.6606704711914,157.75677
TrainTime(s),568.2004940509796,152.2073100364994
TestTime(s),14.46449236869812,2.3441621714621057
