Metric,Mean,STD
MAE,0.3318991333246231,0.016128516
MSE,0.22098748981952668,0.019997833
RMSE,0.4696221619844437,0.021036051
MAPE,1.4381016969680787,0.13045181
MSPE,245.59859466552734,62.253487
TrainTime(s),628.477700972557,159.81840608561896
TestTime(s),13.962452363967895,0.8145898738892432
