Metric,Mean,STD
MAE,0.3593894153833389,0.02973835
MSE,0.2501651540398598,0.043329377
RMSE,0.4984668463468552,0.041181937
MAPE,1.7532186388969422,0.2547714
MSPE,381.5030685424805,127.64793
TrainTime(s),490.3804754495621,78.55411600019016
TestTime(s),12.479131507873536,2.6797115228701673
