Metric,Mean,STD
MAE,0.3318408906459808,0.014118456
MSE,0.21271104067564012,0.01523237
RMSE,0.46092033088207246,0.016232245
MAPE,1.5135953783988954,0.26744625
MSPE,313.43098907470704,201.42276
TrainTime(s),549.1609333753586,130.08522868816235
TestTime(s),14.472070097923279,2.9528492593672895
