Metric,Mean,STD
MAE,0.3417726010084152,0.016024131
MSE,0.23267484158277513,0.015393264
RMSE,0.4821020752191544,0.015887903
MAPE,1.4833035469055176,0.28119433
MSPE,249.75808868408203,82.56183
TrainTime(s),660.9590840339661,90.91159387421366
TestTime(s),15.55398244857788,1.1987860313128742
