Metric,Mean,STD
MAE,0.3439722806215286,0.021980261
MSE,0.23289560228586198,0.02329591
RMSE,0.48200128972530365,0.023882223
MAPE,1.4637621283531188,0.1377135
MSPE,250.61412200927734,62.11963
TrainTime(s),561.6230747699738,120.66807943647275
TestTime(s),16.65279996395111,1.8391224044884014
