Metric,Mean,STD
MAE,0.3709388792514801,0.02609898
MSE,0.2693976268172264,0.031980872
RMSE,0.5181230217218399,0.030759627
MAPE,1.6842257499694824,0.36699608
MSPE,304.79790649414065,121.809296
TrainTime(s),671.217716050148,138.9893436018755
TestTime(s),14.386101031303406,2.082226503156113
