Metric,Mean,STD
MAE,0.32448314130306244,0.016736638
MSE,0.20253777801990508,0.014401958
RMSE,0.44976787865161894,0.015704602
MAPE,1.5396125674247743,0.24503082
MSPE,303.60228576660154,121.172646
TrainTime(s),438.55766143798826,84.47826870375071
TestTime(s),12.754992198944091,3.1793082061691655
