Metric,Mean,STD
MAE,0.3317060530185699,0.021187592
MSE,0.21773497611284257,0.026290279
RMSE,0.4657799154520035,0.028000867
MAPE,1.5508263826370239,0.17652209
MSPE,268.36867370605466,59.4688
TrainTime(s),525.6725461006165,76.41513924364574
TestTime(s),10.644784712791443,4.208375200992462
