Metric,Mean,STD
MAE,0.3539654046297073,0.029527131
MSE,0.23612522035837175,0.033658456
RMSE,0.4847192317247391,0.034241583
MAPE,1.7085597038269043,0.42335552
MSPE,409.5628723144531,241.47151
TrainTime(s),422.60624303817747,86.53355116577153
TestTime(s),11.417152667045594,3.138688457462801
