Metric,Mean,STD
MAE,0.39175923466682433,0.03240934
MSE,0.2987873673439026,0.05410949
RMSE,0.5444968283176422,0.048068352
MAPE,1.660510790348053,0.2978311
MSPE,360.83021240234376,210.74727
TrainTime(s),554.4479066610336,151.52096550580407
TestTime(s),14.191484236717224,2.205022579442198
