Metric,Mean,STD
MAE,0.33511877357959746,0.023525901
MSE,0.21601147800683976,0.021406269
RMSE,0.46416144967079165,0.023782846
MAPE,1.586217451095581,0.3259626
MSPE,307.42640533447263,115.31166
TrainTime(s),587.1260910987854,115.27900898166875
TestTime(s),16.481539559364318,3.030002658383984
