Metric,Mean,STD
MAE,0.3424853980541229,0.017261168
MSE,0.2340099334716797,0.018241027
RMSE,0.48337864875793457,0.018841675
MAPE,1.474008595943451,0.18547
MSPE,262.6076889038086,83.79437
TrainTime(s),702.3679060220718,189.33673017512476
TestTime(s),14.741519975662232,1.673402086394463
