Metric,Mean,STD
MAE,0.3450958371162415,0.026245963
MSE,0.2314649611711502,0.032446094
RMSE,0.4799074292182922,0.03396794
MAPE,1.5512750148773193,0.2679002
MSPE,321.401838684082,143.81674
TrainTime(s),506.26566169261935,122.65914466183492
TestTime(s),13.397262907028198,2.5806443735351206
