Metric,Mean,STD
MAE,0.33914167881011964,0.014925225
MSE,0.2307495042681694,0.023115734
RMSE,0.4797562539577484,0.02415443
MAPE,1.635019314289093,0.23080194
MSPE,300.85858459472655,118.079445
TrainTime(s),556.1753400564194,128.3656754299723
TestTime(s),11.01519010066986,3.3676295162442975
