Metric,Mean,STD
MAE,0.3400743335485458,0.01761729
MSE,0.23195857405662537,0.02293986
RMSE,0.4810575097799301,0.023286274
MAPE,1.4906989336013794,0.18194732
MSPE,240.6925277709961,80.31534
TrainTime(s),570.1863126993179,88.13424242931549
TestTime(s),10.078129768371582,2.7475537388190783
