Metric,Mean,STD
MAE,0.3393626421689987,0.019816225
MSE,0.2312469705939293,0.024837209
RMSE,0.4801747500896454,0.026061038
MAPE,1.4391601920127868,0.13807735
MSPE,252.54747314453124,55.90739
TrainTime(s),545.0497179508209,110.53016171841149
TestTime(s),14.853966236114502,1.5078807190756005
