Metric,Mean,STD
MAE,0.3267450451850891,0.016393606
MSE,0.2148227423429489,0.018640619
RMSE,0.4630505323410034,0.020172868
MAPE,1.3892377853393554,0.1696341
MSPE,206.04315338134765,55.76253
TrainTime(s),591.7375495195389,70.2775234120636
TestTime(s),12.795940828323364,2.9544421766179276
