Metric,Mean,STD
MAE,0.33720810413360597,0.016563581
MSE,0.23103859424591064,0.017345976
RMSE,0.4803259640932083,0.01804331
MAPE,1.4101542472839355,0.2117061
MSPE,238.68304901123048,90.05269
TrainTime(s),618.4917993783951,194.02460038201818
TestTime(s),14.12810115814209,2.233700206927565
