Metric,Mean,STD
MAE,0.3393812596797943,0.023233287
MSE,0.22877819538116456,0.027612824
RMSE,0.47742714583873747,0.029008843
MAPE,1.5301132798194885,0.26353633
MSPE,254.47915496826172,106.25823
TrainTime(s),596.8700740814209,92.71344350334556
TestTime(s),10.143963956832886,2.2347473939981035
