Metric,Mean,STD
MAE,0.3426222324371338,0.028506042
MSE,0.22271312177181243,0.026507206
RMSE,0.4710764080286026,0.028286763
MAPE,1.7206997632980348,0.35042867
MSPE,399.41822357177733,148.53847
TrainTime(s),543.9878875494003,110.85958297668901
TestTime(s),16.334867691993715,1.4465337168469226
