Metric,Mean,STD
MAE,0.3495978683233261,0.024429388
MSE,0.24279409199953078,0.029082248
RMSE,0.49185599386692047,0.029525746
MAPE,1.5960665106773377,0.26970077
MSPE,286.06809997558594,90.42276
TrainTime(s),649.4920140743255,122.89519181258592
TestTime(s),13.440257740020751,1.7876203075676331
