Metric,Mean,STD
MAE,0.3340684771537781,0.02265416
MSE,0.222747565805912,0.021329783
RMSE,0.47144776582717896,0.022012953
MAPE,1.526676058769226,0.27521676
MSPE,285.2874008178711,141.67656
TrainTime(s),655.7784372091294,174.897397362208
TestTime(s),14.954727292060852,2.133502059269631
