Metric,Mean,STD
MAE,0.38718395233154296,0.031154541
MSE,0.2962755933403969,0.042630535
RMSE,0.5429251044988632,0.038832072
MAPE,1.6116455078125,0.17620818
MSPE,332.8638671875,70.79139
TrainTime(s),611.3474872350693,198.88888234235384
TestTime(s),14.53477122783661,1.6465792196944706
