Metric,Mean,STD
MAE,0.33846421241760255,0.021872388
MSE,0.22043275833129883,0.027492
RMSE,0.4686519533395767,0.02825076
MAPE,1.560305368900299,0.21136077
MSPE,326.2716781616211,92.099304
TrainTime(s),478.0786339521408,119.22803326134829
TestTime(s),11.830205011367799,2.681844299350902
