Metric,Mean,STD
MAE,0.360523921251297,0.055099685
MSE,0.24998877048492432,0.064501405
RMSE,0.49642561972141264,0.059584983
MAPE,1.774312973022461,0.36944556
MSPE,437.76368408203126,272.3892
TrainTime(s),497.5070646524429,112.67772555656086
TestTime(s),14.808714199066163,2.8947049593666607
