Metric,Mean,STD
MAE,0.338146436214447,0.014511579
MSE,0.22352586388587953,0.01836904
RMSE,0.47238659858703613,0.019410474
MAPE,1.5019431233406066,0.3217051
MSPE,286.0830932617188,210.2613
TrainTime(s),561.7373425960541,146.15474739022136
TestTime(s),12.390244460105896,3.642727447926531
