Metric,Mean,STD
MAE,0.3376665830612183,0.017778786
MSE,0.22537532895803453,0.021326222
RMSE,0.4742033839225769,0.02250491
MAPE,1.4594261407852174,0.102359824
MSPE,279.8970672607422,92.674034
TrainTime(s),631.094563627243,128.7734318486121
TestTime(s),13.152881026268005,3.482695741889788
