Metric,Mean,STD
MAE,0.34756326377391816,0.022582147
MSE,0.2325572118163109,0.025772065
RMSE,0.4815348297357559,0.026103955
MAPE,1.5593517422676086,0.14682418
MSPE,317.14875946044924,65.59581
TrainTime(s),503.6500291109085,119.88189562128186
TestTime(s),16.16534502506256,2.8772761095341552
