Metric,Mean,STD
MAE,0.3341543823480606,0.020290874
MSE,0.22245367765426635,0.01963122
RMSE,0.4711806923151016,0.021034053
MAPE,1.50658860206604,0.32612103
MSPE,298.47691345214844,167.41281
TrainTime(s),576.3137802839279,185.80484092281307
TestTime(s),14.169084715843201,2.456698634855918
