Metric,Mean,STD
MAE,0.3298679143190384,0.017297529
MSE,0.21829222291707992,0.021633927
RMSE,0.46663174629211424,0.023388892
MAPE,1.5104150891304016,0.10901086
MSPE,255.9002487182617,55.49515
TrainTime(s),611.8653072118759,89.92995192391767
TestTime(s),15.92426176071167,1.7639469988181393
