Metric,Mean,STD
MAE,0.37943140864372255,0.022406027
MSE,0.2790636748075485,0.029310314
RMSE,0.5275390833616257,0.027680198
MAPE,1.706235647201538,0.15750083
MSPE,370.0231597900391,108.94034
TrainTime(s),466.24971055984497,134.716777174623
TestTime(s),13.16107943058014,1.6244380290279468
