Metric,Mean,STD
MAE,0.3486890435218811,0.016025987
MSE,0.23590151965618134,0.021922346
RMSE,0.48517278134822844,0.022558676
MAPE,1.6082765698432921,0.23776035
MSPE,287.3489730834961,88.743065
TrainTime(s),669.6487557649613,279.99752813314444
TestTime(s),15.441744327545166,3.2964820535602053
