Metric,Mean,STD
MAE,0.35515677332878115,0.034938037
MSE,0.24545079469680786,0.039789315
RMSE,0.493794846534729,0.040217455
MAPE,1.5818233251571656,0.25779858
MSPE,299.9210998535156,104.10992
TrainTime(s),562.4457944631577,125.32602503890683
TestTime(s),15.919607329368592,1.9637317155597973
