Metric,Mean,STD
MAE,0.32855403125286103,0.014641101
MSE,0.21770801693201064,0.01782148
RMSE,0.46620520353317263,0.018992757
MAPE,1.4672748446464539,0.1989652
MSPE,245.70469665527344,42.726368
TrainTime(s),677.4147788763046,81.35255561161988
TestTime(s),16.53631188869476,1.2232272748598674
