Metric,Mean,STD
MAE,0.3502181053161621,0.020511294
MSE,0.24275876432657242,0.020236032
RMSE,0.4922832727432251,0.020394828
MAPE,1.6339771747589111,0.34388417
MSPE,327.75941009521483,172.16318
TrainTime(s),686.8366451740264,127.68810575527799
TestTime(s),16.2658540725708,1.4758637177527016
