Metric,Mean,STD
MAE,0.36516444087028505,0.034406
MSE,0.26161717176437377,0.04097244
RMSE,0.509805104136467,0.04142374
MAPE,1.738868248462677,0.27759424
MSPE,357.43370513916017,100.14488
TrainTime(s),528.340024471283,92.74545562356796
TestTime(s),14.417583751678468,2.53251778654437
