Metric,Mean,STD
MAE,0.346003046631813,0.022457924
MSE,0.2307240694761276,0.027412564
RMSE,0.479457488656044,0.029061863
MAPE,1.532054340839386,0.19525592
MSPE,299.7377227783203,104.254135
TrainTime(s),628.3825594186783,123.75911956861123
TestTime(s),16.404323506355286,1.5968201058121378
