Metric,Mean,STD
MAE,0.40491812825202944,0.03524086
MSE,0.3095347970724106,0.051400058
RMSE,0.5543705314397812,0.046990573
MAPE,1.8634701490402221,0.14592494
MSPE,411.1551574707031,98.500015
TrainTime(s),495.0618938922882,128.1000148584459
TestTime(s),12.372489666938781,1.4935983497871594
