Metric,Mean,STD
MAE,0.3391984820365906,0.023870273
MSE,0.21911521553993224,0.0308535
RMSE,0.4670340299606323,0.03153459
MAPE,1.7108519911766051,0.46242273
MSPE,365.36959381103514,202.25241
TrainTime(s),449.6763134241104,132.41206586763127
TestTime(s),12.830217266082764,2.8513205426183466
