Metric,Mean,STD
MAE,0.36965613067150116,0.039334554
MSE,0.2630544945597649,0.0410489
RMSE,0.5113557547330856,0.039620545
MAPE,1.7927046179771424,0.56039727
MSPE,430.5400146484375,299.57996
TrainTime(s),381.69713430404664,72.84301548161284
TestTime(s),11.942841291427612,1.75898659317687
