Metric,Mean,STD
MAE,0.33290052115917207,0.009158262
MSE,0.21525875329971314,0.011023021
RMSE,0.4638056606054306,0.011960716
MAPE,1.61103013753891,0.38260478
MSPE,358.88909912109375,175.29861
TrainTime(s),617.5197193384171,134.3194602939122
TestTime(s),15.07760488986969,3.0085304230332106
