Metric,Mean,STD
MAE,0.3295642912387848,0.020968411
MSE,0.21776085942983628,0.02398724
RMSE,0.4659503370523453,0.025517523
MAPE,1.4119362473487853,0.113418594
MSPE,217.55250549316406,39.995033
TrainTime(s),590.8491242170334,107.89172266904038
TestTime(s),15.422699451446533,2.027316310523897
