Metric,Mean,STD
MAE,0.34800030291080475,0.02251247
MSE,0.22913808524608612,0.019715494
RMSE,0.47822457253932954,0.020960547
MAPE,1.738761842250824,0.4125927
MSPE,465.97738494873045,342.62018
TrainTime(s),455.32937850952146,93.92544843841476
TestTime(s),13.096072602272034,2.9147776335098885
