Metric,Mean,STD
MAE,0.35967609882354734,0.02890294
MSE,0.2438793107867241,0.034121644
RMSE,0.4926541417837143,0.034222953
MAPE,1.7176438331604005,0.3354431
MSPE,385.82915649414065,164.29521
TrainTime(s),511.60454845428467,122.21035379778178
TestTime(s),15.257231450080871,2.7270641103696347
