Metric,Mean,STD
MAE,0.3440146744251251,0.019058524
MSE,0.23459154665470122,0.022269629
RMSE,0.4837783008813858,0.023454227
MAPE,1.5002570033073426,0.19587065
MSPE,244.79381866455077,60.135464
TrainTime(s),645.409774684906,90.30769477246075
TestTime(s),15.378196263313294,2.06427441388799
