Metric,Mean,STD
MAE,0.36967473924160005,0.033621505
MSE,0.2741533890366554,0.051224034
RMSE,0.5213914036750793,0.048004076
MAPE,1.5659870743751525,0.23316738
MSPE,324.84604797363284,141.36642
TrainTime(s),511.2691822528839,60.39897442544801
TestTime(s),12.432547473907471,2.4289800835619824
