Metric,Mean,STD
MAE,0.4015237778425217,0.03533416
MSE,0.310723714530468,0.048625972
RMSE,0.5556762516498566,0.04413181
MAPE,1.7850942969322205,0.25110838
MSPE,392.8739730834961,190.5641
TrainTime(s),497.7410575628281,123.68541519591204
TestTime(s),13.195895862579345,2.5448518150273913
