Metric,Mean,STD
MAE,0.3852688491344452,0.041653328
MSE,0.28268911093473437,0.045769364
RMSE,0.5298207104206085,0.044487335
MAPE,1.7645598530769349,0.4096151
MSPE,403.17359619140626,236.84796
TrainTime(s),475.8011663675308,92.95862189886606
TestTime(s),12.295505905151368,1.9657326657756102
