Metric,Mean,STD
MAE,0.33641837239265443,0.021722125
MSE,0.22540191262960435,0.021927122
RMSE,0.47423095703125,0.022514602
MAPE,1.4990471243858337,0.28236404
MSPE,253.9178482055664,90.791916
TrainTime(s),589.5986255168915,109.14129464078518
TestTime(s),15.216805911064148,2.471810586692358
