Metric,Mean,STD
MAE,0.34722108840942384,0.013680957
MSE,0.24342740178108216,0.020323057
RMSE,0.492956617474556,0.020522606
MAPE,1.486603808403015,0.1364149
MSPE,276.9788879394531,122.98806
TrainTime(s),660.4511865139008,127.33236353510156
TestTime(s),15.604939913749694,2.1583284616818563
