Metric,Mean,STD
MAE,0.34751340448856355,0.03217188
MSE,0.23427969813346863,0.034368437
RMSE,0.48277639150619506,0.034736976
MAPE,1.5294920563697816,0.2813958
MSPE,262.403857421875,70.68625
TrainTime(s),601.159705042839,97.15742187697818
TestTime(s),15.829591536521912,2.217515003897513
