Metric,Mean,STD
MAE,0.3481547266244888,0.030619154
MSE,0.23041215538978577,0.03356281
RMSE,0.4788164168596268,0.033867344
MAPE,1.6274117708206177,0.21545349
MSPE,341.3980346679688,107.764946
TrainTime(s),662.4707624435425,109.03193237566872
TestTime(s),17.145405054092407,1.1604354217726784
