Metric,Mean,STD
MAE,0.38060552179813384,0.023903096
MSE,0.2798678562045097,0.032366537
RMSE,0.5281558394432068,0.030319322
MAPE,1.64629887342453,0.20556335
MSPE,335.601904296875,94.73446
TrainTime(s),486.0927193880081,126.06697587316235
TestTime(s),13.0873046875,2.6961425007332465
