Metric,Mean,STD
MAE,0.3373041242361069,0.02198264
MSE,0.22287880778312683,0.026868453
RMSE,0.47126327753067015,0.028102156
MAPE,1.5197834610939025,0.30345255
MSPE,330.89962005615234,209.57455
TrainTime(s),546.745515704155,170.04774688030685
TestTime(s),10.70304479598999,3.7417821407600345
