Metric,Mean,STD
MAE,0.33976238369941714,0.011552771
MSE,0.23591726273298264,0.016913012
RMSE,0.48540152609348297,0.017396044
MAPE,1.43892240524292,0.3037525
MSPE,289.00511169433594,239.37032
TrainTime(s),550.0933967590332,84.2470217482819
TestTime(s),10.422075486183166,2.4906821744361256
