Metric,Mean,STD
MAE,0.353534659743309,0.028905699
MSE,0.24169508516788482,0.037337977
RMSE,0.49023918211460116,0.03688665
MAPE,1.7522960424423217,0.2917008
MSPE,460.5383499145508,290.23016
TrainTime(s),491.35997247695923,115.41744862486063
TestTime(s),14.776976180076598,1.7102743653498491
