Metric,Mean,STD
MAE,0.33285465836524963,0.018489715
MSE,0.2207755982875824,0.02141264
RMSE,0.46932425498962405,0.022590814
MAPE,1.4828922867774963,0.23043273
MSPE,245.03396606445312,77.21752
TrainTime(s),478.24238109588623,87.71064794502635
TestTime(s),8.698367190361022,1.9594160435739663
