Metric,Mean,STD
MAE,0.3677182406187057,0.03164803
MSE,0.26220194846391676,0.04185577
RMSE,0.5105642795562744,0.039064936
MAPE,1.674283003807068,0.26727945
MSPE,417.3359146118164,172.36339
TrainTime(s),502.8476189851761,122.32660028864525
TestTime(s),13.424458241462707,3.044581066242217
