Metric,Mean,STD
MAE,0.33714626729488373,0.02195931
MSE,0.22767593413591386,0.025402168
RMSE,0.4764476090669632,0.025954075
MAPE,1.4502515554428101,0.21890244
MSPE,241.26378784179687,87.20707
TrainTime(s),705.677013373375,162.68438270462093
TestTime(s),14.834949731826782,2.067477350870888
