Metric,Mean,STD
MAE,0.35859125256538393,0.03270718
MSE,0.24481836408376695,0.039607294
RMSE,0.49324136078357694,0.039132114
MAPE,1.6982648968696594,0.1842598
MSPE,374.6430389404297,85.52307
TrainTime(s),492.7475954771042,95.54639891198964
TestTime(s),15.285901999473571,2.2986681441667733
