Metric,Mean,STD
MAE,0.34256203174591066,0.018850014
MSE,0.23245920091867447,0.026595421
RMSE,0.48135205209255216,0.027557343
MAPE,1.5243296027183533,0.27049538
MSPE,248.1764389038086,93.17636
TrainTime(s),503.5112636089325,103.15514168433673
TestTime(s),10.741549706459045,2.179888764210067
