Metric,Mean,STD
MAE,0.33023977279663086,0.015921583
MSE,0.22324708104133606,0.020990286
RMSE,0.4719685554504395,0.022198247
MAPE,1.4550531029701232,0.12241508
MSPE,230.99386596679688,60.497475
TrainTime(s),608.7293492555618,122.30133973129968
TestTime(s),10.366323471069336,2.4727542605717057
