Metric,Mean,STD
MAE,0.35215401351451875,0.030885173
MSE,0.24115730226039886,0.041574594
RMSE,0.4893184810876846,0.04152981
MAPE,1.5601298570632935,0.23133251
MSPE,313.48972473144534,117.857185
TrainTime(s),553.438747048378,92.71037540667699
TestTime(s),16.187079739570617,1.6945359553803643
