Metric,Mean,STD
MAE,0.5151992827653885,0.039837074
MSE,0.49479901492595674,0.07941858
RMSE,0.7013447344303131,0.05398674
MAPE,12.605690288543702,1.8762225
MSPE,59251.662109375,17960.186
TrainTime(s),63.37020246982574,7.023950404865849
TestTime(s),2.0484481334686278,0.06737273185063901
