Metric,Mean,STD
MAE,0.5099733740091323,0.025269793
MSE,0.48270109593868255,0.0405091
RMSE,0.6941553771495819,0.029144678
MAPE,11.908897209167481,2.139986
MSPE,53300.1853515625,23080.107
TrainTime(s),63.06451904773712,4.940547905467982
TestTime(s),2.1228000640869142,0.2184476195568759
