Metric,Mean,STD
MAE,0.5218342661857605,0.019170187
MSE,0.49633350074291227,0.035390634
RMSE,0.7040581405162811,0.025211785
MAPE,11.330931568145752,1.1228758
MSPE,46201.598828125,10205.543
TrainTime(s),60.78191623687744,4.636098495784869
TestTime(s),1.9959788560867309,0.04771065585022769
