Metric,Mean,STD
MAE,0.5166488021612168,0.02813085
MSE,0.49286286532878876,0.042117704
RMSE,0.7013878464698792,0.030297821
MAPE,12.023680210113525,1.9750934
MSPE,54082.9021484375,18376.914
TrainTime(s),60.77600238323212,6.3082039922521025
TestTime(s),2.0518846035003664,0.18904997536887325
