Metric,Mean,STD
MAE,0.5136375814676285,0.020179734
MSE,0.4933473378419876,0.031878043
RMSE,0.7020066797733306,0.023107598
MAPE,11.738195610046386,1.1600989
MSPE,47885.840234375,10696.949
TrainTime(s),56.26737015247345,5.973686058468229
TestTime(s),1.855124545097351,0.05611278282339851
