Metric,Mean,STD
MAE,0.5044994354248047,0.035856046
MSE,0.4774345993995667,0.059671402
RMSE,0.6896564126014709,0.042527962
MAPE,12.777857494354247,2.611081
MSPE,62880.3767578125,26878.541
TrainTime(s),54.547047233581544,5.223965242721811
TestTime(s),1.8804301977157594,0.05558587750262954
