Metric,Mean,STD
MAE,0.5331504642963409,0.033010166
MSE,0.5157464414834976,0.047871742
RMSE,0.7173645734786988,0.033682678
MAPE,13.049794006347657,1.6053946
MSPE,63542.34609375,16974.162
TrainTime(s),65.82982602119446,8.126558132157367
TestTime(s),2.093284797668457,0.131021476635885
