Metric,Mean,STD
MAE,0.4998651832342148,0.025769163
MSE,0.47552413642406466,0.040651068
RMSE,0.6889618992805481,0.029251272
MAPE,10.483912181854247,1.1172467
MSPE,37892.630078125,7620.8193
TrainTime(s),59.14322533607483,1.6785367059227112
TestTime(s),2.038230037689209,0.0801704258354149
