Metric,Mean,STD
MAE,0.5092207700014114,0.027560905
MSE,0.4961495906114578,0.045073397
RMSE,0.7036583960056305,0.03185056
MAPE,10.950456428527833,1.1447011
MSPE,42564.7392578125,9474.717
TrainTime(s),58.652605414390564,5.7117200930475684
TestTime(s),1.9622685194015503,0.05712193844568501
