Metric,Mean,STD
MAE,0.4929113626480103,0.023571748
MSE,0.4698797225952148,0.040046524
RMSE,0.6848344445228577,0.02969019
MAPE,12.20839033126831,1.1147865
MSPE,54978.3078125,10851.093
TrainTime(s),57.4880784034729,6.895932997899283
TestTime(s),1.9636518001556396,0.07679808218495228
