Metric,Mean,STD
MAE,0.5328636944293976,0.03226826
MSE,0.5157432973384857,0.04274529
RMSE,0.7175264179706573,0.029985616
MAPE,12.07359857559204,1.8003367
MSPE,55281.02265625,19454.791
TrainTime(s),68.48173444271087,8.80032318300888
TestTime(s),2.2246854066848756,0.17349616389892583
