Metric,Mean,STD
MAE,0.5262432992458344,0.039914843
MSE,0.519695907831192,0.05666416
RMSE,0.7198306143283844,0.03924016
MAPE,11.760401630401612,1.5736198
MSPE,48876.3048828125,14187.095
TrainTime(s),57.03375072479248,4.205495557470577
TestTime(s),1.9305197715759277,0.07248218720437166
