Metric,Mean,STD
MAE,0.5137986481189728,0.014404312
MSE,0.49561783075332644,0.01946045
RMSE,0.7038659572601318,0.013803723
MAPE,11.90795202255249,0.556341
MSPE,50584.090625,5992.3184
TrainTime(s),53.947190046310425,1.7974815013996868
TestTime(s),1.9251508712768555,0.04364384299244807
