Metric,Mean,STD
MAE,0.5104549378156662,0.025276152
MSE,0.48256103992462157,0.03419475
RMSE,0.6942202568054199,0.024885202
MAPE,11.01997652053833,1.1440173
MSPE,43590.4091796875,9702.054
TrainTime(s),56.56917402744293,4.819965565458261
TestTime(s),1.9054354429244995,0.0660947523655821
