Metric,Mean,STD
MAE,0.5087188392877579,0.018933576
MSE,0.4787667155265808,0.031156056
RMSE,0.6915665686130523,0.022414405
MAPE,12.150671482086182,1.5066785
MSPE,54590.75234375,14598.0205
TrainTime(s),58.78982162475586,5.657243492195443
TestTime(s),1.9443775177001954,0.08148721165639666
