Metric,Mean,STD
MAE,0.5152544409036637,0.024397064
MSE,0.4925179123878479,0.034811854
RMSE,0.7013680756092071,0.02450977
MAPE,11.632075691223145,1.3823413
MSPE,49667.3287109375,11298.783
TrainTime(s),64.2385960817337,7.406845368490874
TestTime(s),1.992283034324646,0.10283685648050947
