Metric,Mean,STD
MAE,0.5084509134292603,0.019565053
MSE,0.4789232164621353,0.027528822
RMSE,0.6917624354362488,0.019696116
MAPE,12.17204933166504,1.1367006
MSPE,53222.4197265625,10133.704
TrainTime(s),53.88153421878815,5.013558054681873
TestTime(s),1.8352405071258544,0.0606474325073786
