Metric,Mean,STD
MAE,0.5117300391197205,0.030569227
MSE,0.4916431486606598,0.04343038
RMSE,0.7005188286304473,0.030273994
MAPE,12.909760093688964,2.382973
MSPE,63635.85078125,26545.758
TrainTime(s),60.16637206077576,6.835111695160774
TestTime(s),1.9299253702163697,0.11058734975577605
