Metric,Mean,STD
MAE,0.5145821809768677,0.016732814
MSE,0.4919032782316208,0.020189399
RMSE,0.7012107014656067,0.0143816285
MAPE,12.442313957214356,2.1160212
MSPE,59515.5609375,22346.498
TrainTime(s),66.53824386596679,10.056310946476177
TestTime(s),2.046112322807312,0.09421696502368095
