Metric,Mean,STD
MAE,0.5309081524610519,0.03155846
MSE,0.5123131960630417,0.0441721
RMSE,0.7151113510131836,0.030478545
MAPE,12.244051361083985,1.4948609
MSPE,54928.292578125,14730.337
TrainTime(s),58.48325328826904,6.647328098223942
TestTime(s),1.8801213264465333,0.019434096352144666
