Metric,Mean,STD
MAE,0.47873096764087675,0.019171413
MSE,0.44492845237255096,0.030026395
RMSE,0.6666543006896972,0.022371484
MAPE,11.308393096923828,0.97952473
MSPE,46689.2669921875,9048.52
TrainTime(s),59.09321000576019,4.4240004841083005
TestTime(s),2.022120213508606,0.09814992413778834
