Metric,Mean,STD
MAE,0.5116733282804489,0.03209522
MSE,0.48889295756816864,0.04810836
RMSE,0.6983696699142456,0.034245674
MAPE,11.941787624359131,1.634247
MSPE,53220.515234375,15913.019
TrainTime(s),61.27688591480255,6.9036697671887195
TestTime(s),2.0018616199493406,0.02859106984795115
