Metric,Mean,STD
MAE,0.5418421447277069,0.0358154
MSE,0.532064500451088,0.051666804
RMSE,0.7285820662975311,0.035109516
MAPE,12.675876426696778,1.3083527
MSPE,60365.39375,15703.197
TrainTime(s),64.20156936645508,9.908601624719987
TestTime(s),1.9871410846710205,0.07386266631116001
