Metric,Mean,STD
MAE,0.506667411327362,0.01982314
MSE,0.48108257353305817,0.040195473
RMSE,0.6930038094520569,0.028780093
MAPE,11.680277729034424,2.1971965
MSPE,51152.6693359375,22322.596
TrainTime(s),60.54924647808075,6.0179740765308445
TestTime(s),2.0490514039993286,0.1426617110108423
