Metric,Mean,STD
MAE,0.5219667166471481,0.031778682
MSE,0.49984762370586394,0.04302376
RMSE,0.7063369929790497,0.030588707
MAPE,12.45055103302002,1.9836378
MSPE,58265.421875,21458.04
TrainTime(s),65.3243097782135,7.580016966392294
TestTime(s),2.1103763818740844,0.17619124767995994
