Metric,Mean,STD
MAE,0.5260954856872558,0.0246902
MSE,0.5097365081310272,0.03775176
RMSE,0.7134783506393433,0.026175516
MAPE,12.21389799118042,1.5996698
MSPE,56568.85625,15844.233
TrainTime(s),65.2018560409546,10.786289101697408
TestTime(s),2.031921410560608,0.09082244168877407
