Metric,Mean,STD
MAE,0.537416210770607,0.038470116
MSE,0.5350456207990646,0.06558864
RMSE,0.7301135540008545,0.04449528
MAPE,12.579218006134033,2.730743
MSPE,59953.068359375,29851.633
TrainTime(s),64.40776793956756,5.043066886674672
TestTime(s),2.180616283416748,0.06002533095444269
