Metric,Mean,STD
MAE,0.5144831478595734,0.02789306
MSE,0.49668128192424776,0.045343775
RMSE,0.7040205776691437,0.03219163
MAPE,11.913030052185059,1.4240607
MSPE,52842.737109375,16263.807
TrainTime(s),67.32340857982635,10.656848076575187
TestTime(s),1.9791569471359254,0.08816275288739207
