Metric,Mean,STD
MAE,0.5013500839471817,0.023978958
MSE,0.4873867154121399,0.042093027
RMSE,0.6974980711936951,0.029717827
MAPE,11.325559616088867,1.019504
MSPE,46400.3814453125,8347.314
TrainTime(s),51.40823991298676,4.156382042569281
TestTime(s),1.8048253297805785,0.045081207907500156
