Metric,Mean,STD
MAE,0.5203531801700592,0.019147627
MSE,0.5098625302314759,0.025985736
RMSE,0.7138129830360412,0.018263474
MAPE,11.680317401885986,0.7088572
MSPE,48130.1359375,6597.284
TrainTime(s),56.117744660377504,4.928001201666273
TestTime(s),1.9390212059020997,0.05648771526412607
