Metric,Mean,STD
MAE,0.5149155020713806,0.022278232
MSE,0.48778513371944426,0.036345683
RMSE,0.6979354798793793,0.025907705
MAPE,11.69321117401123,1.3544828
MSPE,51126.156640625,14772.59
TrainTime(s),56.99703226089478,5.270187382146267
TestTime(s),1.9376373767852784,0.10086437216636283
