Metric,Mean,STD
MAE,0.5305601507425308,0.039452594
MSE,0.5124832183122635,0.06510315
RMSE,0.7144693851470947,0.044907723
MAPE,12.991896629333496,2.8564298
MSPE,65420.887109375,32969.63
TrainTime(s),69.19790914058686,8.637006644849048
TestTime(s),2.1671561002731323,0.09818528880986234
