Metric,Mean,STD
MAE,0.5145109236240387,0.029849747
MSE,0.5043716341257095,0.04521727
RMSE,0.7094602108001709,0.03221555
MAPE,12.223266887664796,1.1722398
MSPE,54142.5671875,11890.295
TrainTime(s),53.04201281070709,4.314119104073641
TestTime(s),1.8776706218719483,0.19364153318671998
