Metric,Mean,STD
MAE,0.5367431610822677,0.028710822
MSE,0.5172931790351868,0.04749689
RMSE,0.7184907495975494,0.03262245
MAPE,12.194059658050538,2.0641708
MSPE,55887.249609375,19654.488
TrainTime(s),60.98310475349426,6.106994933737951
TestTime(s),2.1087759256362917,0.24876554511617913
