Metric,Mean,STD
MAE,0.5297943234443665,0.038234297
MSE,0.5075052946805954,0.061089806
RMSE,0.7111517250537872,0.04205379
MAPE,12.814019298553466,2.0266929
MSPE,62330.8890625,22944.63
TrainTime(s),60.19515278339386,6.990297877558928
TestTime(s),2.006431555747986,0.10102611742013382
