Metric,Mean,STD
MAE,0.5265943050384522,0.019400688
MSE,0.5058491855859757,0.028106853
RMSE,0.710954999923706,0.019803232
MAPE,11.075125026702882,0.6954558
MSPE,42427.826953125,6362.711
TrainTime(s),59.463807225227356,6.496783500254519
TestTime(s),1.9316906213760376,0.15870012266583378
