Metric,Mean,STD
MAE,0.5085464149713517,0.02999745
MSE,0.4799640506505966,0.03587431
RMSE,0.6923227071762085,0.025560336
MAPE,12.779535865783691,1.8758003
MSPE,60908.6787109375,19410.771
TrainTime(s),60.120091915130615,9.651662598853866
TestTime(s),1.9566760063171387,0.11201136826472363
