Metric,Mean,STD
MAE,0.5080902636051178,0.03612918
MSE,0.4930473744869232,0.063138686
RMSE,0.7007825434207916,0.044172436
MAPE,11.49334020614624,1.96428
MSPE,48402.354296875,16308.402
TrainTime(s),52.770754766464236,4.173462287564922
TestTime(s),1.8528123140335082,0.05445214007473715
