Metric,Mean,STD
MAE,0.5204324126243591,0.017712113
MSE,0.49397505819797516,0.026280949
RMSE,0.7025801777839661,0.018871736
MAPE,12.589098167419433,2.0301163
MSPE,59808.632421875,20499.871
TrainTime(s),57.820221757888795,7.252529610731947
TestTime(s),1.9004215240478515,0.0181473365977406
