Metric,Mean,STD
MAE,0.5224664956331253,0.028999867
MSE,0.5103113323450088,0.055414323
RMSE,0.7133167624473572,0.038607236
MAPE,11.318127250671386,0.85304993
MSPE,44247.516015625,7786.5674
TrainTime(s),58.61715025901795,1.67439542026757
TestTime(s),2.00463445186615,0.17210206544726916
