Metric,Mean,STD
MAE,0.5096915602684021,0.034042727
MSE,0.48540486991405485,0.058456838
RMSE,0.6954775750637054,0.04142233
MAPE,11.599713802337646,1.8930404
MSPE,49854.0673828125,17119.38
TrainTime(s),58.31484999656677,4.8767442140297685
TestTime(s),1.9549443244934082,0.05015921021921181
