Metric,Mean,STD
MAE,0.4948746204376221,0.022805389
MSE,0.4728346824645996,0.037515838
RMSE,0.6871029555797576,0.02691121
MAPE,12.13863925933838,1.8703563
MSPE,54287.9826171875,17205.035
TrainTime(s),55.2347532749176,6.455634735911908
TestTime(s),1.9111726999282836,0.05833571373705035
