Metric,Mean,STD
MAE,0.5249673366546631,0.022542058
MSE,0.5102457582950592,0.037985187
RMSE,0.7138454914093018,0.025891397
MAPE,12.23913106918335,0.7810071
MSPE,52751.84921875,7568.3735
TrainTime(s),58.42121171951294,1.14439769077348
TestTime(s),1.9429408073425294,0.10081856373454177
