Metric,Mean,STD
MAE,0.5031628787517548,0.012566578
MSE,0.4743957221508026,0.025689416
RMSE,0.6885123074054718,0.018614873
MAPE,12.18592119216919,1.4286909
MSPE,55740.312109375,17368.12
TrainTime(s),53.11688759326935,3.888529851285972
TestTime(s),1.893655276298523,0.06201534849004559
