Metric,Mean,STD
MAE,0.52163165807724,0.027460765
MSE,0.5048512309789658,0.044414423
RMSE,0.7098472774028778,0.031113772
MAPE,12.077032279968261,1.9209286
MSPE,53969.455859375,17214.201
TrainTime(s),70.45718686580658,10.350505060072535
TestTime(s),2.158715105056763,0.13082509577912832
