Metric,Mean,STD
MAE,0.49636220633983613,0.035463996
MSE,0.47538715302944184,0.04566746
RMSE,0.6886875927448273,0.033114295
MAPE,11.572618103027343,0.91013014
MSPE,48123.732421875,9599.804
TrainTime(s),53.654294800758365,1.7651200930562618
TestTime(s),1.869302248954773,0.06834058334395098
