Metric,Mean,STD
MAE,0.5351485520601272,0.029941332
MSE,0.5139300525188446,0.04444254
RMSE,0.7162127137184143,0.031135239
MAPE,12.647257041931152,2.0512588
MSPE,60934.3775390625,22470.959
TrainTime(s),64.0098249912262,8.367877471009136
TestTime(s),1.9964864015579225,0.04288251721044932
