Metric,Mean,STD
MAE,0.5225494921207428,0.023286313
MSE,0.49896845519542693,0.0333746
RMSE,0.7059906482696533,0.02335942
MAPE,13.5790545463562,2.083255
MSPE,71816.60390625,25499.672
TrainTime(s),69.37722063064575,8.07634781670804
TestTime(s),2.1608150005340576,0.0814021303789436
