Metric,Mean,STD
MAE,0.5171573430299758,0.017225208
MSE,0.49796346127986907,0.023748938
RMSE,0.7054650723934174,0.016807495
MAPE,11.6642596244812,1.2657715
MSPE,49030.800390625,11945.972
TrainTime(s),52.73006899356842,4.292962198193757
TestTime(s),1.863588809967041,0.09837729110967984
