Metric,Mean,STD
MAE,0.49068590998649597,0.034603767
MSE,0.4660483866930008,0.04825865
RMSE,0.6817562937736511,0.035450555
MAPE,11.645002079010009,0.6541963
MSPE,48509.835546875,5895.146
TrainTime(s),55.27492425441742,5.631335589262278
TestTime(s),1.9077267408370973,0.09925945314413805
