Metric,Mean,STD
MAE,0.5220150083303452,0.04179068
MSE,0.5030644565820694,0.059252772
RMSE,0.7080628275871277,0.041370247
MAPE,11.8132493019104,0.91833776
MSPE,50723.87265625,8737.825
TrainTime(s),62.839651465415955,4.599781901112275
TestTime(s),2.1127296447753907,0.07037337685491715
