Metric,Mean,STD
MAE,0.5115017890930176,0.028857477
MSE,0.4962118238210678,0.04420158
RMSE,0.7037159562110901,0.03155433
MAPE,11.387281036376953,1.2533445
MSPE,46255.7119140625,11691.294
TrainTime(s),59.138803768157956,8.893378540459127
TestTime(s),1.9679577827453614,0.1052817663020095
