Metric,Mean,STD
MAE,0.502026280760765,0.019969836
MSE,0.48081453442573546,0.02713419
RMSE,0.6931272804737091,0.019726064
MAPE,10.749506664276122,1.0661792
MSPE,40821.7115234375,9254.72
TrainTime(s),53.55883078575134,1.3799639166315452
TestTime(s),1.9414823055267334,0.10124811429862282
