Metric,Mean,STD
MAE,0.5255228102207183,0.044877626
MSE,0.5276645570993423,0.08509712
RMSE,0.7242645978927612,0.05572551
MAPE,11.325995349884034,1.4046811
MSPE,45317.669921875,12377.337
TrainTime(s),55.90749800205231,5.875821401694307
TestTime(s),1.9350862503051758,0.10836941623555452
