Metric,Mean,STD
MAE,0.5044372171163559,0.01819779
MSE,0.47275000512599946,0.032789726
RMSE,0.6871582925319671,0.02373779
MAPE,11.607834243774414,0.9876199
MSPE,49284.3828125,9611.551
TrainTime(s),64.20857801437378,8.165294023942682
TestTime(s),2.0205783605575562,0.08453541368821249
