Metric,Mean,STD
MAE,0.5007471650838852,0.026683288
MSE,0.4837302714586258,0.049082156
RMSE,0.6946412086486816,0.0346968
MAPE,11.715882873535156,0.7989928
MSPE,49600.076953125,6869.822
TrainTime(s),51.57735619544983,0.959948315854998
TestTime(s),1.888063621520996,0.10380896507980261
