Metric,Mean,STD
MAE,0.525983813405037,0.0415379
MSE,0.5014498353004455,0.0588964
RMSE,0.7069018423557282,0.04170869
MAPE,12.342636585235596,2.1804166
MSPE,57105.641796875,23739.578
TrainTime(s),58.50210144519806,5.72344137968074
TestTime(s),2.014065480232239,0.07321883271165039
