Metric,Mean,STD
MAE,0.5323509931564331,0.029528439
MSE,0.5123153805732727,0.04651287
RMSE,0.7150259554386139,0.032453857
MAPE,13.317168140411377,2.0859761
MSPE,67527.026953125,23726.57
TrainTime(s),56.86819975376129,4.453601886836591
TestTime(s),1.9865264892578125,0.059408694873246404
