Metric,Mean,STD
MAE,0.5263466030359268,0.030319663
MSE,0.5088624060153961,0.059885573
RMSE,0.7121207594871521,0.041790232
MAPE,12.403499698638916,1.5953461
MSPE,56527.74609375,14131.769
TrainTime(s),58.02640297412872,7.535512049779733
TestTime(s),1.9000053405761719,0.10305989479026038
