Metric,Mean,STD
MAE,0.49412451684474945,0.028646726
MSE,0.47902786135673525,0.038501024
RMSE,0.6915781974792481,0.027339816
MAPE,11.669607353210449,1.2086924
MSPE,50072.347265625,10564.334
TrainTime(s),55.49202702045441,7.39246082283459
TestTime(s),1.8520451784133911,0.0893283163136034
