Metric,Mean,STD
MAE,0.49534026980400087,0.019341405
MSE,0.47209843397140505,0.02770781
RMSE,0.6867939889431,0.020308785
MAPE,11.019103908538819,1.1966503
MSPE,42269.2548828125,10187.532
TrainTime(s),55.08748455047608,1.418153142129828
TestTime(s),1.8983780860900878,0.0663440783944393
