Metric,Mean,STD
MAE,0.5128079503774643,0.015996136
MSE,0.48438743948936464,0.024707494
RMSE,0.6957558810710907,0.017640725
MAPE,11.687290573120118,1.9503189
MSPE,50103.196875,19082.076
TrainTime(s),57.47490649223327,4.709918571989324
TestTime(s),1.960856556892395,0.07218192226152113
