Metric,Mean,STD
MAE,0.5373545050621032,0.031181479
MSE,0.5266746610403061,0.055570237
RMSE,0.7247377336025238,0.037813693
MAPE,12.88560972213745,1.7756497
MSPE,62025.206640625,20557.938
TrainTime(s),60.894465923309326,6.598774900864284
TestTime(s),2.0292284727096557,0.05405169357989103
