Metric,Mean,STD
MAE,0.5058683305978775,0.018800667
MSE,0.48198685646057127,0.02729958
RMSE,0.6939756274223328,0.019613558
MAPE,10.789412784576417,1.3844723
MSPE,41549.658984375,12357.878
TrainTime(s),59.86609649658203,6.497942093077629
TestTime(s),2.0808449268341063,0.16522748605109366
