Metric,Mean,STD
MAE,0.4840907633304596,0.026026351
MSE,0.45941728353500366,0.03410783
RMSE,0.6773463368415833,0.024884026
MAPE,10.56236000061035,1.1110578
MSPE,39037.1791015625,8902.563
TrainTime(s),51.662371969223024,1.2816672050639146
TestTime(s),1.8828492879867553,0.14185668231014611
