Metric,Mean,STD
MAE,0.5075317680835724,0.02299675
MSE,0.48298309445381166,0.038466036
RMSE,0.6944127380847931,0.027821679
MAPE,11.548792743682862,1.749925
MSPE,47795.65078125,15394.36
TrainTime(s),58.659419369697574,4.03243986223451
TestTime(s),2.0361847639083863,0.09467236678445788
