Metric,Mean,STD
MAE,0.5153515219688416,0.025645241
MSE,0.49563296139240265,0.047056925
RMSE,0.703235524892807,0.033056986
MAPE,12.20379343032837,2.067368
MSPE,55593.52421875,20201.7
TrainTime(s),56.163341236114505,8.579995143128626
TestTime(s),1.8655168771743775,0.030789949720856462
