Metric,Mean,STD
MAE,0.5282234013080597,0.029463103
MSE,0.5172874689102173,0.056006387
RMSE,0.7181871652603149,0.038660903
MAPE,12.5889497756958,1.1104698
MSPE,56396.32578125,11557.108
TrainTime(s),51.717527747154236,3.9459935918208906
TestTime(s),1.8051846742630004,0.05174982162835935
