Metric,Mean,STD
MAE,0.5052614331245422,0.032662537
MSE,0.4825832724571228,0.056674525
RMSE,0.6935146689414978,0.040257577
MAPE,12.213526630401612,1.5356306
MSPE,56090.19921875,14641.998
TrainTime(s),64.68318271636963,11.072461729099096
TestTime(s),2.0800806045532227,0.09251066440504427
