Metric,Mean,STD
MAE,0.5039605975151062,0.030020699
MSE,0.4829277813434601,0.04021349
RMSE,0.694338184595108,0.028675213
MAPE,11.359363269805907,0.992707
MSPE,45393.92734375,8678.872
TrainTime(s),54.1609902381897,3.9926620884380144
TestTime(s),1.8599303483963012,0.05496047635920497
