Metric,Mean,STD
MAE,0.5190816640853881,0.028949974
MSE,0.49492107629776,0.043187205
RMSE,0.7028332412242889,0.030765522
MAPE,11.397470855712891,0.99960405
MSPE,46777.625390625,9768.4
TrainTime(s),62.115826869010924,4.805620169673593
TestTime(s),2.0608934640884398,0.04772982219123004
