Metric,Mean,STD
MAE,0.5234828472137452,0.03342567
MSE,0.5105756223201752,0.0546905
RMSE,0.7135553658008575,0.03760801
MAPE,12.452030658721924,1.6163543
MSPE,58268.7078125,17211.771
TrainTime(s),67.55245895385742,8.396839769966126
TestTime(s),2.003349041938782,0.05840212855366985
