Metric,Mean,STD
MAE,0.5101271063089371,0.02579038
MSE,0.48510479032993314,0.037325345
RMSE,0.6960015177726746,0.026204407
MAPE,12.000762557983398,1.7516092
MSPE,54022.97734375,16654.646
TrainTime(s),61.496349930763245,6.856517586060503
TestTime(s),2.037606120109558,0.2406713036355876
