Metric,Mean,STD
MAE,0.5093519002199173,0.028279291
MSE,0.4964484006166458,0.042816874
RMSE,0.7039453625679016,0.030155169
MAPE,11.195589733123779,1.3357861
MSPE,45403.20703125,12739.237
TrainTime(s),54.04554178714752,5.787768533253139
TestTime(s),1.8251580238342284,0.04001643937354835
