Metric,Mean,STD
MAE,0.5070321768522262,0.038243167
MSE,0.47985965609550474,0.054630388
RMSE,0.6915975511074066,0.03940156
MAPE,11.047282218933105,1.3816713
MSPE,45549.496484375,12324.397
TrainTime(s),55.670463871955874,4.273755886528519
TestTime(s),2.003956985473633,0.22893464605360792
