Metric,Mean,STD
MAE,0.5195850551128387,0.026108067
MSE,0.49901776313781737,0.048303336
RMSE,0.7056066691875458,0.03371926
MAPE,12.867026901245117,1.5122293
MSPE,61999.423828125,13330.2295
TrainTime(s),64.64424872398376,7.116606036693514
TestTime(s),2.0702367067337035,0.11118214729996598
