Metric,Mean,STD
MAE,0.5000346451997757,0.033300065
MSE,0.47879837453365326,0.052254487
RMSE,0.6909552693367005,0.0371375
MAPE,12.388654613494873,1.4064051
MSPE,58509.80234375,12643.859
TrainTime(s),63.16988866329193,7.2345775333979985
TestTime(s),2.0699345588684084,0.1619938236671683
