Metric,Mean,STD
MAE,0.5070888042449951,0.029519614
MSE,0.4803175240755081,0.038319062
RMSE,0.6924805521965027,0.028074812
MAPE,12.096423053741455,1.1948904
MSPE,54774.39296875,11918.885
TrainTime(s),59.18196878433228,6.29490377657913
TestTime(s),1.990709900856018,0.08122893813398555
