Metric,Mean,STD
MAE,0.507355347275734,0.021601548
MSE,0.4878592133522034,0.031750694
RMSE,0.6980916261672974,0.022962378
MAPE,11.658357334136962,0.87852216
MSPE,49056.34453125,8054.793
TrainTime(s),57.93836858272552,6.957451521101618
TestTime(s),1.9502635955810548,0.12715382476673362
