Metric,Mean,STD
MAE,0.5176829546689987,0.029197989
MSE,0.49856290519237517,0.06467482
RMSE,0.7047386348247529,0.043661762
MAPE,12.099852561950684,1.0223793
MSPE,54265.311328125,9899.025
TrainTime(s),68.64912979602813,7.9204195220401905
TestTime(s),2.118181657791138,0.12718719056626765
