Metric,Mean,STD
MAE,0.5303849965333939,0.036235586
MSE,0.5152161121368408,0.062261913
RMSE,0.7164454340934754,0.04384119
MAPE,12.865382766723632,1.7861347
MSPE,63365.39609375,18309.42
TrainTime(s),61.170068216323855,7.154357918327659
TestTime(s),1.9777132749557496,0.1264377848119024
