Metric,Mean,STD
MAE,0.5096219003200531,0.017844602
MSE,0.5005767464637756,0.026534023
RMSE,0.7072644710540772,0.018807475
MAPE,11.840613746643067,2.3915567
MSPE,50876.3490234375,25854.553
TrainTime(s),57.32241730690002,4.471956482042527
TestTime(s),1.9470930099487305,0.05836756173952857
