Metric,Mean,STD
MAE,0.5212618976831436,0.031091187
MSE,0.5059117764234543,0.04854642
RMSE,0.7104838848114013,0.033532504
MAPE,11.657958984375,1.2399417
MSPE,50835.4859375,12221.634
TrainTime(s),64.11716284751893,7.703695633782006
TestTime(s),2.0217793226242065,0.08366375755995689
