Metric,Mean,STD
MAE,0.512009221315384,0.028477198
MSE,0.4998022705316544,0.05601879
RMSE,0.7059054493904113,0.038726766
MAPE,12.41758041381836,1.0104073
MSPE,56367.484765625,10266.958
TrainTime(s),63.67108359336853,9.325536936791673
TestTime(s),2.012735366821289,0.058886655576969704
