Metric,Mean,STD
MAE,0.5410534292459488,0.0382178
MSE,0.5384066313505173,0.060248576
RMSE,0.7326135635375977,0.041036364
MAPE,12.753526878356933,1.6308889
MSPE,60434.387109375,15875.373
TrainTime(s),67.49245233535767,10.201223715290737
TestTime(s),2.0023868083953857,0.10236320930492866
