Metric,Mean,STD
MAE,0.48771039843559266,0.025650926
MSE,0.4552055299282074,0.037152175
RMSE,0.6741366624832154,0.027299814
MAPE,11.232076454162598,1.0325861
MSPE,46035.1376953125,10433.927
TrainTime(s),54.121359848976134,4.911831315741519
TestTime(s),1.9186916112899781,0.1673106831196245
