Metric,Mean,STD
MAE,0.5127890974283218,0.02598193
MSE,0.48492170572280885,0.037324026
RMSE,0.6958424031734467,0.026926799
MAPE,11.993071937561036,1.6655428
MSPE,54418.13828125,17304.322
TrainTime(s),67.45151038169861,10.47166228136619
TestTime(s),2.060711169242859,0.09539288416371576
