Metric,Mean,STD
MAE,0.49469734728336334,0.025097687
MSE,0.48099655508995054,0.0460755
RMSE,0.6927369892597198,0.0333469
MAPE,11.407719326019286,1.2580653
MSPE,46815.18046875,10845.561
TrainTime(s),52.53011894226074,1.0041894313177937
TestTime(s),1.923257040977478,0.08970698429490064
