Metric,Mean,STD
MAE,0.5379536867141723,0.03716997
MSE,0.5306345403194428,0.060787994
RMSE,0.727259224653244,0.041575935
MAPE,13.659610652923584,2.0661917
MSPE,71249.93359375,22920.953
TrainTime(s),61.89344568252564,7.0592588427718495
TestTime(s),1.9622771501541139,0.08371279203145865
