Metric,Mean,STD
MAE,0.5125835120677948,0.019928556
MSE,0.48821608126163485,0.03025825
RMSE,0.6983832776546478,0.021837644
MAPE,11.108270359039306,1.3648807
MSPE,44773.8818359375,12046.568
TrainTime(s),58.822574210166934,1.275442134210372
TestTime(s),2.001125693321228,0.06502781832961876
