Metric,Mean,STD
MAE,0.5125665932893753,0.022362448
MSE,0.48976069688796997,0.033546325
RMSE,0.6994173288345337,0.024002109
MAPE,11.900900745391846,1.8290741
MSPE,52250.29375,17170.627
TrainTime(s),55.96014270782471,5.527503829605166
TestTime(s),1.854486894607544,0.0575500640189829
