Metric,Mean,STD
MAE,0.5080357998609543,0.01860836
MSE,0.48763384222984313,0.022022568
RMSE,0.6981277287006378,0.015859136
MAPE,10.708840560913085,1.4755235
MSPE,41178.2462890625,13652.3955
TrainTime(s),57.924504137039186,5.894434075510393
TestTime(s),1.9265127420425414,0.05649271802912699
