Metric,Mean,STD
MAE,0.5159791767597198,0.023631666
MSE,0.493303120136261,0.030483035
RMSE,0.7020214021205902,0.02165826
MAPE,11.515981864929199,1.135409
MSPE,47652.4990234375,11145.792
TrainTime(s),52.481320881843565,5.854410266933608
TestTime(s),1.783640480041504,0.03079041931146714
