Metric,Mean,STD
MAE,0.5162842333316803,0.02789693
MSE,0.49991503059864045,0.04188671
RMSE,0.7064043462276459,0.030132
MAPE,11.893105030059814,1.1652132
MSPE,50682.5541015625,9849.272
TrainTime(s),60.69603576660156,6.291837593429577
TestTime(s),1.987910270690918,0.10751670034056882
