Metric,Mean,STD
MAE,0.6447971880435943,0.079808556
MSE,0.7189439624547959,0.15475498
RMSE,0.8426951348781586,0.09385563
MAPE,4.303532671928406,1.0443275
MSPE,1977.723455810547,804.7334
TrainTime(s),102.00164012908935,15.635162528720059
TestTime(s),3.8018672943115233,0.09902978419864938
