Metric,Mean,STD
MAE,0.6369231104850769,0.06558682
MSE,0.7101906299591064,0.13920629
RMSE,0.8388173401355743,0.08109319
MAPE,4.673688149452209,1.027282
MSPE,2447.0066528320312,1015.07697
TrainTime(s),87.70816786289215,2.0009876097657475
TestTime(s),3.6761940240859987,0.27766757147898447
