Metric,Mean,STD
MAE,0.7095637083053589,0.07852626
MSE,0.8280085980892181,0.19078097
RMSE,0.9039470493793488,0.10434716
MAPE,5.456552958488464,1.4038435
MSPE,2681.5055236816406,1120.3883
TrainTime(s),100.089999127388,15.90907307717438
TestTime(s),3.799633002281189,0.14905274199388793
