Metric,Mean,STD
MAE,0.7386819958686829,0.09481592
MSE,0.917671138048172,0.22469
RMSE,0.9512304544448853,0.113277465
MAPE,6.117505884170532,0.9403798
MSPE,2846.46982421875,817.64374
TrainTime(s),104.19939103126526,13.421951453518634
TestTime(s),3.775846076011658,0.1174998201890086
