Metric,Mean,STD
MAE,0.6299394726753235,0.08193705
MSE,0.6979871720075608,0.18805274
RMSE,0.8282744407653808,0.109309815
MAPE,4.481533074378968,1.3599974
MSPE,2008.8533569335937,991.64136
TrainTime(s),105.87738487720489,16.389331555305024
TestTime(s),3.788138580322266,0.050363456540745394
