Metric,Mean,STD
MAE,0.6534407377243042,0.111143194
MSE,0.7634688138961792,0.21787998
RMSE,0.8644411444664002,0.1273198
MAPE,4.567425203323364,1.6637942
MSPE,2358.7765380859373,993.03076
TrainTime(s),92.07317111492156,11.060307916439335
TestTime(s),3.7324939966201782,0.09867501445093999
