Metric,Mean,STD
MAE,0.6193906843662262,0.08819847
MSE,0.6738732188940049,0.183888
RMSE,0.813605397939682,0.10917638
MAPE,3.9906550884246825,1.080107
MSPE,2022.1106262207031,682.72156
TrainTime(s),97.29438769817352,14.507548896784302
TestTime(s),3.846943736076355,0.28593916750015846
