Metric,Mean,STD
MAE,0.6616320312023163,0.06309906
MSE,0.7416616320610047,0.1351344
RMSE,0.8576850414276123,0.07770461
MAPE,5.162877035140991,1.0197281
MSPE,2383.5476806640627,700.1008
TrainTime(s),102.27937197685242,17.746539683807793
TestTime(s),3.7201066255569457,0.2022841761234176
