Metric,Mean,STD
MAE,0.5769629418849945,0.061239257
MSE,0.5837374955415726,0.1165353
RMSE,0.7603206872940064,0.075166084
MAPE,3.8134209156036376,0.67608976
MSPE,1968.53388671875,569.9064
TrainTime(s),94.02867395877838,10.418794818639732
TestTime(s),3.611398792266846,0.47054816458476556
