Metric,Mean,STD
MAE,0.6174929141998291,0.093014106
MSE,0.6732241004705429,0.17763399
RMSE,0.8134364247322082,0.107448936
MAPE,4.332282614707947,1.5525832
MSPE,1931.710708618164,806.75586
TrainTime(s),98.43763766288757,14.036608243343162
TestTime(s),3.5825668573379517,0.5143206334105113
