Metric,Mean,STD
MAE,0.6987296402454376,0.10187887
MSE,0.834000700712204,0.23213531
RMSE,0.9038831532001496,0.13036849
MAPE,6.1488758563995365,1.4780432
MSPE,3015.9748779296874,1426.3203
TrainTime(s),91.99016993045807,7.110657290254648
TestTime(s),3.7330863952636717,0.17705205929066214
