Metric,Mean,STD
MAE,0.7041648685932159,0.051021084
MSE,0.826519787311554,0.12586342
RMSE,0.9066023528575897,0.06776409
MAPE,5.434006857872009,1.0389192
MSPE,2160.507391357422,573.1731
TrainTime(s),93.624356341362,6.215487074158749
TestTime(s),3.804834485054016,0.4198446594698382
