Metric,Mean,STD
MAE,0.7063133358955384,0.06952305
MSE,0.8816893994808197,0.15954538
RMSE,0.934859710931778,0.08790163
MAPE,6.0983702659606935,1.3036484
MSPE,3033.4669189453125,782.77655
TrainTime(s),98.77370462417602,14.453381531904377
TestTime(s),3.7376492261886596,0.38474492567078306
