Metric,Mean,STD
MAE,0.7772426664829254,0.12279119
MSE,1.0449293375015258,0.33039486
RMSE,1.0111331582069396,0.15013024
MAPE,6.904505681991577,1.4076059
MSPE,3462.0966796875,1315.6096
TrainTime(s),98.17896201610566,16.100659444002236
TestTime(s),3.665238690376282,0.26892827730621177
