Metric,Mean,STD
MAE,0.6657633006572723,0.07818933
MSE,0.7873344779014587,0.18450524
RMSE,0.881351763010025,0.102730446
MAPE,4.625246191024781,0.9658623
MSPE,2014.2746643066407,714.3581
TrainTime(s),96.85545496940613,10.709695084266254
TestTime(s),3.8127641677856445,0.11498899140436265
