Metric,Mean,STD
MAE,0.7590303540229797,0.11503622
MSE,0.9742599427700043,0.31225017
RMSE,0.9755114555358887,0.15045714
MAPE,6.831344270706177,1.5931879
MSPE,3769.439587402344,1211.3756
TrainTime(s),105.12744462490082,27.370586515524042
TestTime(s),3.6572438716888427,0.2111034529440423
