Metric,Mean,STD
MAE,0.6797463059425354,0.11644334
MSE,0.7950951099395752,0.23348927
RMSE,0.8808692276477814,0.138436
MAPE,4.949540591239929,1.7331579
MSPE,2323.7698455810546,1202.1854
TrainTime(s),99.30024502277374,14.03948132877226
TestTime(s),3.7715790033340455,0.10110272085893696
