Metric,Mean,STD
MAE,0.6467003107070923,0.04969008
MSE,0.706992644071579,0.10200985
RMSE,0.838617330789566,0.06093944
MAPE,4.851524043083191,1.0369594
MSPE,2168.5107543945314,547.74274
TrainTime(s),99.77286510467529,10.995604406159915
TestTime(s),3.7053489685058594,0.20173426004423153
