Metric,Mean,STD
MAE,0.7720884680747986,0.089712866
MSE,1.0233703434467316,0.24147497
RMSE,1.0056513845920563,0.10970703
MAPE,6.408678817749023,1.6363484
MSPE,4065.1461181640625,1083.0089
TrainTime(s),99.2424575328827,11.426392852133633
TestTime(s),3.8394086837768553,0.06252467746240685
