Metric,Mean,STD
MAE,0.7019033193588257,0.11866479
MSE,0.8354865223169327,0.25379232
RMSE,0.9033162653446197,0.13966477
MAPE,5.175742435455322,1.2757084
MSPE,2056.018896484375,687.9919
TrainTime(s),100.22328186035156,11.17633735144908
TestTime(s),3.8295028686523436,0.10805222714953137
