Metric,Mean,STD
MAE,0.7047841310501098,0.09285147
MSE,0.8442525863647461,0.21325375
RMSE,0.9113205075263977,0.11724983
MAPE,5.670908975601196,1.3925998
MSPE,2606.145068359375,1008.84357
TrainTime(s),91.73127863407134,6.724997123285301
TestTime(s),3.5887569189071655,0.5357958219419349
