Metric,Mean,STD
MAE,0.640875655412674,0.0803442
MSE,0.6982875257730484,0.15151785
RMSE,0.8307308077812194,0.09040928
MAPE,5.078682684898377,1.3621923
MSPE,2284.0806091308596,941.3609
TrainTime(s),95.71030478477478,9.606549590222727
TestTime(s),3.7425578117370604,0.09751978358936329
