Metric,Mean,STD
MAE,0.6311553657054901,0.06106259
MSE,0.680524718761444,0.11702731
RMSE,0.8217751324176789,0.07218276
MAPE,4.6746117115020756,1.1621538
MSPE,2145.9287536621096,654.28674
TrainTime(s),92.1967178106308,7.8305869124959155
TestTime(s),3.6976129531860353,0.2872824618165851
