Metric,Mean,STD
MAE,0.696013867855072,0.07882244
MSE,0.8166197419166565,0.18148787
RMSE,0.8979329586029052,0.10166685
MAPE,4.906049609184265,1.0550267
MSPE,1894.624462890625,806.0891
TrainTime(s),99.22826311588287,15.638475722118509
TestTime(s),3.7439661502838133,0.11827679300132851
