Metric,Mean,STD
MAE,0.6779949843883515,0.0684506
MSE,0.787050586938858,0.16282511
RMSE,0.8820003867149353,0.095529646
MAPE,5.259584498405457,1.1573462
MSPE,2714.56259765625,475.01422
TrainTime(s),93.55670239925385,9.05592228884616
TestTime(s),3.712657403945923,0.24291601041481745
