Metric,Mean,STD
MAE,0.6406281977891922,0.08549563
MSE,0.7582361191511154,0.17789291
RMSE,0.86438028216362,0.105275035
MAPE,4.89814863204956,1.519553
MSPE,2804.3971252441406,1132.3086
TrainTime(s),97.60283486843109,10.995782295207588
TestTime(s),3.6813480854034424,0.18205908286969769
