Metric,Mean,STD
MAE,0.6346495151519775,0.036185235
MSE,0.6950924456119537,0.08417281
RMSE,0.8321995556354522,0.05036211
MAPE,4.506284880638122,0.77229166
MSPE,2236.3258850097654,817.71674
TrainTime(s),102.84938979148865,16.712315993927664
TestTime(s),3.7264423608779906,0.0820653602149183
