Metric,Mean,STD
MAE,0.663417398929596,0.08195655
MSE,0.7647844105958939,0.15071881
RMSE,0.8696719884872437,0.09195143
MAPE,4.928907799720764,1.3932401
MSPE,2093.2831604003904,885.46704
TrainTime(s),87.38175795078277,4.414859528376021
TestTime(s),3.6716565608978273,0.12697743358413113
