Metric,Mean,STD
MAE,0.6522048354148865,0.08859725
MSE,0.7514645874500274,0.18781772
RMSE,0.860628753900528,0.10383996
MAPE,5.07250280380249,1.1344616
MSPE,2324.186389160156,616.6599
TrainTime(s),99.62011861801147,15.865880783205638
TestTime(s),3.7495131731033324,0.08424646916192188
