Metric,Mean,STD
MAE,0.6993329077959061,0.09862268
MSE,0.8706096529960632,0.23137154
RMSE,0.924212497472763,0.12822211
MAPE,5.812436938285828,1.7573966
MSPE,3115.284948730469,783.16296
TrainTime(s),92.4499766588211,9.676722481405129
TestTime(s),3.695863723754883,0.20546576683570003
