Metric,Mean,STD
MAE,0.7528347253799439,0.08774516
MSE,0.9747827708721161,0.19932492
RMSE,0.9822899460792541,0.09944458
MAPE,6.1985327959060665,1.5990359
MSPE,3027.7004638671874,1027.9674
TrainTime(s),91.34530727863311,7.528689010426459
TestTime(s),3.7611393451690676,0.29288056083154845
