Metric,Mean,STD
MAE,0.6970769852399826,0.10900977
MSE,0.8155115842819214,0.24246357
RMSE,0.8924633741378785,0.1379156
MAPE,5.6233282566070555,1.5405036
MSPE,2547.3883056640625,1122.728
TrainTime(s),102.1331258058548,15.754393538518295
TestTime(s),3.718223309516907,0.06416338051434155
