Metric,Mean,STD
MAE,0.716578620672226,0.05153885
MSE,0.8496929585933686,0.10661181
RMSE,0.9198967933654785,0.059015714
MAPE,5.2380263090133665,1.2924707
MSPE,2276.83532409668,938.0366
TrainTime(s),96.34264435768128,10.059451846567677
TestTime(s),3.714022397994995,0.12505787205388902
