Metric,Mean,STD
MAE,0.7776939094066619,0.09544922
MSE,1.0101846277713775,0.23087525
RMSE,0.9989086151123047,0.11120346
MAPE,7.398556756973266,1.6056814
MSPE,4077.0349853515627,1482.1664
TrainTime(s),92.3960684299469,7.0978371226064345
TestTime(s),3.8213716983795165,0.11438085321297073
