Metric,Mean,STD
MAE,0.7107169985771179,0.051153872
MSE,0.8604093074798584,0.12843426
RMSE,0.9249458730220794,0.06988885
MAPE,5.587217092514038,0.7593007
MSPE,2863.4262817382814,708.4548
TrainTime(s),97.52888388633728,15.025688705861398
TestTime(s),3.7277150630950926,0.06958899536353047
