Metric,Mean,STD
MAE,0.6865838289260864,0.09127019
MSE,0.8250945746898651,0.20019066
RMSE,0.9019096791744232,0.10795144
MAPE,5.6312000274658205,1.3661904
MSPE,3090.2763549804686,1075.5688
TrainTime(s),94.74346792697906,11.433398699586292
TestTime(s),3.815030026435852,0.09039721017076403
