Metric,Mean,STD
MAE,0.586254569888115,0.06598204
MSE,0.5998987019062042,0.12540032
RMSE,0.7702982246875762,0.08086623
MAPE,3.9684606552124024,1.0376824
MSPE,1400.936346435547,630.59674
TrainTime(s),99.2362854719162,15.420812547198752
TestTime(s),3.8054121017456053,0.08860084825717048
