Metric,Mean,STD
MAE,0.6188984990119935,0.073194824
MSE,0.6646085232496262,0.15078485
RMSE,0.8101589441299438,0.09083501
MAPE,4.268998146057129,1.2871864
MSPE,1914.2152587890625,929.678
TrainTime(s),100.65520043373108,12.984742386857409
TestTime(s),3.7918275594711304,0.13568153783978884
