Metric,Mean,STD
MAE,0.6233129411935806,0.116097696
MSE,0.6954429745674133,0.27714175
RMSE,0.8207605600357055,0.14763151
MAPE,4.822673392295838,1.3337684
MSPE,2277.941455078125,813.54047
TrainTime(s),88.04122719764709,5.364358238383196
TestTime(s),3.588755702972412,0.48540784967937084
