Metric,Mean,STD
MAE,0.6667261302471161,0.08016041
MSE,0.756883978843689,0.1731104
RMSE,0.8644302606582641,0.09820542
MAPE,5.365585041046143,1.4511681
MSPE,2650.181298828125,948.5009
TrainTime(s),100.85939714908599,11.893559546156073
TestTime(s),3.7205759048461915,0.07626954350590896
