Metric,Mean,STD
MAE,0.6437056601047516,0.0948628
MSE,0.7398861438035965,0.18778375
RMSE,0.8534047484397889,0.10764059
MAPE,4.281724667549133,1.5487792
MSPE,1864.331103515625,903.8442
TrainTime(s),103.5108849287033,13.911295536349723
TestTime(s),3.716604542732239,0.11500589377229786
