Metric,Mean,STD
MAE,0.5937260299921036,0.063396335
MSE,0.6538607388734817,0.15089592
RMSE,0.8031856477260589,0.09356041
MAPE,4.00064332485199,0.72171444
MSPE,1641.5768981933593,497.1863
TrainTime(s),106.50862019062042,17.064493345842756
TestTime(s),3.719901514053345,0.16340914137856336
