Metric,Mean,STD
MAE,0.6757428526878357,0.087390825
MSE,0.7830362677574157,0.18171705
RMSE,0.8789023041725159,0.102795914
MAPE,4.897579908370972,1.208454
MSPE,2305.906115722656,1119.1923
TrainTime(s),95.74241366386414,10.660886688012472
TestTime(s),3.7514704942703245,0.0695447499436324
