Metric,Mean,STD
MAE,0.6919334471225739,0.08099928
MSE,0.8217518568038941,0.18446672
RMSE,0.9009328365325928,0.10035877
MAPE,5.656775045394897,1.8790946
MSPE,2461.4836303710936,1016.39087
TrainTime(s),93.98223979473114,10.435608861014067
TestTime(s),3.752621030807495,0.07067303632517527
