Metric,Mean,STD
MAE,0.7568331778049469,0.0969996
MSE,0.9857222020626069,0.23022306
RMSE,0.9854229748249054,0.12109403
MAPE,6.157096719741821,1.3035338
MSPE,3348.250598144531,975.00726
TrainTime(s),107.66689970493317,17.994868670755018
TestTime(s),3.682146096229553,0.22161722605758438
