Metric,Mean,STD
MAE,0.6788938283920288,0.089604095
MSE,0.7938596904277802,0.18564329
RMSE,0.8847339928150177,0.10538247
MAPE,5.024282622337341,1.0290227
MSPE,2141.013720703125,589.20996
TrainTime(s),90.41061697006225,7.353436696999066
TestTime(s),3.8695314645767214,0.21191106135642562
