Metric,Mean,STD
MAE,0.6967206299304962,0.09405428
MSE,0.8421690046787262,0.21117426
RMSE,0.9106492459774017,0.113520734
MAPE,5.040633654594421,0.9923197
MSPE,2329.744970703125,794.5609
TrainTime(s),103.48298807144165,10.489780261955465
TestTime(s),3.5854823350906373,0.34988579861055036
