Metric,Mean,STD
MAE,0.6800778627395629,0.10523982
MSE,0.7735657036304474,0.20589861
RMSE,0.8715581715106964,0.118118875
MAPE,5.268468618392944,1.3081065
MSPE,2313.0647094726564,688.0009
TrainTime(s),104.73273215293884,11.148114595846463
TestTime(s),3.652547526359558,0.19596537218662363
