Metric,Mean,STD
MAE,0.7297425508499146,0.08294704
MSE,0.9132480978965759,0.24788883
RMSE,0.9480161249637604,0.12047214
MAPE,6.176545238494873,1.4844731
MSPE,2874.9040405273436,982.75476
TrainTime(s),94.47030642032624,8.679214604731765
TestTime(s),3.799510884284973,0.1456474780478217
