Metric,Mean,STD
MAE,0.6627504765987396,0.05162568
MSE,0.7358403146266937,0.09629706
RMSE,0.8558487474918366,0.057993393
MAPE,5.357239770889282,1.0851197
MSPE,2326.5562133789062,648.82715
TrainTime(s),92.92669866085052,7.065265380528408
TestTime(s),3.797864818572998,0.14938598521930463
