Metric,Mean,STD
MAE,0.6806372463703155,0.065131135
MSE,0.780311119556427,0.12421182
RMSE,0.8804462790489197,0.07159231
MAPE,5.568900775909424,0.8097575
MSPE,2543.4614013671876,498.18866
TrainTime(s),94.57234694957734,8.962443373809753
TestTime(s),3.567038893699646,0.5908036497538954
