Metric,Mean,STD
MAE,0.8154178142547608,0.10387001
MSE,1.1432124137878419,0.27412194
RMSE,1.061108011007309,0.13138558
MAPE,7.190199375152588,1.2804943
MSPE,4514.3970703125,1396.3969
TrainTime(s),104.17968289852142,16.355513817361928
TestTime(s),3.7682916164398192,0.10593410973025509
