Metric,Mean,STD
MAE,0.6679458379745483,0.08746174
MSE,0.7632558345794678,0.19246203
RMSE,0.8661540150642395,0.11416248
MAPE,5.026418447494507,1.3315496
MSPE,2062.6660888671877,760.1795
TrainTime(s),101.85797545909881,12.693723966398565
TestTime(s),3.823790693283081,0.20110291309409709
