Metric,Mean,STD
MAE,0.716506177186966,0.08141204
MSE,0.8774102210998536,0.19023389
RMSE,0.9311443090438842,0.101884656
MAPE,5.9448333263397215,1.1361476
MSPE,2475.077587890625,628.4434
TrainTime(s),90.47238473892212,6.308988073502633
TestTime(s),3.630923795700073,0.30370578200090437
