Metric,Mean,STD
MAE,0.7153855204582215,0.07383437
MSE,0.8858442604541779,0.17684305
RMSE,0.9366951525211334,0.091904566
MAPE,5.586355543136596,1.0699257
MSPE,2782.493115234375,784.96204
TrainTime(s),87.11299562454224,2.2511277932645917
TestTime(s),3.7149637222290037,0.34476311034198853
