Metric,Mean,STD
MAE,0.7235302448272705,0.05420686
MSE,0.8602196514606476,0.12040506
RMSE,0.9251328110694885,0.06594647
MAPE,6.235395717620849,1.1327109
MSPE,2658.2553466796876,559.3754
TrainTime(s),94.04545056819916,10.019198174332724
TestTime(s),3.792716908454895,0.07926581107124973
