Metric,Mean,STD
MAE,0.6169064909219741,0.08191196
MSE,0.6892241060733795,0.17643519
RMSE,0.8232302963733673,0.10731254
MAPE,4.525262928009033,0.9881682
MSPE,2137.1513793945314,721.78705
TrainTime(s),94.1740981578827,11.933468199458233
TestTime(s),3.779042291641235,0.13656316687743866
