Metric,Mean,STD
MAE,0.6501291811466217,0.05613309
MSE,0.7284369349479676,0.11205778
RMSE,0.8509109020233154,0.06623862
MAPE,5.1502586841583256,1.1431183
MSPE,2100.126220703125,549.11804
TrainTime(s),100.84060714244842,20.641312314489788
TestTime(s),3.762241840362549,0.12393830753818987
