Metric,Mean,STD
MAE,0.7065705060958862,0.098889984
MSE,0.8576488614082336,0.24528094
RMSE,0.9166599810123444,0.1318459
MAPE,5.481856918334961,1.3290623
MSPE,2830.6604431152346,1413.8784
TrainTime(s),104.78992624282837,15.069486750589531
TestTime(s),3.674606704711914,0.4311951236945811
