Metric,Mean,STD
MAE,0.6495337963104248,0.089298405
MSE,0.746350559592247,0.19495407
RMSE,0.8566459953784943,0.11184005
MAPE,4.8159150123596195,1.8541855
MSPE,2221.38857421875,976.6139
TrainTime(s),93.09712193012237,9.093151029700417
TestTime(s),3.727892804145813,0.06451253860837894
