Metric,Mean,STD
MAE,0.8033719599246979,0.1090525
MSE,1.0863110899925232,0.2914763
RMSE,1.0328696370124817,0.13961163
MAPE,6.945742273330689,1.6587851
MSPE,3835.61337890625,1172.776
TrainTime(s),91.17682745456696,9.226838914363467
TestTime(s),3.2635629415512084,0.656198415886427
