Metric,Mean,STD
MAE,0.6062046527862549,0.05962294
MSE,0.6356989860534668,0.09922713
RMSE,0.7948460817337036,0.06259946
MAPE,4.18008873462677,1.3489794
MSPE,2062.9606872558593,820.8959
TrainTime(s),94.7543785572052,11.100861633818317
TestTime(s),3.4829432010650634,0.4812016143404486
