Metric,Mean,STD
MAE,0.6840733706951141,0.07000159
MSE,0.7976677000522614,0.15497726
RMSE,0.8888425350189209,0.0873307
MAPE,5.423912978172302,1.4578474
MSPE,2631.8619995117188,859.5357
TrainTime(s),99.12574994564056,11.6692449528316
TestTime(s),3.7066246509552,0.325979776579674
