Metric,Mean,STD
MAE,0.6705609440803528,0.06941167
MSE,0.7652656137943268,0.13165441
RMSE,0.8716545343399048,0.07405398
MAPE,4.780579090118408,1.2035452
MSPE,2114.9077880859377,685.0119
TrainTime(s),99.52712559700012,14.821240781656225
TestTime(s),3.8324453115463255,0.15158794002934986
