Metric,Mean,STD
MAE,0.680058941245079,0.10647355
MSE,0.8112058788537979,0.23513596
RMSE,0.8911382675170898,0.13068461
MAPE,5.392787766456604,1.6750127
MSPE,2540.588800048828,1044.0896
TrainTime(s),101.39620599746704,11.548429913270233
TestTime(s),3.7650277614593506,0.1374391728231602
