Metric,Mean,STD
MAE,0.631627494096756,0.08271681
MSE,0.7022756576538086,0.16721179
RMSE,0.831923532485962,0.100890495
MAPE,4.593009042739868,1.017601
MSPE,2166.187939453125,810.4666
TrainTime(s),99.16616024971009,13.905686480407944
TestTime(s),3.594278168678284,0.5810173040160078
