Metric,Mean,STD
MAE,0.7216905772686004,0.07562318
MSE,0.8964612901210784,0.17344329
RMSE,0.9427661418914794,0.087482974
MAPE,5.906692838668823,1.48086
MSPE,2679.7296752929688,1034.39
TrainTime(s),100.4568589925766,15.40664503599041
TestTime(s),3.7232934474945067,0.09291100224372147
