Metric,Mean,STD
MAE,0.6068468272686005,0.10233988
MSE,0.65700623691082,0.24286789
RMSE,0.7994125664234162,0.1339619
MAPE,4.2358891248703,1.0619581
MSPE,2074.2475036621095,835.2042
TrainTime(s),103.86074638366699,14.223056526826198
TestTime(s),3.7388927221298216,0.08025311384677428
