Metric,Mean,STD
MAE,0.7030630767345428,0.098163486
MSE,0.867674458026886,0.25716963
RMSE,0.9216117262840271,0.13530068
MAPE,5.824127674102783,1.2472887
MSPE,2482.149621582031,642.3805
TrainTime(s),96.3543522119522,11.04759758502885
TestTime(s),3.7142589807510378,0.10263490897884868
