Metric,Mean,STD
MAE,0.7106842398643494,0.06503653
MSE,0.8562454521656037,0.15397514
RMSE,0.9212248921394348,0.087121345
MAPE,6.077455472946167,1.0641872
MSPE,2626.069384765625,512.02014
TrainTime(s),94.02819247245789,12.68470921276302
TestTime(s),3.1808138608932497,0.6517580714080801
