Metric,Mean,STD
MAE,0.6971060812473298,0.0894952
MSE,0.8495396971702576,0.17580068
RMSE,0.9166085541248321,0.09679086
MAPE,5.244132685661316,1.3631088
MSPE,2562.11240234375,1154.7291
TrainTime(s),90.18490817546845,7.957388018207681
TestTime(s),3.789789891242981,0.10343818757182613
