Metric,Mean,STD
MAE,0.6699452459812164,0.08848253
MSE,0.7559113889932633,0.16444373
RMSE,0.8637273788452149,0.099430375
MAPE,5.192423033714294,1.3857605
MSPE,2025.0721252441406,939.15717
TrainTime(s),92.38338837623596,6.464216809240522
TestTime(s),3.556473207473755,0.5677917629912208
