Metric,Mean,STD
MAE,0.6820393979549408,0.08338504
MSE,0.8219796001911164,0.15675548
RMSE,0.9022388398647309,0.08913295
MAPE,5.638036251068115,1.4122912
MSPE,2809.580712890625,851.8595
TrainTime(s),98.71699981689453,10.855014432442283
TestTime(s),3.7853283166885374,0.10871372286195417
