Metric,Mean,STD
MAE,0.7845892429351806,0.11534839
MSE,1.0498007535934448,0.28480208
RMSE,1.014678156375885,0.1422285
MAPE,6.938907790184021,2.1396239
MSPE,3844.4466064453127,1357.6372
TrainTime(s),94.45545825958251,10.56649966939118
TestTime(s),3.6237777948379515,0.30630544216495803
