Metric,Mean,STD
MAE,0.6362975120544434,0.052365903
MSE,0.6834378361701965,0.09813579
RMSE,0.8245623052120209,0.05945452
MAPE,4.359102988243103,0.97256875
MSPE,1948.4422119140625,604.20844
TrainTime(s),91.94555323123932,9.145776125398898
TestTime(s),3.6584044456481934,0.13832533609950134
