Metric,Mean,STD
MAE,0.6634392142295837,0.058868553
MSE,0.7327785849571228,0.104404576
RMSE,0.853667813539505,0.06348113
MAPE,4.633822441101074,0.7981731
MSPE,1950.1659790039062,683.3948
TrainTime(s),96.17481102943421,9.586681002053018
TestTime(s),3.8831157445907594,0.10021601390001729
