Metric,Mean,STD
MAE,0.658381000161171,0.09856416
MSE,0.7597321838140487,0.20495786
RMSE,0.8630606889724731,0.12189512
MAPE,5.409946131706238,1.7684957
MSPE,2452.7347747802733,1062.9496
TrainTime(s),98.46456148624421,11.207691848212505
TestTime(s),3.7962403297424316,0.09713696404909594
