Metric,Mean,STD
MAE,0.7230402827262878,0.079057544
MSE,0.8827291190624237,0.16532941
RMSE,0.9350569903850555,0.09163819
MAPE,5.538981461524964,1.4606794
MSPE,2710.205181884766,1224.1075
TrainTime(s),95.69819021224976,15.717980515541026
TestTime(s),3.758887195587158,0.14593966536892525
