Metric,Mean,STD
MAE,0.835346645116806,0.12414507
MSE,1.183818730711937,0.30469465
RMSE,1.0773138046264648,0.15236053
MAPE,7.849573969841003,1.751631
MSPE,4552.321728515625,838.195
TrainTime(s),94.54185597896576,9.515797113043734
TestTime(s),3.740960717201233,0.33441607908154436
