Metric,Mean,STD
MAE,0.682164865732193,0.091914035
MSE,0.7898739993572235,0.21574847
RMSE,0.881078839302063,0.11650781
MAPE,5.080785965919494,1.34009
MSPE,2372.68818359375,1072.5228
TrainTime(s),96.33839395046235,14.976380287457728
TestTime(s),3.793172001838684,0.077164963509505
