Metric,Mean,STD
MAE,0.762652462720871,0.14015512
MSE,0.9816271483898162,0.34798267
RMSE,0.9775002896785736,0.16161786
MAPE,6.398709058761597,1.931871
MSPE,3738.269006347656,1592.3553
TrainTime(s),91.73021347522736,5.543254315676711
TestTime(s),3.804508996009827,0.09771925735482939
