Metric,Mean,STD
MAE,0.6959132313728332,0.080417454
MSE,0.8381083905696869,0.17769058
RMSE,0.9107140719890594,0.09331812
MAPE,5.012011885643005,1.326316
MSPE,2535.7275207519533,971.8293
TrainTime(s),101.38252465724945,12.005115787085549
TestTime(s),3.7324048280715942,0.12339294769521159
