Metric,Mean,STD
MAE,0.6386415243148804,0.07198628
MSE,0.6970335900783539,0.13578716
RMSE,0.831035602092743,0.080083795
MAPE,4.656718683242798,1.2545924
MSPE,2092.797570800781,686.94916
TrainTime(s),99.6917283296585,10.536017840649212
TestTime(s),3.7684663772583007,0.1964042153546658
