Metric,Mean,STD
MAE,0.6859067022800446,0.09506169
MSE,0.8204558253288269,0.2428411
RMSE,0.8964332163333892,0.12985878
MAPE,5.355840516090393,1.5281609
MSPE,2773.1739501953125,1440.3047
TrainTime(s),100.4272195339203,13.385990829110362
TestTime(s),3.8059102058410645,0.3267137382959296
