Metric,Mean,STD
MAE,0.7101691544055939,0.06761267
MSE,0.8925304412841797,0.17550881
RMSE,0.9401558995246887,0.09293724
MAPE,5.956988596916199,1.4063753
MSPE,3118.6258911132813,862.9046
TrainTime(s),97.44462847709656,13.287359332740913
TestTime(s),3.785481667518616,0.09240062784336875
