Metric,Mean,STD
MAE,0.6872525453567505,0.09811109
MSE,0.8009725749492645,0.17685711
RMSE,0.889212554693222,0.10135875
MAPE,5.5308133363723755,1.4420927
MSPE,2795.462158203125,863.20233
TrainTime(s),91.68192818164826,9.32188496349285
TestTime(s),3.5547479152679444,0.3498565175580545
