Metric,Mean,STD
MAE,0.6810640275478363,0.07322466
MSE,0.7890269815921783,0.15627068
RMSE,0.8838339388370514,0.088682264
MAPE,5.5066073179245,1.4371278
MSPE,2391.035479736328,705.1659
TrainTime(s),97.74167652130127,10.050032570514931
TestTime(s),3.7779300689697264,0.2043722610590715
