Metric,Mean,STD
MAE,0.7366954326629639,0.05287075
MSE,0.9491014778614044,0.16545683
RMSE,0.9705578863620759,0.08437338
MAPE,5.9887004613876345,1.1832038
MSPE,2838.1778930664063,1006.56805
TrainTime(s),96.90703961849212,11.242925164443086
TestTime(s),3.658322739601135,0.20369891326429654
