Metric,Mean,STD
MAE,0.696781587600708,0.07125392
MSE,0.8635672986507416,0.141553
RMSE,0.9259943425655365,0.078113906
MAPE,5.493669176101685,1.0050845
MSPE,3299.5244750976562,920.32104
TrainTime(s),99.73469185829163,11.190260971005497
TestTime(s),3.817601704597473,0.07594084144732927
