Metric,Mean,STD
MAE,0.6324692666530609,0.06432497
MSE,0.6822395890951156,0.124091305
RMSE,0.8225355803966522,0.07533133
MAPE,4.534050846099854,1.1075063
MSPE,1866.7939514160157,621.45776
TrainTime(s),92.0098194360733,6.9357032253289574
TestTime(s),3.7886543035507203,0.13922866413421894
