Metric,Mean,STD
MAE,0.6764772891998291,0.10064922
MSE,0.7910291492938996,0.2492103
RMSE,0.8795344769954682,0.13209176
MAPE,5.412838888168335,1.3610804
MSPE,2278.7661010742186,1090.5228
TrainTime(s),91.75763947963715,8.007649185990664
TestTime(s),3.3793108463287354,0.7868178536819476
