Metric,Mean,STD
MAE,0.7775023579597473,0.10773005
MSE,1.0176202595233916,0.26180243
RMSE,1.0006673634052277,0.12761307
MAPE,6.710087013244629,1.0857986
MSPE,3726.9721923828124,1045.9594
TrainTime(s),93.39255454540253,8.461758155263327
TestTime(s),3.637914514541626,0.2736037566711444
