Metric,Mean,STD
MAE,0.6942722141742707,0.07150063
MSE,0.8122722446918488,0.14436185
RMSE,0.8972826063632965,0.08459405
MAPE,5.454946112632752,1.0573853
MSPE,2384.9871337890627,679.07556
TrainTime(s),96.31453287601471,10.483031842782758
TestTime(s),3.6744754552841186,0.2699730039441053
