Metric,Mean,STD
MAE,0.6594222784042358,0.10129256
MSE,0.763724198937416,0.2428382
RMSE,0.8635807812213898,0.13398659
MAPE,4.609852075576782,1.2275751
MSPE,2157.0367065429687,689.046
TrainTime(s),95.50154082775116,10.91604954108538
TestTime(s),3.6942933320999147,0.26639792779428445
