Métrica,Valor
MAE,0.49239640434583026
MSE,0.5498200058937073
RMSE,0.7414981722831726
MAPE,8.675408999125162
MSPE,1617010.4791666667
