Métrica,Valor
MAE,0.5131956338882446
MSE,0.5614936351776123
RMSE,0.7492969433466593
MAPE,13.827520052591959
MSPE,67740.67057291667