Métrica,Valor
MAE,0.6460946997006735
MSE,0.8070112268129984
RMSE,0.8961508472760519
MAPE,17.189544995625813
MSPE,104346.51302083333