Métrica,Valor
MAE,0.531195878982544
MSE,0.6253715952237447
RMSE,0.7907745440800985
MAPE,13.896805763244629
MSPE,5417310.583333333
