Metric,Mean,STD
MAE, 0.41754472255706787, 1.98808013e-02
MSE, 0.5536482532819113, 3.92572111e-02
RMSE, 0.7436169981956482, 2.61155067e-02
MAPE, 2.5180251598358154, 2.79084389e-02
MSPE, 1348.8924153645833, 7.59109772e+01
TrainTime(s),111056.220972061,
TestTime(s),1461.875124374,



