Metric,Mean,STD
MAE,0.42134276032447815,0.005855597
MSE,0.544843832651774,0.0054471954
RMSE,0.7381261587142944,0.0036902553
MAPE,2.394681533177694,0.055825386
MSPE,1053.8626302083333,84.20421
TrainTime(s),10382.266527493795,2083.316310020573
TestTime(s),125.05382696787517,2.83306234764862