Métrica,Valor
MAE,0.3722055455048879
MSE,0.4723450839519501
RMSE,0.6872509717941284
MAPE,2.3301525115966797
MSPE,1111.6735432942708