Métrica,Valor
MAE,0.3491080701351166
MSE,0.4159315526485443
RMSE,0.6449242830276489
MAPE,2.442068576812744
MSPE,1211.57373046875