Métrica,Valor
MAE,0.30547215541203815
MSE,0.378791203101476
RMSE,0.6154041687647501
MAPE,2.164158344268799
MSPE,1005.0664265950521