Metric,Mean,STD
MAE,0.005038288421928883,0.0015544686
MSE,3.6156193345959764e-05,1.7845872e-05
RMSE,0.005757840195049842,0.0017330518
MAPE,0.09746264169613521,0.056254033
MSPE,0.051138574994790055,0.06190001
TrainTime(s),11306.87336174647,6847.438449706438
TestTime(s),78.813050587972,0.599746674742184
