Metric,Mean,STD
MAE,0.5195763309796652,0.011023918
MSE,0.5119477609793345,0.01820558
RMSE,0.71539173523585,0.012744595
MAPE,11.590383847554525,0.4026306
MSPE,46991.0703125,4251.622
TrainTime(s),101.38258147239685,13.736802500848952
TestTime(s),1.6639283498128254,0.020605479999150012
