Metric,Mean,STD
MAE,0.5592036962509155,0.032657035
MSE,0.5572743654251099,0.041047126
RMSE,0.7460250616073608,0.026851295
MAPE,11.565987014770508,0.68669575
MSPE,49637.82421875,8160.673
TrainTime(s),102.16421022415162,13.651304868917821
TestTime(s),2.6660794734954836,0.9244771375136156
