Métrica,Valor
MAE,0.5023211340109507
MSE,0.5905466874440511
RMSE,0.7683413823445638
MAPE,13.757782618204752
MSPE,4909043.041666667
