Métrica,Valor
MAE,0.5234279632568359
MSE, 0.6134832898775736
RMSE,0.7828377485275269
MAPE,13.219411532084147
MSPE,4973835.5