Métrica,Valor
MAE,0.4947175482908885
MSE,0.5849281946818033
RMSE,0.7647992173830668
MAPE,13.972824414571127
MSPE,5642046.083333333
