Métrica,Valor
MAE,0.4963859677314758
MSE,0.543424928188324
RMSE,0.7371665835380554
MAPE,14.206731224060059
MSPE,5029984.75
