Metric,Mean,STD
MAE,0.5129061102867126,0.013593491
MSE,0.484648722410202,0.02602068
RMSE,0.6959166884422302,0.018672908
MAPE,10.654950714111328,1.6708578
MSPE,43351.03046875,17420.182
TrainTime(s),31.41481432914734,2.6504133741998688
TestTime(s),0.9489580154418945,0.04907677140084756
