Métrica,Valor
MAE,0.5102714598178864
MSE,0.590752899646759
RMSE,0.7685957948366801
MAPE,8.287460486094156
MSPE,1295243.2083333333
