Métrica,Valor
MAE,0.5341635942459106
MSE,0.632666289806366
RMSE,0.7953659097353617
MAPE,12.234062353769938
MSPE,3473209.2916666665
