Metric,Mean,STD
MAE,0.5101221203804016,0.02704364
MSE,0.48662275075912476,0.037615452
RMSE,0.6970532178878784,0.027194696
MAPE,10.744489669799805,0.888932
MSPE,41905.4453125,9087.933
TrainTime(s),26.55923080444336,0.17454145922014375
TestTime(s),0.8222452640533447,0.07107261462925703
