Metric,Mean,STD
MAE,0.7777359088261923,0.11994746
MSE,1.0132169723510742,0.24174309
RMSE,0.9985846082369486,0.12667166
MAPE,6.796824773152669,1.5589019
MSPE,4086.2261555989585,447.77853
TrainTime(s),18.196816444396973,2.3087639573894383
TestTime(s),0.4392898877461751,0.04941285306026062
