Métrica,Valor
MAE,0.48178242643674213
MSE,0.5257838765780131
RMSE,0.725105881690979
MAPE,10.582726319630941
MSPE,2688015.7083333335
