Metric,Mean,STD
MAE,0.41996005177497864,0.0027688001
MSE,0.5484426021575928,0.009147719
RMSE,0.7405434449513754,0.0061623305
MAPE,2.6379634539286294,0.08223405
MSPE,1299.4000244140625,157.1266
TrainTime(s),7523.083484570186,1508.2764858364603
TestTime(s),85.98774409294128,0.7681265363538391
