Métrica,Valor
MAE,0.47383670806884765
MSE,0.5281025290489196
RMSE,0.7266987323760986
MAPE,12.36287899017334
MSPE,3476146.4375
TrainTime(s),60.36699547767639
TestTime(s),3.936585521697998
