Metric,Mean,STD
MAE,0.5796726743380228,0.013053359
MSE,0.6057684222857157,0.024279617
RMSE,0.7781540552775065,0.015643125
MAPE,13.861052831013998,1.3766825
MSPE,72434.35677083333,20112.87
TrainTime(s),62.4812281926473,0.32106379280186426
TestTime(s),1.6782185236612956,0.016638035443895183
