Métrica,Valor
MAE,0.5392823020617167
MSE,0.6285763382911682
RMSE,0.7923213640848795
MAPE,10.862501780192057
MSPE,2265237.2916666665
