Métrica,Valor
MAE,0.5343725085258484
MSE,0.6288750767707825
RMSE,0.7929928302764893
MAPE,11.80336888631185
MSPE,3441508.5416666665
