Metric,Mean,STD
MAE,0.3170824150244395,0.007091132
MSE,1.1481233437856038,0.10125832
RMSE,1.0704472462336223,0.04760253
MAPE,2.523967186609904,0.15845
MSPE,48155.902018229164,22603.736
TrainTime(s),25612.583748261135,2671.774247873013
TestTime(s),471.9246136347453,4.538265650302288
