Métrica,Valor
MAE,0.5193318327267965
MSE,0.5906893014907837
RMSE,0.7685564557711283
MAPE,9.29468043645223
MSPE,1652310.4791666667
