Métrica,Valor
MAE,0.4958324134349823
MSE,0.5553664763768514
RMSE,0.7452165683110555
MAPE,11.26504929860433
MSPE,3400217.6666666665
