Métrica,Valor
MAE,0.47830374240875245
MSE,0.5323469161987304
RMSE,0.7296074271202088
MAPE,12.015646934509277
MSPE,3357050.75
TrainTime(s),57.15346369743347
TestTime(s),3.8459669589996337
