Metric,Mean,STD
MAE,0.5552144348621368,0.053092126
MSE,0.5775716364383697,0.07550998
RMSE,0.7583693861961365,0.049472257
MAPE,11.869594764709472,1.1729579
MSPE,47931.058203125,10247.69
TrainTime(s),25.520506191253663,0.3850550177443384
TestTime(s),0.6075280666351318,0.003782554467817593
