Metric,Mean,STD
MAE,0.07203295485426982,0.09583496
MSE,0.1302363921001112,0.18381713
RMSE,0.21690166920113066,0.28842685
MAPE,0.6066728085279465,0.76285267
MSPE,7.490808791170518,10.549806
TrainTime(s),38286.77834184965,13163.875079301866
TestTime(s),417.4202401638031,37.03180020227031
