Métrica,Valor
MAE,0.5015099843343099
MSE,0.5832060178120931
RMSE,0.7636750936508179
MAPE,11.440390427907309
MSPE,3779408.7916666665
