Métrica,Valor
MAE,0.5004278222719828
MSE,0.5960813959439596
RMSE,0.7720244924227396
MAPE,18.617016156514484
MSPE,9893371.166666666
