Metric,Mean,STD
MAE,0.5988350510597229,0.021588376
MSE,0.6507568756739298,0.02469712
RMSE,0.8065513571103414,0.015223703
MAPE,12.231518745422363,1.6487358
MSPE,55828.915364583336,15815.725
TrainTime(s),73.90675870577495,11.447064257948664
TestTime(s),1.4973217646280925,0.04044886430305612
