Metric,Mean,STD
MAE,0.5128075659275055,0.065133154
MSE,0.4676762640476227,0.10177511
RMSE,0.6797494649887085,0.07494616
MAPE,3.3438770294189455,0.7678285
MSPE,1530.2028564453126,410.78955
TrainTime(s),32.989481163024905,3.775379894318267
TestTime(s),0.8347289562225342,0.024313238140810774
