Metric,Mean,STD
MAE,0.398612121740977,0.00502504
MSE,0.49102585514386493,0.0049884426
RMSE,0.7007232904434204,0.003565903
MAPE,2.312103589375814,0.08622297
MSPE,1012.2817586263021,108.01798
TrainTime(s),13071.56863896052,1403.397188103585
TestTime(s),229.3123702208201,3.0867249156686656
