Métrica,Valor
MAE,0.5114022890726725
MSE,0.5894396702448527
RMSE,0.767739991346995
MAPE,13.735568841298422
MSPE,5526402.75
