Metric,Mean,STD
MAE,0.4152717689673106,0.012216027
MSE,0.5329646269480387,0.010975676
RMSE,0.7300053238868713,0.007539912
MAPE,2.5987250804901123,0.06685824
MSPE,1345.9031575520833,113.73071
TrainTime(s),7817.020259618759,821.2709109819726
TestTime(s),91.94124404589336,1.2444234300637917
