Métrica,Valor
MAE,0.560431162516276
MSE,0.6576881011327108
RMSE,0.810915450255076
MAPE,11.902220408121744
MSPE,2652231.25
