Metric,Mean,STD
MAE,0.5094992717107137,0.02686239
MSE,0.5012514690558115,0.054257326
RMSE,0.706983228524526,0.03776452
MAPE,12.969459851582846,2.5458903
MSPE,64239.126302083336,25390.125
TrainTime(s),145.78659359614053,30.8069248513759
TestTime(s),3.797001361846924,0.18707236154110649
