Metric,Mean,STD
MAE,0.3566792408625285,0.020001287
MSE,1.096587598323822,0.10649473
RMSE,1.045977512995402,0.050185774
MAPE,2.780652125676473,0.21335535
MSPE,110744.16145833333,41945.438
TrainTime(s),6437.735531727473,1826.0845070425346
TestTime(s),75.91671482721965,1.479101770444548
