Metric,Mean,STD
MAE,0.6952420234680176,0.06579448
MSE,0.9232330441474914,0.1862357
RMSE,0.9560396075248718,0.096027546
MAPE,14.823317909240723,0.8129687
MSPE,68041.89609375,6133.8335
TrainTime(s),18.86587643623352,3.0523623219220952
TestTime(s),0.43414897918701173,0.050660257945458066
