Metric,Mean,STD
MAE,0.3293538987636566,0.0085897315
MSE,1.2476825714111328,0.014166992
RMSE,1.1169791221618652,0.006345424
MAPE,2.1284544865290322,0.19722304
MSPE,12118.821451822916,4550.7944
TrainTime(s),17408.153817812603,2425.566808304098
TestTime(s),256.3688493569692,3.494271634311356
