Metric,Mean,STD
MAE,0.507178658246994,0.031240398
MSE,0.48964672088623046,0.048151467
RMSE,0.6988814830780029,0.034805097
MAPE,11.085088157653809,0.7300637
MSPE,45770.9078125,7129.339
TrainTime(s),52.73201289176941,0.9542326779535029
TestTime(s),1.3399693965911865,0.043272008729882655
