Métrica,Valor
MAE,0.48496288657188413
MSE,0.5392858505249023
RMSE,0.7343485832214356
MAPE,9.401387882232665
MSPE,2281857.6125
