Métrica,Valor
MAE,0.5576120615005493
MSE,0.6350742181142172
RMSE,0.7969019412994385
MAPE,11.727028846740723
MSPE,3124344.6666666665
