Metric,Mean,STD
MAE,0.3766941924889882,0.0050575123
MSE,1.1163103183110554,0.2874507
RMSE,1.0483561555544536,0.13137619
MAPE,3.117983818054199,0.26047835
MSPE,119959.1328125,41525.242
TrainTime(s),5783.947883923848,16.87473292690949
TestTime(s),187.68750675519308,0.23948325673706683
