Metric,Mean,STD
MAE,0.5463576316833496,0.018382419
MSE,0.5219049870967865,0.02643945
RMSE,0.7221959829330444,0.018382953
MAPE,11.990422630310059,1.9538337
MSPE,54927.79375,22161.695
TrainTime(s),35.71442885398865,3.833574396907711
TestTime(s),1.0284657955169678,0.026712243074376748
