Métrica,Valor
MAE,0.47566382090250653
MSE,0.5285764336585999
RMSE,0.727014938990275
MAPE,12.891936937967936
MSPE,5033351.916666667
