Metric,Mean,STD
MAE,0.5889187455177307,0.049604606
MSE,0.5963796734809875,0.07601229
RMSE,0.7707383632659912,0.048394702
MAPE,4.052312755584717,0.35503557
MSPE,1707.3835693359374,527.47955
TrainTime(s),54.83287997245789,4.593619259441363
TestTime(s),1.3279438972473145,0.06858866601523296
