Metric,Mean,STD
MAE,0.34599414467811584,0.0142002795
MSE,1.1663150787353516,0.054909147
RMSE,1.079659382502238,0.025507983
MAPE,2.558303197224935,0.25903392
MSPE,34661.377604166664,5945.768
TrainTime(s),12028.876583814621,1329.1494576404068
TestTime(s),302.82805554072064,11.70609787624544
