Métrica,Valor
MAE,0.48917431632677716
MSE,0.5495256781578064
RMSE,0.7412719329198202
MAPE,8.765928427378336
MSPE,1797739.5
