Métrica,Valor
MAE,0.522891124089559
MSE,0.5990906159083048
RMSE,0.7740069230397543
MAPE,8.868000348409018
MSPE,1520425.0
