Metric,Mean,STD
MAE,0.003529066607976953,0.0010268016
MSE,1.6652555738498147e-05,8.296136e-06
RMSE,0.003963726107031107,0.00097027374
MAPE,0.038845278322696686,0.013575409
MSPE,0.002481508223960797,0.0017152831
TrainTime(s),13785.549411058426,3977.906127734839
TestTime(s),126.92903979619344,0.24138792804394188
