Metric,Mean,STD
MAE,0.48930494983990985,0.0018547411
MSE,0.47371471921602887,0.01565236
RMSE,0.6881746451059977,0.011418197
MAPE,12.222160657246908,1.7278877
MSPE,58192.296875,17980.92
TrainTime(s),83.69998025894165,0.863273447580487
TestTime(s),1.6682054996490479,0.04754652552984582
