Métrica,Valor
MAE,0.4916594823201497
MSE,0.5727646350860596
RMSE,0.7567681670188904
MAPE,11.796852747599283
MSPE,3021476.5
