Metric,Mean,STD
MAE,0.005688094301149249,0.003983242
MSE,5.612919600631964e-05,6.283987e-05
RMSE,0.006277577253058553,0.004089159
MAPE,0.07010944622258346,0.038019117
MSPE,0.01012795022688806,0.006860592
TrainTime(s),52584.75252072016,26514.673311983686
TestTime(s),458.2587130864461,24.708775287083554