Métrica,Valor
MAE,0.4989730318387349
MSE,0.5902378161748251
RMSE,0.7682609558105469
MAPE,11.081230799357096
MSPE,3249503.25
