Métrica,Valor
MAE,0.5004690587520599
MSE,0.5593851208686829
RMSE,0.7479120095570883
MAPE,9.802931785583496
MSPE,2527140.0416666665
