Metric,Mean,STD
MAE,0.4946612477302551,0.019506784
MSE,0.4659902036190033,0.027734296
RMSE,0.6823338627815246,0.020265697
MAPE,10.515547180175782,0.3473351
MSPE,40193.94921875,2941.5654
TrainTime(s),27.822449445724487,2.5653890403082733
TestTime(s),0.7793900489807128,0.008919974059976549
