Métrica,Valor
MAE,0.5097646713256836
MSE,0.5710031787554423
RMSE,0.7556469241778055
MAPE,7.407916227976481
MSPE,1006389.0625
