Métrica,Valor
MAE,0.5574787259101868
MSE,0.649361809094747
RMSE,0.8058209220568339
MAPE,7.0953420003255205
MSPE,921760.375
