Métrica,Valor
MAE,0.5043179591496786
MSE,0.5830725232760111
RMSE,0.7635602553685507
MAPE,12.850093841552734
MSPE,3867372.5
