Metric,Mean,STD
MAE,0.7419176459312439,0.05092199
MSE,0.9234673500061035,0.084128395
RMSE,0.9600069046020507,0.043059092
MAPE,14.23298683166504,4.2950487
MSPE,76807.512109375,46287.28
TrainTime(s),17.33585147857666,3.1498510469306678
TestTime(s),0.4510975360870361,0.04351424989461414
