Metric,Mean,STD
MAE,0.38611069321632385,0.016464321
MSE,1.2470643520355225,0.13759944
RMSE,1.1150782108306885,0.060538713
MAPE,3.1304849783579507,0.22389312
MSPE,83611.5625,5558.422
TrainTime(s),10709.456470489502,3030.954371390333
TestTime(s),191.6501849492391,0.5390326050601176

