Metric,Mean,STD
MAE,0.6728455305099488,0.03578992
MSE,0.8035748362541199,0.066685274
RMSE,0.8956620454788208,0.036937304
MAPE,11.246408081054687,1.4983424
MSPE,42832.11953125,12783.679
TrainTime(s),58.64151244163513,6.365417402595918
TestTime(s),1.4085378170013427,0.08505627697642408
