Metric,Mean,STD
MAE,0.3765403727690379,0.0028152054
MSE,1.2382114330927532,0.12354494
RMSE,1.1113697687784831,0.055395555
MAPE,2.8901347319285073,0.17106077
MSPE,71577.11979166667,21336.615
TrainTime(s),5460.502398490906,254.26880029971272
TestTime(s),161.2974293231964,6.45442511865445
