Metric,Mean,STD
MAE,0.31321558356285095,0.00808722
MSE,1.1131061712900798,0.26524752
RMSE,1.0466951926549275,0.13242112
MAPE,2.1003039677937827,0.21820368
MSPE,47332.144205729164,50065.492
TrainTime(s),29177.335679928463,4657.203792487406
TestTime(s),464.2266029516856,98.093049242436
