Métrica,Valor
MAE,0.49965818723042804
MSE,0.5724301735560099
RMSE,0.7565441528956095
MAPE,14.956761360168457
MSPE,5742268.166666667
