Métrica,Valor
MAE,0.48344579339027405
MSE,0.5347667137781779
RMSE,0.7312722603480021
MAPE,10.030911445617676
MSPE,2319920.6666666665
