Metric,Mean,STD
MAE,0.394002099831899,0.0028491956
MSE,0.5020326475302378,0.0046321247
RMSE,0.7085350553194681,0.0032736615
MAPE,2.487715164820353,0.09007097
MSPE,1196.1313069661458,105.10766
TrainTime(s),17697.790107329685,3174.41485034529
TestTime(s),253.98048694928488,3.7659319742202353
