Metric,Mean,STD
MAE,0.5020544826984406,0.012657959
MSE,0.4714468359947205,0.015134721
RMSE,0.6865329146385193,0.010926244
MAPE,10.506933212280273,0.9553085
MSPE,39694.5171875,8276.068
TrainTime(s),29.693740129470825,0.2085605234871023
TestTime(s),0.8735652923583984,0.024938589704468987
