Metric,Mean,STD
MAE,0.004626492930886646,0.003953705
MSE,4.6283201034687714e-05,5.954436e-05
RMSE,0.005112616034845511,0.004488247
MAPE,0.044943698371450104,0.034259833
MSPE,0.0037016975450872756,0.003964819
TrainTime(s),22882.348379214603,8549.1878119503
TestTime(s),106.30643200874329,0.963728648236504