Metric,Mean,STD
MAE,0.6928999543190002,0.06708054
MSE,0.8608003616333008,0.16253148
RMSE,0.923635995388031,0.08773191
MAPE,3.000871753692627,0.40846035
MSPE,1159.5548217773437,696.41595
TrainTime(s),33.11864585876465,7.8761294264506425
TestTime(s),0.8641387939453125,0.15942636249582035
