Métrica,Valor
MAE,0.5101333320140838
MSE,0.5740806698799134
RMSE,0.7576606750488282
MAPE,15.311581230163574
MSPE,6427642.8
TrainTime(s),57.133285713195804
TestTime(s),3.865423011779785
