Metric,Mean,STD
MAE,0.3665178120136261,0.017925465
MSE,1.2251749634742737,0.21371189
RMSE,1.1023362278938293,0.10014886
MAPE,2.8720999558766684,0.10687252
MSPE,74118.09375,52512.97
TrainTime(s),14390.446017185846,7472.113054635906
TestTime(s),212.14886434872946,0.7698077064606619
