Metric,Mean,STD
MAE,0.35434237122535706,0.010891264
MSE,0.9561042388280233,0.10879119
RMSE,0.976150115331014,0.05687899
MAPE,2.608830451965332,0.18303052
MSPE,108003.61979166667,17982.613
TrainTime(s),4672.043496370316,4.17767561819209
TestTime(s),155.98353068033853,8.808592134362367
