Metric,Mean,STD
MAE,0.5323485314846039,0.0353314
MSE,0.557641577720642,0.088028066
RMSE,0.7445853590965271,0.05686999
MAPE,14.326416969299316,2.4075763
MSPE,83083.3390625,28093.992
TrainTime(s),29.208615016937255,4.493918742144033
TestTime(s),0.7274824619293213,0.25683424448014314
