Metric,Mean,STD
MAE,0.6312574625015259,0.027636627
MSE,0.689674687385559,0.046108387
RMSE,0.8299986600875855,0.027873298
MAPE,10.456926727294922,0.7948712
MSPE,36663.6859375,6098.267
TrainTime(s),27.664155101776124,0.19662960653829337
TestTime(s),0.7995987892150879,0.0071319774204220724
