Métrica,Valor
MAE,0.5004506409168243
MSE,0.5688255031903585
RMSE,0.7541627287864685
MAPE,8.140178998311361
MSPE,1366707.4166666667
