Metric,Mean,STD
MAE,0.41408393780390423,0.0067563336
MSE,0.537721316019694,0.01137497
RMSE,0.7332539558410645,0.007742781
MAPE,2.573042631149292,0.09428147
MSPE,1363.1084391276042,117.15614
TrainTime(s),10741.03552977244,422.8372053616475
TestTime(s),225.14592297871908,63.83664958638022