Métrica,Valor
MAE,0.510034183661143
MSE,0.6014898816744486
RMSE,0.7755372722943624
MAPE,11.38462003072103
MSPE,3162597.625
