Métrica,Valor
MAE,0.47792383035024005
MSE,0.5313863754272461
RMSE,0.7289595405260721
MAPE,15.2244021097819
MSPE,6826996.166666667
