Metric,Mean,STD
MAE,0.5651409268379212,0.056325868
MSE,0.5959520220756531,0.099014424
RMSE,0.7695169568061828,0.061609007
MAPE,13.388233184814453,1.8879842
MSPE,66168.35703125,19156.791
TrainTime(s),66.10842971801758,7.4425181576937565
TestTime(s),1.7421308040618897,0.15856283611804595
