Métrica,Valor
MAE,0.4827267825603485
MSE,0.526534378528595
RMSE,0.7256059646606445
MAPE,9.06230878829956
MSPE,1885110.0833333333
