Métrica,Valor
MAE,0.5359703103701273
MSE,0.6362297534942627
RMSE,0.7976045409838358
MAPE,11.063164075215658
MSPE,2880396.9583333335
