Metric,Mean,STD
MAE,0.004843882983550429,0.0023154337
MSE,3.347194675977031e-05,2.8458659e-05
RMSE,0.005286092171445489,0.0023514195
MAPE,0.08768968159953754,0.03570241
MSPE,0.025897800844783585,0.016064571
TrainTime(s),58933.194401184715,29915.678539890374
TestTime(s),415.1485381921132,2.3532354268680495