Métrica,Valor
MAE,0.5103254020214081
MSE,0.5867239832878113
RMSE,0.7659139037132263
MAPE,22.842906316121418
MSPE,12935617.333333334
