Métrica,Valor
MAE,0.4862205982208252
MSE,0.5638180176417033
RMSE,0.7508711814880371
MAPE,9.05011479059855
MSPE,1641655.25
