Metric,Mean,STD
MAE,0.3743918240070343,0.004131839
MSE,0.4636513789494832,0.0019166024
RMSE,0.6809180577596029,0.001407686
MAPE,2.2524784406026206,0.0017504408
MSPE,954.1710815429688,38.396774
TrainTime(s),18913.633506218594,28.79270079073834
TestTime(s),296.2529906431834,1.9551090522918002
