Metric,Mean,STD
MAE,0.00254700997,0.000936854342
MSE,9.96642360e-06,5.46915290e-06
RMSE,0.00300938437,0.000953954435
MAPE,0.0486652413,0.0327035056
MSPE,0.01289556,0.0157798993
TrainTime(s),58933.194401184715,29915.678539890374
TestTime(s),415.1485381921132,2.3532354268680495