Metric,Mean,STD
MAE,0.4547089735666911,0.012089306
MSE,1.1269115805625916,0.17174505
RMSE,1.0585693717002869,0.079639375
MAPE,3.5231680075327554,0.12484961
MSPE,262536.3463541667,128110.88
TrainTime(s),19360.338977177937,386.61030368558716
TestTime(s),382.67756422360736,10.988814244724983
