Metric,Mean,STD
MAE,0.9354774236679078,0.05137299
MSE,1.3881272792816162,0.15815079
RMSE,1.176358413696289,0.06563659
MAPE,3.730952262878418,0.19879666
MSPE,1794.1597412109375,267.39877
TrainTime(s),18.29061508178711,0.4144523279359095
TestTime(s),0.46595239639282227,0.03995447850799963
