Metric,Mean,STD
MAE,0.5094111661116282,0.012977768
MSE,1.33998970190684,0.11006473
RMSE,1.156571626663208,0.048287775
MAPE,3.888505776723226,0.356278
MSPE,260368.73697916666,168729.73
TrainTime(s),35254.303539037704,5940.1559037720035
TestTime(s),498.73810871442157,6.51587211660291