Métrica,Valor
MAE,0.48520002762476605
MSE,0.5588476459185282
RMSE,0.747400144735972
MAPE,7.4360300699869795
MSPE,931199.0625
