Métrica,Valor
MAE,0.4946998059749603
MSE,0.5499862829844157
RMSE,0.7415655851364136
MAPE,9.234715620676676
MSPE,1793716.0416666667
