Metric,Mean,STD
MAE,3.12651617e-01,2.15710747e-02
MSE,1.13345259e+00, 1.21601485e-01
RMSE, 1.06304459e+00, 5.82141101e-02
MAPE, 2.54489420e+00, 1.14815697e-01
MSPE, 4.91083987e+04, 2.30292045e+04
TrainTime(s),35866.69184541702,116.14726439402543
TestTime(s),438.9258619149526,12.634358625825625