Métrica,Valor
MAE,0.49712329109509784
MSE,0.5653624534606934
RMSE,0.7519046465555826
MAPE,14.01446787516276
MSPE,4671428.583333333
