Metric,Mean,STD
MAE,0.350579430659612,0.003862202
MSE,0.9214359521865845,0.124519005
RMSE,0.9577618439992269,0.06425141
MAPE,2.798084576924642,0.035623956
MSPE,171224.55989583334,38991.59
TrainTime(s),19077.348221381504,10872.647638581571
TestTime(s),206.55396699905396,1.7908625814680383
