Metric,Mean,STD
MAE,0.4511215587457021,0.0060523422
MSE,1.4411837657292683,0.10253719
RMSE,1.1997486352920532,0.042272512
MAPE,3.3559672832489014,0.15925261
MSPE,98948.90625,35480.305
TrainTime(s),33770.37894463539,68.86697094889037
TestTime(s),556.7145040035248,4.6551444208554305