Métrica,Valor
MAE,0.502090334892273
MSE,0.581782062848409
RMSE,0.7627156575520834
MAPE,15.348923365275065
MSPE,5093076.5
