Métrica,Valor
MAE,0.4943455159664154
MSE,0.5737079779307047
RMSE,0.7574038505554199
MAPE,10.406104723612467
MSPE,2276262.5
