Metric,Mean,STD
MAE,0.8157303929328918,0.051015556
MSE,1.0788367509841919,0.111991934
RMSE,1.0371657848358153,0.055891927
MAPE,6.13753309249878,0.9138854
MSPE,3323.627685546875,979.412
TrainTime(s),22.626390838623045,3.533930159598474
TestTime(s),0.42589530944824217,0.013504495263782149
