Métrica,Valor
MAE,0.4813389976819356
MSE,0.5287427504857382
RMSE,0.7271455128987631
MAPE,14.30148188273112
MSPE,7517006.5
