Metric,Mean,STD
MAE,0.6358492493629455,0.029589105
MSE,0.8755017399787903,0.07261685
RMSE,0.9348639607429504,0.039129607
MAPE,14.953554725646972,2.6875043
MSPE,77929.38203125,27876.715
TrainTime(s),15.953085660934448,1.4738045462497664
TestTime(s),0.41279897689819334,0.050256418388125154
