Métrica,Valor
MAE,0.5105901757876078
MSE,0.5921112298965454
RMSE,0.7694590290387472
MAPE,9.352772076924643
MSPE,1807842.5833333333
