Métrica,Valor
MAE,0.4979177216688792
MSE,0.5796640912691752
RMSE,0.7613410949707031
MAPE,12.024598439534506
MSPE,3036791.8333333335
