Metric,Mean,STD
MAE,0.4869612356026967,0.025556266
MSE,0.4667692581812541,0.034759425
RMSE,0.6827413042386373,0.025171027
MAPE,10.586687723795572,1.0010821
MSPE,39996.656901041664,7638.7134
TrainTime(s),75.44564493497212,7.630289388606853
TestTime(s),1.5462068716684978,0.02522373273555228
