Metric,Mean,STD
MAE,0.5314226865768432,0.011621186
MSE,0.5378797650337219,0.010767631
RMSE,0.7333660006523133,0.0073527195
MAPE,16.158446884155275,2.9625063
MSPE,106847.72734375,34116.96
TrainTime(s),24.060135936737062,2.076042375903769
TestTime(s),0.5358171463012695,0.0015372998141795831
