Metric,Mean,STD
MAE,0.004885727462048332,0.003473454
MSE,4.2626401106341895e-05,4.889967e-05
RMSE,0.005405208328738809,0.0036619836
MAPE,0.07072814678152402,0.012457318
MSPE,0.01341600033144156,0.004287028
TrainTime(s),45449.60291401545,17286.956258232345
TestTime(s),461.61564596494037,18.92841720075861
