Metric,Mean,STD
MAE,0.0043066164168218775,0.0010442574
MSE,2.357540506636724e-05,1.0056595e-05
RMSE,0.00471765788582464,0.0011485245
MAPE,0.03928559459745884,0.005720419
MSPE,0.0017402912490069866,0.000300711
TrainTime(s),15941.0137163798,4133.995508579113
TestTime(s),133.002143462499,10.842563235615458