Metric,Mean,STD
MAE,0.6892270445823669,0.0713712
MSE,0.8293569326400757,0.14177819
RMSE,0.9069309711456299,0.08266302
MAPE,3.0280177116394045,1.0008476
MSPE,996.2155700683594,387.04938
TrainTime(s),61.370782661437985,9.487096797262687
TestTime(s),1.2962954998016358,0.04558016883299309
