Métrica,Valor
MAE,0.49597208698590595
MSE,0.5404024322827657
RMSE,0.7350744009017944
MAPE,13.569443384806315
MSPE,4668882.5
