Metric,Mean,STD
MAE,0.5387192368507385,0.024172368
MSE,0.5314566135406494,0.03401891
RMSE,0.7286411881446838,0.023208573
MAPE,10.805469131469726,1.3630378
MSPE,43355.691015625,10547.715
TrainTime(s),42.91307592391968,6.625424733348755
TestTime(s),0.9859206676483154,0.006000381708473747
