Métrica,Valor
MAE,0.48565296332041424
MSE,0.5367716352144877
RMSE,0.7326463460922241
MAPE,16.64972909291585
MSPE,9270702.833333334
