Metric,Mean,STD
MAE,0.0039871867435673876,0.0007951762
MSE,1.8811008885677438e-05,7.2789444e-06
RMSE,0.004259363127251466,0.0008178229
MAPE,0.03902367688715458,0.0098351715
MSPE,0.0018331703031435609,0.0010362132
TrainTime(s),13989.064623435339,5934.676716150221
TestTime(s),82.53856110572815,5.488923914184455
