Metric,Mean,STD
MAE,0.5292250692844391,0.022674866
MSE,0.5173702895641327,0.041251373
RMSE,0.7187026619911194,0.028927209
MAPE,9.872034072875977,0.759963
MSPE,34228.769140625,6215.5312
TrainTime(s),36.56313042640686,0.4164158532795438
TestTime(s),1.0255423069000245,0.03332431468535862
