Metric,Mean,STD
MAE,0.5858986576398214,0.010905129
MSE,0.6271994709968567,0.029794807
RMSE,0.7917371789614359,0.01875344
MAPE,12.794304211934408,1.7383658
MSPE,63213.235677083336,15568.278
TrainTime(s),142.47887214024863,26.854901363584073
TestTime(s),2.909030040105184,0.8810881597348259
