Metric,Mean,STD
MAE,0.7549070715904236,0.053963687
MSE,0.886627447605133,0.10009173
RMSE,0.940080177783966,0.053635
MAPE,5.925551891326904,0.64558566
MSPE,2924.2255859375,475.51672
TrainTime(s),18.676547241210937,1.9456009170868551
TestTime(s),0.44996232986450196,0.02408600326435105
