Metric,Mean,STD
MAE,0.5323745727539062,0.01709898
MSE,0.5458067893981934,0.020421004
RMSE,0.7386589288711548,0.0137753375
MAPE,11.799150848388672,1.6264434
MSPE,48779.9515625,13908.208
TrainTime(s),16.819558143615723,1.7489762018028472
TestTime(s),0.383595609664917,0.0025055087775630795
