Métrica,Valor
MAE,0.5666782657305399
MSE,0.6508544286092123
RMSE,0.8067360321680704
MAPE,12.912827014923096
MSPE,3742156.0
