Métrica,Valor
MAE,0.5564793546994528
MSE,0.6436998049418131
RMSE,0.8022849361101786
MAPE,8.924173990885416
MSPE,1531276.5833333333
