Metric,Mean,STD
MAE,0.6918573498725891,0.06953038
MSE,0.7768447697162628,0.1377296
RMSE,0.8777585804462433,0.07990406
MAPE,5.417599225044251,1.2658392
MSPE,2620.9581787109373,1132.1063
TrainTime(s),94.97131376266479,18.215808738757744
TestTime(s),3.179840421676636,0.7007537131407634
