Metric,Mean,STD
MAE,0.7003333806991577,0.12159807
MSE,0.8515535235404968,0.32827955
RMSE,0.9074049532413483,0.16783851
MAPE,5.7785029172897335,1.7007375
MSPE,2587.092578125,1267.7806
TrainTime(s),110.50516221523284,19.3195650111625
TestTime(s),3.597604012489319,0.6855989645672795
