Metric,Mean,STD
MAE,0.5795225083827973,0.069690034
MSE,0.5897285342216492,0.13277365
RMSE,0.7629457235336303,0.08742052
MAPE,4.259816288948059,1.0320454
MSPE,1908.3480529785156,665.41284
TrainTime(s),96.08979442119599,28.17709229942176
TestTime(s),2.8361502170562742,1.0208760514930277
