Metric,Mean,STD
MAE,0.6004450023174286,0.04567908
MSE,0.6294877260923386,0.105625436
RMSE,0.7908091425895691,0.06409855
MAPE,4.702694845199585,0.7564227
MSPE,2063.0264404296877,576.02576
TrainTime(s),94.7503157377243,18.656761489754572
TestTime(s),2.7092398405075073,0.86829458302588
