Metric,Mean,STD
MAE,0.6780996203422547,0.09321093
MSE,0.7912194937467575,0.21971782
RMSE,0.8809432089328766,0.12312004
MAPE,5.17727108001709,1.4377916
MSPE,2477.6878051757812,1055.3295
TrainTime(s),96.0392632484436,17.742732512278902
TestTime(s),3.20559241771698,0.6880404404380028
