Metric,Mean,STD
MAE,0.6449483931064606,0.08373524
MSE,0.7309744119644165,0.20302595
RMSE,0.8465003669261932,0.120048
MAPE,4.786899375915527,1.2349708
MSPE,2040.6430786132812,596.4691
TrainTime(s),86.32360389232636,9.963349443689452
TestTime(s),2.4973134994506836,0.8291488792709573
