Metric,Mean,STD
MAE,0.5815792798995971,0.07531905
MSE,0.5828471869230271,0.1534003
RMSE,0.7571317851543427,0.09797262
MAPE,4.195326423645019,1.1553656
MSPE,1790.9026245117188,851.70734
TrainTime(s),108.34381008148193,17.86770890420022
TestTime(s),3.5936849117279053,0.603187967841394
