Metric,Mean,STD
MAE,0.6174394369125367,0.106510915
MSE,0.6718123376369476,0.23868245
RMSE,0.8080057978630066,0.13761885
MAPE,4.503888630867005,1.2866901
MSPE,1977.502215576172,910.1263
TrainTime(s),93.3064546585083,11.905768873913697
TestTime(s),2.9171626567840576,0.5842761068035848
