Metric,Mean,STD
MAE,0.6026255309581756,0.07712015
MSE,0.6279002398252487,0.15295568
RMSE,0.7869444131851197,0.09283705
MAPE,4.240163278579712,1.5047333
MSPE,1501.4911743164062,613.0492
TrainTime(s),109.49037876129151,19.19218223437257
TestTime(s),3.904904365539551,0.16316065226756846
