Metric,Mean,STD
MAE,0.7091304302215576,0.07921463
MSE,0.8558914214372635,0.18835334
RMSE,0.9193205118179322,0.10363982
MAPE,5.549148058891296,1.0396004
MSPE,2596.120251464844,925.50653
TrainTime(s),90.49834995269775,12.479179474790616
TestTime(s),3.2469656705856322,1.4610773591678876
