Metric,Mean,STD
MAE,0.6232390403747559,0.10779919
MSE,0.7040946900844574,0.25500596
RMSE,0.8268317520618439,0.14298233
MAPE,4.737714028358459,1.4129771
MSPE,2038.5403076171874,1151.465
TrainTime(s),97.92187373638153,19.885376037200153
TestTime(s),3.214047002792358,0.8597970424650225
