Metric,Mean,STD
MAE,0.6040639221668244,0.08255259
MSE,0.6452808171510697,0.18537813
RMSE,0.795836728811264,0.109200396
MAPE,4.5057776927947994,1.455969
MSPE,1903.9783813476563,715.3947
TrainTime(s),79.89877586364746,12.380397868917045
TestTime(s),2.7292779207229616,0.9052422202295196
