Metric,Mean,STD
MAE,0.6749500036239624,0.06286831
MSE,0.7619149863719941,0.12128832
RMSE,0.8701528012752533,0.068913594
MAPE,5.3353979110717775,0.72516006
MSPE,2404.584716796875,541.34235
TrainTime(s),96.56868617534637,20.258290530372125
TestTime(s),3.4617013216018675,0.654495181410756
