Metric,Mean,STD
MAE,0.5355296462774277,0.06413542
MSE,0.5138899803161621,0.10227531
RMSE,0.7132230579853058,0.07213077
MAPE,3.836189794540405,1.1914865
MSPE,1542.3051635742188,577.61786
TrainTime(s),88.73964364528656,14.292776599027592
TestTime(s),3.16823787689209,0.6702196915473341
