Metric,Mean,STD
MAE,0.6267919957637786,0.10140691
MSE,0.6676921159029007,0.19660883
RMSE,0.80831658244133,0.11965127
MAPE,5.167006921768189,1.411955
MSPE,2137.0672119140627,614.2724
TrainTime(s),88.89749782085418,17.13938525749644
TestTime(s),2.658145308494568,0.6439247752108161
