Metric,Mean,STD
MAE,0.6608136802911758,0.1168166
MSE,0.7370067715644837,0.24164195
RMSE,0.847980511188507,0.13392471
MAPE,5.531497454643249,1.390273
MSPE,2794.3034912109374,924.5393
TrainTime(s),82.10918292999267,7.684365294802762
TestTime(s),2.222281503677368,0.4473275675958249
