Metric,Mean,STD
MAE,0.6747199654579162,0.1266806
MSE,0.7601674228906632,0.25698742
RMSE,0.8589982748031616,0.14929636
MAPE,5.534442400932312,1.8225182
MSPE,2603.06376953125,1157.1312
TrainTime(s),97.07063686847687,18.36694257262307
TestTime(s),3.4837064027786253,0.40812891062457096
