Metric,Mean,STD
MAE,0.659278279542923,0.110597715
MSE,0.7639827728271484,0.23957513
RMSE,0.8640344321727753,0.13201241
MAPE,5.2078749418258665,1.4369818
MSPE,2442.308740234375,946.00586
TrainTime(s),106.67088422775268,22.414420048997712
TestTime(s),2.92017502784729,0.8214372583294218
