Metric,Mean,STD
MAE,0.6018632292747498,0.094100334
MSE,0.6075646042823791,0.13993599
RMSE,0.7738228023052216,0.09361025
MAPE,4.5877474546432495,1.4693974
MSPE,1811.5364807128906,658.0359
TrainTime(s),93.22293846607208,16.937467276913754
TestTime(s),3.023204231262207,0.8865112065051785
