Metric,Mean,STD
MAE,0.6652113199234009,0.11370909
MSE,0.8034858673810958,0.2535202
RMSE,0.8836335480213166,0.1505908
MAPE,5.355323529243469,1.7849146
MSPE,2620.9603271484375,1205.1025
TrainTime(s),108.67923121452331,20.001049153108255
TestTime(s),3.6169665098190307,0.7000860534732717
