Metric,Mean,STD
MAE,0.6477382898330688,0.09429848
MSE,0.7301927655935287,0.19932032
RMSE,0.8465080499649048,0.11669137
MAPE,5.050256967544556,1.277851
MSPE,2415.0938049316405,831.8475
TrainTime(s),105.31889166831971,17.479020088495485
TestTime(s),3.0418537855148315,0.8330399341121937
