Metric,Mean,STD
MAE,0.6636330008506774,0.06560661
MSE,0.7926557123661041,0.15007606
RMSE,0.8861483573913574,0.08600464
MAPE,4.798427987098694,1.0773807
MSPE,2452.562854003906,793.21027
TrainTime(s),100.43462793827057,17.144447723163196
TestTime(s),2.3221696615219116,0.6984987465214645
