Metric,Mean,STD
MAE,0.6103167712688446,0.09981796
MSE,0.6724646300077438,0.21419522
RMSE,0.8102894723415375,0.1260778
MAPE,4.577484107017517,1.3567667
MSPE,2074.5922790527343,907.84644
TrainTime(s),113.64764111042022,17.024416386270453
TestTime(s),3.277712106704712,0.8271828582532131
