Metric,Mean,STD
MAE,0.5635827004909515,0.09860655
MSE,0.5711893618106842,0.19960344
RMSE,0.7451081573963165,0.12650372
MAPE,4.121214103698731,1.4195536
MSPE,1835.2296630859375,908.4883
TrainTime(s),101.09810423851013,22.886260588164863
TestTime(s),2.9129924058914183,0.8188941650042475
