Metric,Mean,STD
MAE,0.6421577572822571,0.07874913
MSE,0.7325702488422394,0.17402682
RMSE,0.8491963028907776,0.10693868
MAPE,4.779881620407105,1.1951072
MSPE,2298.681591796875,557.2508
TrainTime(s),117.81804189682006,25.725847759680676
TestTime(s),3.3142698764801026,0.8777675276677677
