Metric,Mean,STD
MAE,0.5953565180301666,0.08713425
MSE,0.6048284500837326,0.15283631
RMSE,0.771372628211975,0.09905912
MAPE,4.223930859565735,1.1615795
MSPE,1816.1229064941406,617.51855
TrainTime(s),96.73806643486023,21.132560742831664
TestTime(s),2.895837640762329,0.9387605209998514
