Metric,Mean,STD
MAE,0.567511796951294,0.06495936
MSE,0.5731420516967773,0.13534772
RMSE,0.7519442558288574,0.087874226
MAPE,3.981084203720093,0.924935
MSPE,1728.5168334960938,602.8621
TrainTime(s),111.00427997112274,17.528363064946326
TestTime(s),3.0397043228149414,0.977497994808711
