Metric,Mean,STD
MAE,0.7104512095451355,0.0552767
MSE,0.8297468960285187,0.11921581
RMSE,0.908571845293045,0.065146774
MAPE,6.410884666442871,0.92018783
MSPE,2933.871936035156,756.08124
TrainTime(s),79.51723077297211,16.2765590005854
TestTime(s),2.3685892105102537,0.8461079922675021
