Metric,Mean,STD
MAE,0.6232793033123016,0.09312496
MSE,0.6943648248910904,0.21423608
RMSE,0.8234253406524659,0.12781055
MAPE,5.1578213453292845,1.3138239
MSPE,2169.3049926757812,716.61945
TrainTime(s),103.64363846778869,22.54237515261671
TestTime(s),3.379355621337891,0.742489094866605
