Metric,Mean,STD
MAE,0.633761265873909,0.09589477
MSE,0.7043318033218384,0.22234988
RMSE,0.8285835802555084,0.13334563
MAPE,5.208341813087463,1.3987176
MSPE,2188.2914611816404,780.889
TrainTime(s),96.56034307479858,23.852656380116624
TestTime(s),2.7869587182998656,0.8358410218888996
