Metric,Mean,STD
MAE,0.6281411051750183,0.051082533
MSE,0.674433583021164,0.11156875
RMSE,0.8181267380714417,0.071429774
MAPE,4.809107756614685,0.6412083
MSPE,2190.9493041992187,423.2465
TrainTime(s),118.50973212718964,24.977389851828654
TestTime(s),3.656761336326599,0.5110150336136826
