Metric,Mean,STD
MAE,0.6016366839408874,0.09776642
MSE,0.6273073375225067,0.19352892
RMSE,0.7831150352954864,0.11848281
MAPE,4.4841451168060305,1.5139953
MSPE,1922.3812744140625,606.6718
TrainTime(s),93.05188975334167,19.109703497432555
TestTime(s),2.5113942623138428,0.8816569745539945
