Metric,Mean,STD
MAE,0.667764014005661,0.0890603
MSE,0.7578731119632721,0.17940076
RMSE,0.8649530708789825,0.09863721
MAPE,4.99559977054596,1.2050132
MSPE,2251.0841674804688,659.61176
TrainTime(s),109.05152385234832,39.74957842563722
TestTime(s),2.7098329782485964,0.8448078499012004
