Metric,Mean,STD
MAE,0.6599177032709121,0.09406672
MSE,0.7715743720531464,0.19840169
RMSE,0.8702178597450256,0.1195627
MAPE,4.934158992767334,1.4653575
MSPE,2272.154718017578,1036.8788
TrainTime(s),103.24903814792633,15.06642632321596
TestTime(s),2.6343197345733644,0.6135080067781096
