Metric,Mean,STD
MAE,0.6136314570903778,0.06900066
MSE,0.6520059376955032,0.12690856
RMSE,0.8027976930141449,0.08672829
MAPE,4.713349175453186,1.1904311
MSPE,1914.416748046875,628.3015
TrainTime(s),92.24428799152375,11.497707116681566
TestTime(s),2.5447739124298097,0.7816656766021016
