Metric,Mean,STD
MAE,0.6198412775993347,0.10411381
MSE,0.6621454179286956,0.21158661
RMSE,0.8039164662361145,0.12595135
MAPE,4.525649094581604,1.5160643
MSPE,2225.50419921875,837.78595
TrainTime(s),101.68525612354279,17.411701502959165
TestTime(s),3.229549837112427,0.7807413669079374
