Metric,Mean,STD
MAE,0.6238483250141144,0.060468026
MSE,0.6797092020511627,0.1352857
RMSE,0.8203060328960419,0.0825058
MAPE,4.897148180007934,0.48224965
MSPE,2236.2996459960937,401.32022
TrainTime(s),98.44315755367279,11.975133730823966
TestTime(s),2.8437413692474367,0.39056205652083753
