Metric,Mean,STD
MAE,0.6141797602176666,0.077458985
MSE,0.6572535037994385,0.16587538
RMSE,0.8050022840499877,0.096045904
MAPE,4.866266942024231,0.8701661
MSPE,1954.1525146484375,614.8467
TrainTime(s),112.30763564109802,19.43724870810363
TestTime(s),3.6773009061813355,0.4660024676951213
