Metric,Mean,STD
MAE,0.5778924196958541,0.07827052
MSE,0.5858752369880676,0.14252914
RMSE,0.7599436223506928,0.09143803
MAPE,4.2332775592803955,1.2642205
MSPE,2117.107141113281,734.7481
TrainTime(s),97.15737202167512,42.62178344356988
TestTime(s),2.396643280982971,0.7132868143357797
