Metric,Mean,STD
MAE,0.637677225470543,0.11575502
MSE,0.6973179638385772,0.2513385
RMSE,0.8227083444595337,0.14306965
MAPE,5.144891285896302,1.6913894
MSPE,2289.996240234375,751.3597
TrainTime(s),98.56456837654113,17.695887826962622
TestTime(s),2.9264015197753905,0.9609729938040593
