Metric,Mean,STD
MAE,0.6590020716190338,0.06893927
MSE,0.7675270229578018,0.16361679
RMSE,0.8707754254341126,0.096318096
MAPE,5.166063904762268,1.2969831
MSPE,2303.866015625,694.86847
TrainTime(s),101.38508026599884,18.586483908785247
TestTime(s),2.992671751976013,0.674103845447714
