Metric,Mean,STD
MAE,0.5807336449623108,0.037924975
MSE,0.5782547324895859,0.080015704
RMSE,0.7586500406265259,0.052008405
MAPE,4.249613213539123,0.7427337
MSPE,1699.4705688476563,475.44202
TrainTime(s),105.69558393955231,22.448741936908196
TestTime(s),3.410834455490112,0.798445367992903
