Metric,Mean,STD
MAE,0.7101624429225921,0.09508602
MSE,0.8867293357849121,0.20841035
RMSE,0.9346297264099122,0.1148766
MAPE,6.503805661201477,1.9025855
MSPE,3287.1661071777344,1086.3058
TrainTime(s),119.60292489528656,23.39157933175209
TestTime(s),4.082435202598572,0.11181102892743892
