Metric,Mean,STD
MAE,0.6730753898620605,0.06586328
MSE,0.7732691764831543,0.12609418
RMSE,0.8764135658740997,0.071891904
MAPE,5.477740597724915,1.2786995
MSPE,2655.9259765625,680.8468
TrainTime(s),81.8923347234726,9.047244168628932
TestTime(s),2.5968287706375124,0.7538085013875141
