Metric,Mean,STD
MAE,0.5884553074836731,0.07794768
MSE,0.6048384845256806,0.1526625
RMSE,0.7719060957431794,0.09486555
MAPE,4.266632699966431,1.5400441
MSPE,1506.1246032714844,683.4464
TrainTime(s),99.56378602981567,9.738649842849535
TestTime(s),2.6422760009765627,0.6309923330492323
