Metric,Mean,STD
MAE,0.7045683145523072,0.06393539
MSE,0.8113257586956024,0.16486084
RMSE,0.896089893579483,0.09137107
MAPE,5.9958953857421875,1.1232513
MSPE,2678.3344848632814,998.94867
TrainTime(s),106.39739441871643,12.132346951757427
TestTime(s),3.735542392730713,0.588554588406618
