Metric,Mean,STD
MAE,0.7483333349227905,0.07725821
MSE,0.9373794376850129,0.21336895
RMSE,0.9621743142604828,0.107703455
MAPE,6.680910730361939,1.016487
MSPE,2982.3034790039064,744.77625
TrainTime(s),77.17702362537383,16.862414631002288
TestTime(s),2.293591594696045,0.7989688012685616
