Metric,Mean,STD
MAE,0.6759612262248993,0.06254388
MSE,0.7768700778484344,0.12309675
RMSE,0.8786591053009033,0.069485754
MAPE,5.41024534702301,1.1252054
MSPE,2491.7308715820313,508.88458
TrainTime(s),100.62523586750031,27.053820473783194
TestTime(s),2.83338668346405,0.8955905636382764
