Metric,Mean,STD
MAE,0.6898047745227813,0.104131
MSE,0.8492153942584991,0.24385962
RMSE,0.9112584292888641,0.13719867
MAPE,5.523702073097229,1.767881
MSPE,2622.056915283203,1144.1868
TrainTime(s),95.46396152973175,18.747687648892263
TestTime(s),2.546434688568115,0.6772230705740582
