Metric,Mean,STD
MAE,0.65209202170372,0.08753389
MSE,0.7377976804971695,0.18246487
RMSE,0.8520852446556091,0.108390085
MAPE,5.191513514518737,1.2939024
MSPE,2430.196984863281,609.8748
TrainTime(s),95.95410976409912,14.752767170991449
TestTime(s),2.3870108842849733,0.5202935303647955
