Metric,Mean,STD
MAE,0.6568906724452972,0.069924906
MSE,0.7537051737308502,0.15296957
RMSE,0.8634351491928101,0.0904706
MAPE,5.315376257896423,0.7018539
MSPE,2478.45869140625,629.4909
TrainTime(s),112.80016067028046,25.107588882735655
TestTime(s),3.173355555534363,0.8762419054957782
