Metric,Mean,STD
MAE,0.6957455456256867,0.09091965
MSE,0.8627894341945648,0.22325781
RMSE,0.9207948863506317,0.12217277
MAPE,5.374858379364014,1.0347995
MSPE,2729.5141479492186,1032.7634
TrainTime(s),96.99455311298371,25.80399217221278
TestTime(s),2.5988065004348755,0.8966043677616273
