Metric,Mean,STD
MAE,0.5840378433465958,0.069922775
MSE,0.5865284234285355,0.11362903
RMSE,0.7619661509990692,0.07704553
MAPE,4.109890413284302,1.3043349
MSPE,1591.6789978027343,506.54074
TrainTime(s),101.11690652370453,16.473607105676862
TestTime(s),2.7693385601043703,0.3903367553523122
