Metric,Mean,STD
MAE,0.5731495320796967,0.07019141
MSE,0.5802497237920761,0.14950658
RMSE,0.7561353802680969,0.09224433
MAPE,3.978749895095825,1.1226801
MSPE,1671.5519165039063,726.55225
TrainTime(s),103.37076156139373,21.347586189741328
TestTime(s),3.135854935646057,0.7444374000027253
