Metric,Mean,STD
MAE,0.6705343365669251,0.047760133
MSE,0.7945111513137817,0.13151745
RMSE,0.8882715702056885,0.0740594
MAPE,5.401638197898865,0.7822834
MSPE,2499.01396484375,697.9114
TrainTime(s),124.85225939750671,30.67480915608652
TestTime(s),2.997285556793213,0.8497801226419051
