Metric,Mean,STD
MAE,0.6345212161540985,0.06484349
MSE,0.6897610247135162,0.13744569
RMSE,0.8265033066272736,0.08156786
MAPE,4.419185328483581,1.1957974
MSPE,2046.232861328125,836.7912
TrainTime(s),93.40986497402191,13.72179291391113
TestTime(s),3.013593292236328,0.6698233177149615
