Metric,Mean,STD
MAE,0.674405324459076,0.063385844
MSE,0.7807513236999511,0.17485312
RMSE,0.8780078053474426,0.09926528
MAPE,5.2519320249557495,0.9791005
MSPE,2334.9162841796874,648.574
TrainTime(s),105.20101075172424,27.966791885270556
TestTime(s),2.9650226354599,0.8575701468835688
