Metric,Mean,STD
MAE,0.6901571363210678,0.10211544
MSE,0.8049099147319794,0.20455542
RMSE,0.8889996230602264,0.12078731
MAPE,5.57217845916748,1.3507464
MSPE,2311.259765625,844.5203
TrainTime(s),89.39824850559235,14.862392133877425
TestTime(s),2.1607489347457887,0.6080680707931548
