Metric,Mean,STD
MAE,0.6737969994544983,0.06746922
MSE,0.7594626903533935,0.12896633
RMSE,0.8683376610279083,0.07384039
MAPE,5.2596454381942745,0.99208593
MSPE,2369.6989318847654,621.8862
TrainTime(s),112.24780654907227,22.54941857807524
TestTime(s),3.7703314304351805,0.40737090464888087
