Metric,Mean,STD
MAE,0.5958184361457824,0.05570946
MSE,0.6057309895753861,0.112866655
RMSE,0.7749785542488098,0.07168845
MAPE,4.663829588890076,0.9484182
MSPE,2077.76025390625,384.12033
TrainTime(s),92.21595597267151,14.645817862289128
TestTime(s),3.284624981880188,0.6993053583688106
