Metric,Mean,STD
MAE,0.6265634417533874,0.10895543
MSE,0.6977479457855225,0.23945089
RMSE,0.8235552549362183,0.13965921
MAPE,4.832952713966369,1.4132239
MSPE,2289.5910766601564,773.10864
TrainTime(s),100.82768607139587,23.476533053257526
TestTime(s),2.950872302055359,0.7396004459011545
