Metric,Mean,STD
MAE,0.7299010574817657,0.14034934
MSE,0.9280131816864013,0.37982658
RMSE,0.9444148659706115,0.18998352
MAPE,6.831076002120971,1.7983613
MSPE,3454.514758300781,1531.895
TrainTime(s),100.30510544776917,9.69767014170992
TestTime(s),3.052123546600342,0.7792140113578856
