Metric,Mean,STD
MAE,0.5682621270418167,0.09026883
MSE,0.5639954924583435,0.1640383
RMSE,0.7440876841545105,0.10163174
MAPE,4.12426061630249,1.2146164
MSPE,1979.3013793945313,1013.1057
TrainTime(s),110.8146342754364,14.323743580638236
TestTime(s),3.503581142425537,0.6238793623463889
