Metric,Mean,STD
MAE,0.5588811933994293,0.039951574
MSE,0.5438204109668732,0.081926696
RMSE,0.7353254735469819,0.055828754
MAPE,3.8545806407928467,0.671913
MSPE,1328.3552124023438,322.18457
TrainTime(s),96.8869547367096,18.794324224888374
TestTime(s),3.203020763397217,0.8471235992108143
