Metric,Mean,STD
MAE,0.6272150576114655,0.077550896
MSE,0.6700215011835098,0.15019423
RMSE,0.8132878124713898,0.09265219
MAPE,4.895276355743408,1.1762388
MSPE,2496.426171875,1168.3729
TrainTime(s),84.63698852062225,11.297844211467206
TestTime(s),2.124072027206421,0.5114496096430462
