Metric,Mean,STD
MAE,0.6762949883937835,0.10442833
MSE,0.7987440973520279,0.21716021
RMSE,0.8848760306835175,0.12545317
MAPE,5.907442045211792,1.7545885
MSPE,2900.442529296875,1269.7627
TrainTime(s),103.07443089485169,16.849894275321887
TestTime(s),3.328468132019043,0.8648072938589995
