Metric,Mean,STD
MAE,0.6003325164318085,0.038630903
MSE,0.6197923332452774,0.07321667
RMSE,0.7858154118061066,0.04781694
MAPE,4.257161331176758,0.8370868
MSPE,1863.2876220703124,613.51605
TrainTime(s),99.23182013034821,26.144660423843003
TestTime(s),2.9559139728546144,0.7865945434637472
