Metric,Mean,STD
MAE,0.6306301116943359,0.038549464
MSE,0.6679289281368256,0.081468694
RMSE,0.8157269954681396,0.050183553
MAPE,4.967984032630921,0.6194611
MSPE,2134.7857055664062,259.5584
TrainTime(s),103.76766984462738,16.089088068981855
TestTime(s),2.4491360664367674,0.42900709920603564
