Metric,Mean,STD
MAE,0.5739966064691544,0.054397114
MSE,0.5841795146465302,0.10263259
RMSE,0.7614248216152191,0.06642095
MAPE,4.34677369594574,0.8616314
MSPE,1788.3834838867188,477.80585
TrainTime(s),97.80390202999115,14.515230757764991
TestTime(s),2.723664879798889,0.8293635191336972
