Metric,Mean,STD
MAE,0.6381311923265457,0.097975
MSE,0.7126940250396728,0.20916113
RMSE,0.8353160500526429,0.12223389
MAPE,4.897664189338684,1.2099451
MSPE,2106.6953369140624,625.1597
TrainTime(s),109.86606044769287,13.762823722456929
TestTime(s),2.911795735359192,0.7105896601341009
