Metric,Mean,STD
MAE,0.6293859541416168,0.049046174
MSE,0.679384759068489,0.08945752
RMSE,0.8223362028598785,0.05610645
MAPE,4.842507457733154,0.9839669
MSPE,2158.280236816406,527.11755
TrainTime(s),107.60563790798187,16.05988366474763
TestTime(s),3.4232993841171266,0.8842050097801275
