Metric,Mean,STD
MAE,0.5437251478433609,0.0568521
MSE,0.5296606153249741,0.107309625
RMSE,0.7237108528614045,0.07683231
MAPE,3.737063264846802,0.80540943
MSPE,1424.2228759765626,360.0668
TrainTime(s),114.03392443656921,23.066530543909646
TestTime(s),3.4172431230545044,0.4906266947210505
