Metric,Mean,STD
MAE,0.6980302095413208,0.07175547
MSE,0.8399095475673676,0.18184213
RMSE,0.9117276430130005,0.093071155
MAPE,5.496667814254761,1.2878633
MSPE,2701.8449462890626,951.4306
TrainTime(s),102.68441512584687,17.959913394653412
TestTime(s),2.6369988918304443,0.66662042640768
