Metric,Mean,STD
MAE,0.5778798133134841,0.0866574
MSE,0.5836633771657944,0.16953252
RMSE,0.757050609588623,0.10265353
MAPE,4.061876511573791,1.0868585
MSPE,1933.126727294922,731.74
TrainTime(s),92.55843200683594,24.404286218077566
TestTime(s),2.5617573499679565,0.6394560756443144
