Metric,Mean,STD
MAE,0.621963483095169,0.09323036
MSE,0.6755471408367157,0.18657011
RMSE,0.8150414764881134,0.106087334
MAPE,4.910152959823608,1.3587953
MSPE,2150.2077758789064,667.27795
TrainTime(s),103.30960292816162,20.8508945627444
TestTime(s),2.3714035511016847,0.6206659003017945
