Metric,Mean,STD
MAE,0.55863416492939,0.044875666
MSE,0.5311039537191391,0.07542856
RMSE,0.7269517838954925,0.05143017
MAPE,4.131000733375549,0.8200404
MSPE,1541.041796875,425.21872
TrainTime(s),124.2760137796402,17.738530564538145
TestTime(s),3.6603790283203126,0.3536627956116905
