Metric,Mean,STD
MAE,0.5637879639863967,0.07499945
MSE,0.558702951669693,0.1378468
RMSE,0.7420527338981628,0.089781344
MAPE,4.149385976791382,1.3035209
MSPE,1815.3311401367187,473.16534
TrainTime(s),91.96845226287842,19.509862473211868
TestTime(s),1.9472962141036987,0.4749023427863341
