Metric,Mean,STD
MAE,0.6860760629177094,0.10706491
MSE,0.8175905227661133,0.23983057
RMSE,0.8942744314670563,0.13365534
MAPE,5.4137757301330565,1.5611211
MSPE,2329.9201599121093,966.3082
TrainTime(s),94.88292667865753,19.633732504450403
TestTime(s),2.373895049095154,0.5714518185665834
