Metric,Mean,STD
MAE,0.558621859550476,0.030558314
MSE,0.5272593110799789,0.049826764
RMSE,0.7253058850765228,0.034506213
MAPE,4.022017574310302,0.49059033
MSPE,1703.8618896484375,392.4536
TrainTime(s),99.84802000522613,10.969715146514142
TestTime(s),3.626604747772217,0.6337156597451914
