Metric,Mean,STD
MAE,0.575270700454712,0.07721233
MSE,0.5802010416984558,0.1351563
RMSE,0.7561558365821839,0.091811694
MAPE,3.8185247659683226,1.303965
MSPE,1444.228939819336,655.17126
TrainTime(s),91.41361105442047,13.394189990779815
TestTime(s),3.3121546268463136,0.7334508401711752
