Metric,Mean,STD
MAE,0.6259880006313324,0.091901824
MSE,0.707290256023407,0.15635282
RMSE,0.8354392945766449,0.09659934
MAPE,3.967597246170044,0.9472856
MSPE,2077.4615966796873,808.4402
TrainTime(s),96.75550053119659,19.994839144429587
TestTime(s),2.108989381790161,0.29238226458528027
