Metric,Mean,STD
MAE,0.5487772762775421,0.07133078
MSE,0.5371986627578735,0.12692
RMSE,0.7277346193790436,0.08718374
MAPE,3.9233527421951293,1.1689236
MSPE,1710.389453125,628.83624
TrainTime(s),97.8100494146347,19.213822076479786
TestTime(s),3.9198236227035523,0.13191423285212212
