Metric,Mean,STD
MAE,0.5817000508308411,0.06646779
MSE,0.5887479931116104,0.12805793
RMSE,0.7627339720726013,0.083575636
MAPE,4.159636163711548,1.0548195
MSPE,1812.6322021484375,986.619
TrainTime(s),92.8770955324173,17.26642125431845
TestTime(s),3.3242628812789916,0.8233119966716466
