Metric,Mean,STD
MAE,0.5637642502784729,0.08107919
MSE,0.5765966296195983,0.13550636
RMSE,0.7536521315574646,0.09276366
MAPE,3.8282883644104,1.1696638
MSPE,1742.2166137695312,913.46326
TrainTime(s),105.88127393722534,13.513842579631019
TestTime(s),3.0037980318069457,0.800671963913714
