Metric,Mean,STD
MAE,0.6659056603908539,0.07587058
MSE,0.7659145414829254,0.16375221
RMSE,0.8702297329902648,0.09281573
MAPE,5.276562595367432,1.1004444
MSPE,2870.7285888671877,1273.229
TrainTime(s),83.64135792255402,11.968379191496188
TestTime(s),2.3777005195617678,0.6610298805294795
