Metric,Mean,STD
MAE,0.5952622711658477,0.049401846
MSE,0.6218691229820251,0.09333666
RMSE,0.7862925112247467,0.060109813
MAPE,4.530883574485779,0.9536761
MSPE,1955.8245849609375,401.15338
TrainTime(s),100.2021152973175,21.512685519758623
TestTime(s),2.458928847312927,0.5540665510938582
