Metric,Mean,STD
MAE,0.5968436568975448,0.062608674
MSE,0.6173707067966461,0.1147717
RMSE,0.7823128819465637,0.0731932
MAPE,4.817791604995728,1.2034649
MSPE,1998.2986450195312,553.9984
TrainTime(s),103.97908439636231,28.830474010301565
TestTime(s),3.5736419677734377,0.7386328301107203
