Metric,Mean,STD
MAE,0.6864821314811707,0.105320364
MSE,0.841437691450119,0.2717996
RMSE,0.905723363161087,0.14526832
MAPE,5.566273617744446,1.4107944
MSPE,2637.734265136719,1045.0089
TrainTime(s),119.14166452884675,31.976683088035145
TestTime(s),3.757037305831909,0.5743789644277316
