Metric,Mean,STD
MAE,0.6116788357496261,0.07340891
MSE,0.6241055130958557,0.14411809
RMSE,0.7845770180225372,0.09243604
MAPE,4.265495502948761,1.2436447
MSPE,1642.1355102539062,764.54663
TrainTime(s),94.71917295455933,15.90146980136105
TestTime(s),2.656342339515686,0.5740323332908432
