Metric,Mean,STD
MAE,0.6034215331077576,0.09546707
MSE,0.632224515080452,0.18140496
RMSE,0.7872248291969299,0.11181054
MAPE,4.529913711547851,1.2685591
MSPE,1787.1914794921875,566.85767
TrainTime(s),96.83307869434357,13.31059339701364
TestTime(s),3.401152563095093,0.8687006926562085
