Metric,Mean,STD
MAE,0.5552804231643677,0.07315374
MSE,0.5483480989933014,0.1333227
RMSE,0.735744160413742,0.08383693
MAPE,3.693233680725098,0.9190437
MSPE,1872.6708679199219,497.37415
TrainTime(s),76.99398770332337,17.71154500516175
TestTime(s),2.18919677734375,0.580425146682264
