Metric,Mean,STD
MAE,0.5425718337297439,0.10968666
MSE,0.5468405336141586,0.19913024
RMSE,0.7277598261833191,0.13117225
MAPE,3.885018026828766,1.2976052
MSPE,1502.4366455078125,466.32217
TrainTime(s),83.19842495918274,18.16413796739922
TestTime(s),2.5334731340408325,0.904315688512067
