Metric,Mean,STD
MAE,0.6561339914798736,0.07176191
MSE,0.744056886434555,0.1848498
RMSE,0.8563677251338959,0.10339829
MAPE,5.1156415939331055,1.2482675
MSPE,2219.430450439453,900.7174
TrainTime(s),90.699374294281,11.541587412218451
TestTime(s),3.3114849090576173,0.8145489342129082
