Metric,Mean,STD
MAE,0.6943189144134522,0.10058208
MSE,0.8521466434001923,0.27160233
RMSE,0.9123636424541474,0.14049637
MAPE,6.1385143280029295,1.558938
MSPE,3032.4609619140624,1098.6699
TrainTime(s),101.19599533081055,15.123453256580733
TestTime(s),2.5117790699005127,0.6586323501668863
