Metric,Mean,STD
MAE,0.5840502202510833,0.016849866
MSE,0.632238358259201,0.023261644
RMSE,0.7950004041194916,0.014584925
MAPE,12.934412860870362,1.0771013
MSPE,63964.435546875,10298.57
TrainTime(s),64.31664419174194,24.03162786986813
TestTime(s),1.6763508081436158,0.025309630080677527
