Metric,Mean,STD
MAE,0.69939706325531,0.05006611
MSE,0.8479706466197967,0.085549556
RMSE,0.9196673691272735,0.04671818
MAPE,13.221249198913574,2.487009
MSPE,63754.21953125,30472.598
TrainTime(s),62.759069204330444,12.016320858200144
TestTime(s),2.4855195760726927,0.7968154197346591
