Metric,Mean,STD
MAE,0.6022301852703095,0.038020052
MSE,0.6548664987087249,0.06282744
RMSE,0.8083444178104401,0.038023762
MAPE,11.633961200714111,1.3052502
MSPE,48624.4375,13253.342
TrainTime(s),59.15300304889679,5.681937270313675
TestTime(s),2.68869833946228,0.5117562120211288
