Metric,Mean,STD
MAE,0.6865159869194031,0.039263457
MSE,0.8249126136302948,0.07644889
RMSE,0.9073096990585328,0.041251965
MAPE,13.223828411102295,1.3955842
MSPE,63183.592578125,13226.852
TrainTime(s),63.387130331993106,9.352672801730312
TestTime(s),2.67165687084198,0.7268045047952392
