Metric,Mean,STD
MAE,0.6292896807193756,0.03813279
MSE,0.7284376919269562,0.067382105
RMSE,0.8526183009147644,0.038467295
MAPE,14.186647510528564,2.1810765
MSPE,77132.6498046875,24461.37
TrainTime(s),62.80365183353424,10.875649567673076
TestTime(s),2.678598666191101,0.8898568665600938
