Metric,Mean,STD
MAE,0.7077095627784729,0.04587633
MSE,0.8634395241737366,0.0882659
RMSE,0.928041958808899,0.046665262
MAPE,14.321521759033203,1.8276868
MSPE,72613.44375,19973.402
TrainTime(s),62.49146444797516,8.531036468555977
TestTime(s),2.265696811676025,0.8145376431437744
