Metric,Mean,STD
MAE,0.7039894819259643,0.04858907
MSE,0.8564280688762664,0.09878857
RMSE,0.9238957464694977,0.053335764
MAPE,14.026747226715088,2.6966033
MSPE,70857.187890625,29889.514
TrainTime(s),64.21276421546936,13.779061421530262
TestTime(s),2.682728147506714,0.6740136968224772
