Metric,Mean,STD
MAE,0.688479483127594,0.032014433
MSE,0.8358188033103943,0.066190735
RMSE,0.9135053992271424,0.036423884
MAPE,13.3535626411438,2.2764087
MSPE,64450.1798828125,21961.85
TrainTime(s),59.448658323287965,6.404777408469127
TestTime(s),2.236843156814575,0.5610710591814329
