Metric,Mean,STD
MAE,0.7640529096126556,0.04541548
MSE,0.9937644362449646,0.08716509
RMSE,0.9959021091461182,0.04408387
MAPE,14.296179676055909,2.9713142
MSPE,73609.476953125,35082.53
TrainTime(s),63.113690519332884,8.772677710092822
TestTime(s),2.507371759414673,0.5591353394607717
