Metric,Mean,STD
MAE,0.6690650522708893,0.034048382
MSE,0.7851271331310272,0.062054012
RMSE,0.8853856503963471,0.03491929
MAPE,11.501815700531006,1.7736162
MSPE,46456.29921875,16629.348
TrainTime(s),63.938353753089906,9.233760894572749
TestTime(s),2.172871208190918,0.43395487277717393
