Metric,Mean,STD
MAE,0.6664806485176087,0.03173281
MSE,0.7906262278556824,0.051623408
RMSE,0.8887100458145142,0.028647492
MAPE,15.54090461730957,3.8346012
MSPE,90955.074609375,47516.258
TrainTime(s),64.92752056121826,11.937653030999991
TestTime(s),2.237669014930725,0.5238838777907754
