Metric,Mean,STD
MAE,0.6873134672641754,0.032507163
MSE,0.8524650394916534,0.06986151
RMSE,0.9225111067295074,0.037924916
MAPE,14.116717338562012,1.4783691
MSPE,67379.47890625,15773.681
TrainTime(s),59.69242718219757,13.868085003207103
TestTime(s),1.7309922456741333,0.01933326485278146
