Metric,Mean,STD
MAE,0.6719260334968566,0.042820077
MSE,0.8040961027145386,0.0786988
RMSE,0.8956662118434906,0.043337423
MAPE,13.649136543273926,1.795832
MSPE,68147.9890625,19976.256
TrainTime(s),65.6473376750946,11.340519055895784
TestTime(s),2.287661647796631,0.7787011480930733
