Metric,Mean,STD
MAE,0.7015246033668519,0.03968023
MSE,0.8670353174209595,0.084748335
RMSE,0.9300386965274811,0.045423858
MAPE,14.083190631866454,3.3276823
MSPE,72371.6359375,38019.797
TrainTime(s),60.19950253963471,7.634716498038589
TestTime(s),2.6312366485595704,0.4414035248897753
