Metric,Mean,STD
MAE,0.672674161195755,0.038485594
MSE,0.7997326374053955,0.06463398
RMSE,0.8935618579387665,0.035774734
MAPE,12.845680141448975,1.4320605
MSPE,58539.240625,14003.354
TrainTime(s),61.57935702800751,6.223405690781041
TestTime(s),2.5123651742935182,0.7074840043551741
