Metric,Mean,STD
MAE,0.6912266552448273,0.039570708
MSE,0.8349575281143189,0.08440339
RMSE,0.9125895500183105,0.04623675
MAPE,12.883056354522704,1.8533142
MSPE,59853.548828125,20005.898
TrainTime(s),64.69388098716736,6.565222750579756
TestTime(s),2.1788711309432984,0.4287803236533013
