Metric,Mean,STD
MAE,0.697906744480133,0.05234101
MSE,0.8431581318378448,0.08709528
RMSE,0.9170174360275268,0.04729849
MAPE,13.985206508636475,2.3817875
MSPE,69622.603125,25033.016
TrainTime(s),62.792916440963744,13.273436326217107
TestTime(s),2.1923859834671022,0.6733765091846865
