Metric,Mean,STD
MAE,0.6784583985805511,0.020699054
MSE,0.8083080291748047,0.042975802
RMSE,0.8987471997737885,0.023695974
MAPE,13.429121971130371,1.3341182
MSPE,66190.4546875,15301.051
TrainTime(s),62.69136986732483,9.918898599472834
TestTime(s),2.108927607536316,0.46110886479819047
