Metric,Mean,STD
MAE,0.6913853466510773,0.045032796
MSE,0.8316932022571564,0.08977721
RMSE,0.910658323764801,0.048934918
MAPE,13.419996356964111,2.353064
MSPE,65250.112890625,23927.742
TrainTime(s),69.90735177993774,15.254847859347487
TestTime(s),3.1837188959121705,0.5957867665832403
