Metric,Mean,STD
MAE,0.7112516343593598,0.046497922
MSE,0.884768807888031,0.0842175
RMSE,0.9395581841468811,0.044712592
MAPE,14.564410972595216,1.5254313
MSPE,73340.605859375,15637.507
TrainTime(s),61.15832240581513,3.7244845991333455
TestTime(s),2.5436968564987184,0.7386727373448053
