Metric,Mean,STD
MAE,0.6762812197208404,0.030007903
MSE,0.8012099444866181,0.055754915
RMSE,0.8945789277553559,0.030635007
MAPE,14.581145763397217,2.0910323
MSPE,78585.280859375,23202.363
TrainTime(s),68.59492869377137,11.218881637328879
TestTime(s),2.3470605611801147,0.5757190104713187
