Metric,Mean,STD
MAE,0.6819496214389801,0.031453457
MSE,0.815700227022171,0.05092006
RMSE,0.9027255594730377,0.028049668
MAPE,13.385190773010255,1.9743068
MSPE,64509.7755859375,19544.904
TrainTime(s),64.45475904941559,11.364095367247456
TestTime(s),2.589173984527588,0.6019824631501329
