Metric,Mean,STD
MAE,0.657163780927658,0.033235494
MSE,0.7719178020954132,0.050462503
RMSE,0.8781182169914246,0.0287435
MAPE,12.840784549713135,2.4816945
MSPE,60504.781640625,25095.812
TrainTime(s),63.70409300327301,17.512895677131088
TestTime(s),2.4061861753463747,0.6250973219123925
