Metric,Mean,STD
MAE,0.6821890652179718,0.045380168
MSE,0.8471801578998566,0.09531701
RMSE,0.9189738392829895,0.05164553
MAPE,15.329299449920654,3.535737
MSPE,89074.211328125,40432.094
TrainTime(s),57.688858079910275,6.322197288300214
TestTime(s),2.0138504028320314,0.6082597438521885
