Metric,Mean,STD
MAE,0.6987188160419464,0.03382654
MSE,0.8424063205718995,0.06655573
RMSE,0.9171054065227509,0.036386993
MAPE,14.519134140014648,1.8058567
MSPE,77869.375,22811.63
TrainTime(s),70.26313455104828,11.934172426934536
TestTime(s),2.720860242843628,0.7729310274821959
