Metric,Mean,STD
MAE,0.6401362836360931,0.03901676
MSE,0.7536871790885925,0.06451563
RMSE,0.8673593759536743,0.03707973
MAPE,12.654000759124756,1.5467986
MSPE,59063.469140625,16031.047
TrainTime(s),62.47840900421143,8.195251874220725
TestTime(s),2.3902682304382323,0.6914095310146562
