Metric,Mean,STD
MAE,0.6381885230541229,0.02948714
MSE,0.7369452118873596,0.06161966
RMSE,0.8576826393604279,0.036410134
MAPE,14.428934669494629,1.7087876
MSPE,70889.68671875,17018.33
TrainTime(s),61.8430472612381,11.053467120947252
TestTime(s),1.969152855873108,0.36662983332785287
