Metric,Mean,STD
MAE,0.7584387779235839,0.036535867
MSE,0.9689105927944184,0.07647775
RMSE,0.9836017489433289,0.037923597
MAPE,14.431152057647704,2.2471154
MSPE,72267.860546875,23956.83
TrainTime(s),67.66792280673981,11.021431247118837
TestTime(s),2.787046790122986,0.8383389481298669
