Metric,Mean,STD
MAE,0.7021093308925629,0.04617303
MSE,0.8816070258617401,0.117780484
RMSE,0.9369710862636567,0.060763616
MAPE,13.318861103057861,2.0901685
MSPE,64039.833203125,22540.652
TrainTime(s),55.49740369319916,8.516513688690212
TestTime(s),2.4926496744155884,0.6723813511000243
