Metric,Mean,STD
MAE,0.6795205950737,0.040742952
MSE,0.8176762700080872,0.07874087
RMSE,0.9032077848911285,0.04349659
MAPE,13.424047374725342,1.4797103
MSPE,59726.815234375,14763.721
TrainTime(s),63.21628909111023,8.167682920529401
TestTime(s),2.3683905363082887,0.7392546738603559
