Metric,Mean,STD
MAE,0.6651958703994751,0.039731238
MSE,0.7774274706840515,0.061697997
RMSE,0.881018978357315,0.035114612
MAPE,12.216387939453124,1.0026615
MSPE,54459.788671875,9512.547
TrainTime(s),64.47548494338989,5.274476499105201
TestTime(s),2.5274450302124025,0.6475012870665827
