Metric,Mean,STD
MAE,0.7184221565723419,0.02529917
MSE,0.8784026741981507,0.03960136
RMSE,0.9369947135448455,0.021061491
MAPE,12.762158870697021,1.7968874
MSPE,56841.90078125,17630.64
TrainTime(s),66.8096538066864,8.141986183297911
TestTime(s),3.031447696685791,0.6139448242240072
