Metric,Mean,STD
MAE,0.6061523616313934,0.029782157
MSE,0.6769579231739045,0.048500698
RMSE,0.8222549438476563,0.029235672
MAPE,12.114498329162597,0.82111216
MSPE,51515.099609375,8698.199
TrainTime(s),67.70632591247559,13.421905403381004
TestTime(s),2.4567520141601564,0.4863341959545969
