Metric,Mean,STD
MAE,0.6937342643737793,0.043652687
MSE,0.8294888854026794,0.07646556
RMSE,0.9098040878772735,0.04177815
MAPE,13.598485469818115,1.7677903
MSPE,67492.633984375,19222.332
TrainTime(s),66.9224891424179,8.51094113003092
TestTime(s),2.6961021900177,0.723730111667794
