Metric,Mean,STD
MAE,0.6921175003051758,0.024443291
MSE,0.8436438858509063,0.05445557
RMSE,0.918019837141037,0.029723082
MAPE,12.84952154159546,1.7502373
MSPE,56954.43125,16528.268
TrainTime(s),65.38838708400726,12.809157527461938
TestTime(s),2.607125401496887,0.7545825839709752
