Metric,Mean,STD
MAE,0.7096357464790344,0.036322225
MSE,0.8963780283927918,0.08597156
RMSE,0.9456929743289948,0.045197725
MAPE,15.757079124450684,1.9766364
MSPE,86991.896484375,23631.826
TrainTime(s),62.24911141395569,11.273337393030795
TestTime(s),2.090440511703491,0.37710784937131403
