Metric,Mean,STD
MAE,0.7713831245899201,0.048979647
MSE,1.0027091324329376,0.11050092
RMSE,0.9998821496963501,0.05426615
MAPE,13.676300048828125,2.680705
MSPE,64590.753515625,28471.186
TrainTime(s),72.92981140613556,15.303998425254171
TestTime(s),2.4967969417572022,0.6060110699000121
