Metric,Mean,STD
MAE,0.6868515729904174,0.049670137
MSE,0.8239027976989746,0.09056787
RMSE,0.9063160002231598,0.049941134
MAPE,12.93559284210205,1.5077583
MSPE,59731.1234375,16360.143
TrainTime(s),59.23887231349945,8.173897400941712
TestTime(s),2.2432655811309816,0.6813160441476338
