Metric,Mean,STD
MAE,0.700634890794754,0.03196916
MSE,0.8662808775901795,0.06600872
RMSE,0.9300799071788788,0.035103083
MAPE,13.176466083526611,1.820758
MSPE,61072.7109375,16299.235
TrainTime(s),62.759233713150024,9.522649601424533
TestTime(s),2.7080692052841187,0.8851924639347117
