Metric,Mean,STD
MAE,0.6965316772460938,0.03202185
MSE,0.8485784649848938,0.077261314
RMSE,0.9202704071998596,0.04099817
MAPE,13.520558166503907,2.3707113
MSPE,66615.84609375,23661.533
TrainTime(s),62.50519511699677,6.226703026855089
TestTime(s),2.9339317083358765,0.8018226394793524
