Metric,Mean,STD
MAE,0.6947567760944366,0.03043431
MSE,0.8231082737445832,0.061077815
RMSE,0.9066261053085327,0.03372491
MAPE,13.318789768218995,2.429042
MSPE,65736.18359375,24986.998
TrainTime(s),66.40394675731659,13.545873199810035
TestTime(s),2.8564926862716673,0.7534766593220867
