Metric,Mean,STD
MAE,0.7690952539443969,0.028991813
MSE,1.0027043104171753,0.06362089
RMSE,1.0008516371250153,0.031627238
MAPE,15.33078145980835,3.1658325
MSPE,84081.459765625,35960.477
TrainTime(s),55.409547328948975,8.314620752077305
TestTime(s),1.9368309497833252,0.5149894311061695
