Metric,Mean,STD
MAE,0.676262629032135,0.0313507
MSE,0.8093026638031006,0.054903824
RMSE,0.8990898907184601,0.030659929
MAPE,12.225569248199463,2.0009282
MSPE,51865.4904296875,17854.533
TrainTime(s),64.92830278873444,11.954300493759535
TestTime(s),2.6707825660705566,0.6092273007626352
