Metric,Mean,STD
MAE,0.6847021281719208,0.041809216
MSE,0.8208545207977295,0.07344791
RMSE,0.905128437280655,0.039962955
MAPE,12.969692707061768,2.1754422
MSPE,60680.58515625,21311.959
TrainTime(s),59.26707577705383,15.073558900806553
TestTime(s),1.8974474668502808,0.16525028948095968
