Metric,Mean,STD
MAE,0.6829300105571747,0.031023368
MSE,0.823525333404541,0.060387474
RMSE,0.9068652212619781,0.033478644
MAPE,13.288330554962158,1.8321527
MSPE,62600.938671875,17878.283
TrainTime(s),64.69505684375763,9.685335702827697
TestTime(s),2.285439133644104,0.341989122571954
