Metric,Mean,STD
MAE,0.7153026401996613,0.04224345
MSE,0.8947581231594086,0.11252352
RMSE,0.9441752016544342,0.057370137
MAPE,13.285535621643067,1.9891318
MSPE,58795.23828125,18589.385
TrainTime(s),56.1381692647934,5.410661187574066
TestTime(s),2.2664466381072996,0.6428795036169213
