Metric,Mean,STD
MAE,0.66768119931221,0.041355263
MSE,0.7914918601512909,0.074635394
RMSE,0.8886614918708802,0.04210229
MAPE,13.099425888061523,2.22804
MSPE,61955.6943359375,21676.639
TrainTime(s),61.180165553092955,5.965636749280906
TestTime(s),2.647512698173523,0.8700740901179604
