Metric,Mean,STD
MAE,0.7424342691898346,0.056132667
MSE,0.9418877840042115,0.122702636
RMSE,0.9686032295227051,0.060791116
MAPE,13.362979793548584,2.738379
MSPE,61683.885546875,25708.443
TrainTime(s),62.91462869644165,9.852053792309032
TestTime(s),2.556572604179382,0.8092869930015485
