Metric,Mean,STD
MAE,0.6919187307357788,0.037635636
MSE,0.8359572291374207,0.07130145
RMSE,0.9134901463985443,0.03863911
MAPE,12.373861694335938,1.063294
MSPE,55145.93984375,12180.518
TrainTime(s),64.08183975219727,9.765642778989843
TestTime(s),2.3210558176040648,0.6163249466937626
