Metric,Mean,STD
MAE,0.6953367292881012,0.043846946
MSE,0.8317552924156189,0.07921442
RMSE,0.9109915971755982,0.04300707
MAPE,13.626931285858154,2.2994254
MSPE,71838.28203125,28590.72
TrainTime(s),72.68745069503784,8.197398770062843
TestTime(s),2.3601961612701414,0.6497385151681717
