Metric,Mean,STD
MAE,0.6948989629745483,0.036581688
MSE,0.8426825523376464,0.082474664
RMSE,0.9169000685214996,0.044461504
MAPE,13.81273593902588,1.6632802
MSPE,68860.134375,17743.18
TrainTime(s),76.25241169929504,12.127924155251574
TestTime(s),2.9578789472579956,0.662739139464136
