Metric,Mean,STD
MAE,0.6798810720443725,0.034049135
MSE,0.8236001908779145,0.05774648
RMSE,0.9069659888744355,0.03182586
MAPE,13.324003601074219,2.4073224
MSPE,59992.3017578125,23053.781
TrainTime(s),63.466361451148984,10.33481686224182
TestTime(s),2.0078916549682617,0.4301801067231277
