Metric,Mean,STD
MAE,0.6316222071647644,0.0291757
MSE,0.7276739954948426,0.054824613
RMSE,0.8524371147155761,0.032015063
MAPE,13.80785255432129,1.871457
MSPE,73914.515234375,23277.709
TrainTime(s),60.6319703578949,9.10091474554158
TestTime(s),2.3082505464553833,0.789542267106488
