Metric,Mean,STD
MAE,0.7157624363899231,0.04848784
MSE,0.8820560991764068,0.08195424
RMSE,0.9381441652774811,0.04406389
MAPE,14.811976718902589,2.390279
MSPE,77193.66484375,25306.91
TrainTime(s),69.3098641872406,11.298781162752332
TestTime(s),3.012037253379822,0.590710422631745
