Metric,Mean,STD
MAE,0.698968505859375,0.034076992
MSE,0.8585601210594177,0.08192004
RMSE,0.9255229234695435,0.044355907
MAPE,13.729300785064698,2.6613321
MSPE,68473.998046875,27186.049
TrainTime(s),61.422930121421814,11.912299231911055
TestTime(s),2.568507504463196,0.7334975595256477
