Metric,Mean,STD
MAE,0.7105317175388336,0.052348714
MSE,0.8741483628749848,0.09383912
RMSE,0.933584988117218,0.050669707
MAPE,14.166290092468262,1.8620151
MSPE,70678.56328125,19215.395
TrainTime(s),59.661966276168826,8.654128480120871
TestTime(s),2.6286630153656008,0.9257887641398218
