Metric,Mean,STD
MAE,0.7369477808475494,0.059020765
MSE,0.9594923198223114,0.13033393
RMSE,0.9773740828037262,0.065055676
MAPE,14.31704683303833,1.7248152
MSPE,68215.005078125,20217.66
TrainTime(s),59.69188253879547,8.89564335102108
TestTime(s),2.553383135795593,0.5555513542689202
