Metric,Mean,STD
MAE,0.6359299302101136,0.033896092
MSE,0.7315239250659943,0.051313177
RMSE,0.8547617614269256,0.03010427
MAPE,14.982747650146484,2.5989847
MSPE,79830.6609375,32431.697
TrainTime(s),63.309721398353574,8.077049043715906
TestTime(s),2.0641057014465334,0.5955006023183198
