Metric,Mean,STD
MAE,0.7014364242553711,0.04739086
MSE,0.8541728258132935,0.09699315
RMSE,0.9227258920669555,0.05243798
MAPE,15.017124366760253,3.920755
MSPE,87873.16640625,48318.023
TrainTime(s),63.20664668083191,10.835541726360981
TestTime(s),2.518094873428345,0.8064430483458216
