Metric,Mean,STD
MAE,0.6858770728111268,0.05099091
MSE,0.8158852934837342,0.088962324
RMSE,0.9019327223300934,0.049016945
MAPE,13.336827087402344,1.2812966
MSPE,63626.78515625,14468.865
TrainTime(s),64.53953528404236,12.374932309427592
TestTime(s),2.052683973312378,0.35496876939619343
