Metric,Mean,STD
MAE,0.6854759454727173,0.038359728
MSE,0.8250734090805054,0.0747525
RMSE,0.9074175953865051,0.04082542
MAPE,12.934078979492188,1.5731863
MSPE,60400.1416015625,15470.837
TrainTime(s),61.751735138893125,6.292447180527331
TestTime(s),2.5417211771011354,0.5933505343666836
