Metric,Mean,STD
MAE,0.7073998510837555,0.038848042
MSE,0.874254560470581,0.07137589
RMSE,0.9342583894729615,0.037627492
MAPE,14.0451735496521,2.240617
MSPE,71958.55546875,26122.715
TrainTime(s),73.68685393333435,16.857487494476004
TestTime(s),2.473596930503845,0.8063261199095789
