Metric,Mean,STD
MAE,0.6847137033939361,0.037076533
MSE,0.8247604489326477,0.06404537
RMSE,0.9074865520000458,0.03505161
MAPE,12.80359411239624,1.3425586
MSPE,56197.500390625,11814.637
TrainTime(s),63.00122821331024,12.509354930402994
TestTime(s),2.7318830728530883,0.4434792730796461
