Metric,Mean,STD
MAE,0.6109414994716644,0.038664546
MSE,0.6894405841827392,0.063555606
RMSE,0.8294169545173645,0.038834248
MAPE,12.533254432678223,1.9458061
MSPE,53981.024609375,18251.062
TrainTime(s),56.60270707607269,7.83973040434623
TestTime(s),2.595095658302307,0.9864649181656531
