Metric,Mean,STD
MAE,0.6853869140148163,0.028146533
MSE,0.8287151038646698,0.046820026
RMSE,0.9099841356277466,0.025376705
MAPE,13.747776412963868,2.8337505
MSPE,69363.9787109375,31384.887
TrainTime(s),54.86407058238983,9.691597953540853
TestTime(s),2.157374048233032,0.6854217795628363
