Metric,Mean,STD
MAE,0.6864546954631805,0.042603154
MSE,0.8261802554130554,0.07261622
RMSE,0.908063554763794,0.04001049
MAPE,14.820171451568603,3.8461165
MSPE,83919.131640625,48168.492
TrainTime(s),65.79963698387147,10.066386290784184
TestTime(s),2.615296459197998,0.7821711884664151
