Metric,Mean,STD
MAE,0.6167627394199371,0.033242196
MSE,0.6881919741630554,0.053448796
RMSE,0.8289551377296448,0.032021023
MAPE,13.106435871124267,1.7671665
MSPE,61703.8375,18849.555
TrainTime(s),63.63062741756439,13.87113245371972
TestTime(s),2.3066701173782347,0.4557903383181342
