Metric,Mean,STD
MAE,0.7357598066329956,0.04587125
MSE,0.9365283429622651,0.08573185
RMSE,0.9667003929615021,0.04492991
MAPE,13.484932327270508,2.5999563
MSPE,62535.1587890625,25664.73
TrainTime(s),63.10153410434723,8.585274261326438
TestTime(s),2.7762305974960326,0.8030226034931626
