Metric,Mean,STD
MAE,0.7000388145446778,0.061940618
MSE,0.8599822282791137,0.11876517
RMSE,0.9250439405441284,0.065390676
MAPE,14.518419170379639,2.11057
MSPE,75363.6609375,23404.531
TrainTime(s),60.92137103080749,14.2202803506928
TestTime(s),1.92801992893219,0.3521017533215986
