Metric,Mean,STD
MAE,0.6843679130077363,0.047362097
MSE,0.8305576801300049,0.090055965
RMSE,0.9099828124046325,0.04988942
MAPE,13.775612545013427,2.8031237
MSPE,69442.438671875,31698.889
TrainTime(s),65.04425148963928,10.885038235906956
TestTime(s),3.137767481803894,0.7751840802881913
