Metric,Mean,STD
MAE,0.6913570761680603,0.039185435
MSE,0.8209429502487182,0.061060373
RMSE,0.9054430723190308,0.033403132
MAPE,14.03419361114502,3.077116
MSPE,73181.812890625,36449.42
TrainTime(s),70.98477835655213,6.087139706421879
TestTime(s),3.301409602165222,0.7504492030481331
