Metric,Mean,STD
MAE,0.7113087117671967,0.034939278
MSE,0.8670038223266602,0.061309487
RMSE,0.9305269718170166,0.033516824
MAPE,15.346916675567627,2.561242
MSPE,88373.740234375,31220.596
TrainTime(s),65.92980773448944,9.101612321347583
TestTime(s),1.9340765476226807,0.22047084513664558
