Metric,Mean,STD
MAE,0.7673257887363434,0.05485705
MSE,1.007604682445526,0.10614985
RMSE,1.0023694157600402,0.053481005
MAPE,14.95824899673462,2.0002203
MSPE,76441.545703125,23367.479
TrainTime(s),59.87155702114105,11.91614202284778
TestTime(s),2.280627727508545,0.4911531956437004
