Metric,Mean,STD
MAE,0.6797283291816711,0.037362605
MSE,0.8131859362125397,0.07495225
RMSE,0.9008048415184021,0.041672323
MAPE,13.576768112182616,3.246914
MSPE,70525.443359375,36891.043
TrainTime(s),64.95612170696259,11.33484720966609
TestTime(s),2.26027398109436,0.32046074691380594
