Metric,Mean,STD
MAE,0.6551434993743896,0.03531341
MSE,0.7805786609649659,0.056140695
RMSE,0.8829644083976745,0.030862857
MAPE,13.578717994689942,2.7625802
MSPE,72842.86171875,35784.02
TrainTime(s),61.96572058200836,10.072687042077472
TestTime(s),2.4209315299987795,0.7573908074293695
