Metric,Mean,STD
MAE,0.669314581155777,0.028987667
MSE,0.7898271262645722,0.052714694
RMSE,0.888232421875,0.02950055
MAPE,11.884869575500488,1.5753323
MSPE,48893.61171875,14707.9
TrainTime(s),53.257451033592226,4.118633489697362
TestTime(s),2.118997049331665,0.6539167884757118
