Metric,Mean,STD
MAE,0.7232737302780151,0.04484931
MSE,0.9059750437736511,0.077577375
RMSE,0.9509516596794129,0.04081656
MAPE,13.90459747314453,1.2581344
MSPE,67855.6875,15144.97
TrainTime(s),60.14500713348389,8.678836108432133
TestTime(s),2.743792414665222,0.8230435423317086
