Metric,Mean,STD
MAE,0.6764018535614014,0.054692484
MSE,0.8066183269023895,0.10609106
RMSE,0.8962162435054779,0.05843601
MAPE,12.415771579742431,2.4354947
MSPE,53188.466015625,22809.5
TrainTime(s),68.90711359977722,8.110023207664277
TestTime(s),2.634012532234192,0.5487499631177691
