Metric,Mean,STD
MAE,0.66062131524086,0.039566457
MSE,0.7951501131057739,0.07674717
RMSE,0.8906723499298096,0.043045234
MAPE,14.650967597961426,1.613409
MSPE,80554.7296875,19579.105
TrainTime(s),68.34703168869018,16.122344459269495
TestTime(s),2.554894709587097,0.7513349170309745
