Metric,Mean,STD
MAE,0.6794846832752228,0.058537945
MSE,0.8096339106559753,0.10421249
RMSE,0.89787358045578,0.058795698
MAPE,12.246811866760254,2.626001
MSPE,55940.5162109375,25373.834
TrainTime(s),60.10967094898224,4.042321039369642
TestTime(s),2.728079915046692,0.8751170236079303
