Metric,Mean,STD
MAE,0.6752257525920868,0.044410475
MSE,0.7984216034412384,0.08226249
RMSE,0.8923926174640655,0.045354523
MAPE,14.215017604827882,1.536257
MSPE,75640.596484375,17910.1
TrainTime(s),66.82669401168823,9.681241280409788
TestTime(s),2.3136433601379394,0.4213631587760563
