Metric,Mean,STD
MAE,0.6682489693164826,0.045061443
MSE,0.8036263763904572,0.08907628
RMSE,0.8951052904129029,0.0491213
MAPE,13.75339126586914,3.1535842
MSPE,71414.84921875,34958.574
TrainTime(s),63.9316130399704,12.031521591007804
TestTime(s),2.1901289939880373,0.7740782197862455
