Metric,Mean,STD
MAE,0.6727348268032074,0.034352086
MSE,0.7984574019908905,0.060494334
RMSE,0.892912495136261,0.03412733
MAPE,13.476591205596923,2.2930162
MSPE,67104.45,22392.371
TrainTime(s),59.05714645385742,5.845429453842104
TestTime(s),2.100669288635254,0.5384936754158455
