Metric,Mean,STD
MAE,0.6673789501190186,0.036292788
MSE,0.7870873808860779,0.0750711
RMSE,0.8862056612968445,0.041555997
MAPE,12.529190921783448,2.0576282
MSPE,57799.1166015625,20584.488
TrainTime(s),63.41314835548401,9.738831815950805
TestTime(s),2.9926865339279174,0.844759251210645
