Metric,Mean,STD
MAE,0.7358232975006104,0.037437525
MSE,0.9338151752948761,0.0828586
RMSE,0.9654025256633758,0.04258111
MAPE,13.975082302093506,1.9912426
MSPE,67934.2203125,23544.184
TrainTime(s),70.12798209190369,9.665154806617942
TestTime(s),2.2342703104019166,0.5866671359648709
