Metric,Mean,STD
MAE,0.6865488529205322,0.04004156
MSE,0.8297516465187073,0.078181215
RMSE,0.9098862886428833,0.04311132
MAPE,13.762974262237549,1.505973
MSPE,69489.810546875,18603.828
TrainTime(s),61.15471782684326,8.811793084985254
TestTime(s),2.120660662651062,0.5434150466835501
