Metric,Mean,STD
MAE,0.6170868933200836,0.047547303
MSE,0.6791341841220856,0.07518065
RMSE,0.8228557646274567,0.045194793
MAPE,14.0026780128479,2.135191
MSPE,77731.962109375,29185.504
TrainTime(s),65.30847980976105,11.892816188321998
TestTime(s),2.839090180397034,0.6569162325402308
