Metric,Mean,STD
MAE,0.7653172731399536,0.041112643
MSE,1.0007054805755615,0.08064307
RMSE,0.9995688498020172,0.03959308
MAPE,13.330039787292481,1.5004534
MSPE,60900.82109375,19563.56
TrainTime(s),59.40924160480499,9.663148740045555
TestTime(s),2.0607144355773928,0.6630156310538825
