Metric,Mean,STD
MAE,0.5833934247493744,0.032897223
MSE,0.6268778383731842,0.04806019
RMSE,0.7911467492580414,0.031059012
MAPE,12.101101779937744,1.6615896
MSPE,56170.2078125,16011.26
TrainTime(s),62.3034366607666,10.632709800224891
TestTime(s),2.1117444753646852,0.7506572542844684
