Metric,Mean,STD
MAE,0.686498099565506,0.023662923
MSE,0.8259200513362884,0.0601468
RMSE,0.9082151710987091,0.03263829
MAPE,14.863734436035156,2.228215
MSPE,80865.45546875,26415.213
TrainTime(s),69.57440347671509,13.632972881192671
TestTime(s),2.088563323020935,0.26893983329802096
