Metric,Mean,STD
MAE,0.677985566854477,0.042882137
MSE,0.8055715978145599,0.07582049
RMSE,0.8965524554252624,0.04201543
MAPE,12.863676834106446,2.6106396
MSPE,59044.0427734375,26395.379
TrainTime(s),70.47785997390747,13.92315976033114
TestTime(s),2.490803599357605,0.5461137854494887
