Metric,Mean,STD
MAE,0.6958412051200866,0.04644288
MSE,0.8453285276889801,0.09337255
RMSE,0.9180523216724396,0.050084688
MAPE,13.708906269073486,2.428067
MSPE,66805.912890625,26071.713
TrainTime(s),66.24400668144226,16.779971139558498
TestTime(s),2.660875105857849,1.0005850845696105
