Metric,Mean,STD
MAE,0.5833455890417099,0.043130044
MSE,0.6234422564506531,0.061726023
RMSE,0.7885918557643891,0.03956208
MAPE,11.72710886001587,1.7760036
MSPE,52574.75546875,17299.904
TrainTime(s),66.32822201251983,10.748558894748172
TestTime(s),2.933325672149658,0.6629308626186321
