Metric,Mean,STD
MAE,0.7142006754875183,0.06375509
MSE,0.8952905416488648,0.1355754
RMSE,0.9435184240341187,0.07115858
MAPE,13.613859844207763,1.7992864
MSPE,64857.155078125,14701.3
TrainTime(s),50.66091241836548,6.259144349328856
TestTime(s),1.895038104057312,0.28258600319620364
