Metric,Mean,STD
MAE,0.7646534025669098,0.063145064
MSE,1.002283090353012,0.15218638
RMSE,0.9982426583766937,0.07612288
MAPE,18.935478687286377,2.5856402
MSPE,128621.621875,34573.14
TrainTime(s),81.33596830368042,9.215356575527625
TestTime(s),2.5241355419158937,0.8750829346462514
