Metric,Mean,STD
MAE,0.6606748700141907,0.031634744
MSE,0.7706291556358338,0.05470161
RMSE,0.8773219466209412,0.030583655
MAPE,14.199522686004638,2.4896588
MSPE,74627.7546875,26570.541
TrainTime(s),82.05860977172851,18.398897401792343
TestTime(s),2.645806837081909,0.6282995985061063
