Metric,Mean,STD
MAE,0.5766749739646911,0.035898782
MSE,0.6315232336521148,0.05294674
RMSE,0.7939822137355804,0.03339881
MAPE,14.602734184265136,3.18928
MSPE,81960.128515625,35503.06
TrainTime(s),77.79362378120422,13.707871777103652
TestTime(s),2.964872860908508,0.7556953909588191
