Metric,Mean,STD
MAE,0.6725595653057098,0.049079403
MSE,0.7932282984256744,0.08488787
RMSE,0.8894067943096161,0.04673153
MAPE,16.821111011505128,3.4059927
MSPE,103809.573828125,41892.85
TrainTime(s),69.7788954257965,11.27815670881985
TestTime(s),2.4655270338058473,0.7456867019817064
