Metric,Mean,STD
MAE,0.6875229775905609,0.049074125
MSE,0.8269084930419922,0.0838622
RMSE,0.9081445753574371,0.046710894
MAPE,14.857538986206055,3.4558413
MSPE,85943.3859375,42226.66
TrainTime(s),75.26948883533478,11.775078248924377
TestTime(s),2.2278907775878904,0.51235326219221
