Metric,Mean,STD
MAE,0.65677130818367,0.029655848
MSE,0.7714399576187134,0.046190277
RMSE,0.8779280185699463,0.026121525
MAPE,16.047124576568603,3.563401
MSPE,98368.377734375,40914.562
TrainTime(s),77.10097553730012,14.332146991047672
TestTime(s),2.7203356266021728,0.7303671137320195
