Metric,Mean,STD
MAE,0.6885783791542053,0.045961082
MSE,0.8450748205184937,0.090417095
RMSE,0.9179295003414154,0.049802136
MAPE,15.290120220184326,2.4697099
MSPE,87431.153125,30832.324
TrainTime(s),72.37139482498169,22.8191703420958
TestTime(s),1.8290318250656128,0.3117844252010044
