Metric,Mean,STD
MAE,0.6599321722984314,0.039891
MSE,0.7890650689601898,0.07687589
RMSE,0.8872443199157715,0.043157797
MAPE,15.122401332855224,2.187891
MSPE,83152.153125,24009.143
TrainTime(s),74.36940042972564,18.43534747249774
TestTime(s),2.3544069051742555,0.7834901168676364
