Metric,Mean,STD
MAE,0.688168877363205,0.04918475
MSE,0.8342581033706665,0.09517241
RMSE,0.9119097828865051,0.05175567
MAPE,16.129721069335936,2.3155172
MSPE,92745.037890625,26162.516
TrainTime(s),73.72784397602081,10.702039348708645
TestTime(s),2.1784014463424684,0.4831570639010063
