Metric,Mean,STD
MAE,0.5908288419246673,0.02584223
MSE,0.6568027257919311,0.03186654
RMSE,0.810194444656372,0.019689817
MAPE,14.655508995056152,2.832821
MSPE,83044.872265625,35327.875
TrainTime(s),79.65721521377563,19.309418046728645
TestTime(s),2.0118794679641723,0.5885654748645415
