Metric,Mean,STD
MAE,0.7914518415927887,0.04346144
MSE,1.0371011793613434,0.112455785
RMSE,1.0169138669967652,0.054656874
MAPE,15.298911476135254,2.9869819
MSPE,82429.1888671875,35734.773
TrainTime(s),64.68473880290985,10.46522072277639
TestTime(s),2.1862202167510985,0.6698443137415926
