Metric,Mean,STD
MAE,0.6712383806705475,0.026573595
MSE,0.7934834420681,0.053131573
RMSE,0.8902728199958801,0.029962603
MAPE,14.864859008789063,1.7096177
MSPE,75853.5328125,18849.027
TrainTime(s),66.76022753715515,11.904609607278227
TestTime(s),2.622644233703613,0.6936698752438624
