Metric,Mean,STD
MAE,0.6847622990608215,0.028852973
MSE,0.8286609470844268,0.044861607
RMSE,0.9099757432937622,0.024598941
MAPE,14.355517673492432,4.1117406
MSPE,78877.39609375,50182.414
TrainTime(s),58.881346988677976,12.149026486576748
TestTime(s),2.015112066268921,0.5382442141234749
