Metric,Mean,STD
MAE,0.6758378267288208,0.03860933
MSE,0.7954454183578491,0.06313362
RMSE,0.89117511510849,0.035388567
MAPE,14.560472202301025,2.3387141
MSPE,75181.14453125,23744.545
TrainTime(s),68.1468099117279,12.425119028629899
TestTime(s),2.4430388450622558,0.689190347831644
