Metric,Mean,STD
MAE,0.6687236785888672,0.035492286
MSE,0.7854847252368927,0.08596456
RMSE,0.8850280821323395,0.047010757
MAPE,14.395845508575439,2.9152923
MSPE,73697.795703125,29546.6
TrainTime(s),67.45710890293121,10.845185469200791
TestTime(s),2.4997638463974,0.4456181241136177
