Metric,Mean,STD
MAE,0.633692991733551,0.04155427
MSE,0.7423833429813385,0.07952442
RMSE,0.860382616519928,0.046098642
MAPE,15.612970066070556,3.1125247
MSPE,85701.3765625,34083.188
TrainTime(s),63.72792239189148,9.339445419095513
TestTime(s),2.3881108283996584,0.52997976262499
