Metric,Mean,STD
MAE,0.6939104735851288,0.036859572
MSE,0.8240630805492402,0.07128673
RMSE,0.9069518804550171,0.03874751
MAPE,16.613248348236084,4.1234097
MSPE,103251.76328125,48211.41
TrainTime(s),73.08497622013093,15.355697362190615
TestTime(s),2.2197230577468874,0.2719187851139294
