Metric,Mean,STD
MAE,0.6679762065410614,0.03162499
MSE,0.786740905046463,0.056438837
RMSE,0.8864181041717529,0.031683527
MAPE,16.297434520721435,2.8537214
MSPE,94898.323828125,30465.969
TrainTime(s),72.04254624843597,12.376224775894311
TestTime(s),2.4403377771377563,0.47639796382475746
