Metric,Mean,STD
MAE,0.589693820476532,0.03405541
MSE,0.6529170095920562,0.065841384
RMSE,0.807047986984253,0.039881803
MAPE,12.549670886993407,1.9421595
MSPE,56824.74609375,17350.805
TrainTime(s),76.38622796535492,12.08931181479977
TestTime(s),2.7786880254745485,0.6674856137174807
