Metric,Mean,STD
MAE,0.66769038438797,0.028981475
MSE,0.7759285032749176,0.04256063
RMSE,0.8805398166179657,0.024044283
MAPE,14.721383666992187,3.5136058
MSPE,80369.573828125,41957.34
TrainTime(s),67.75877170562744,7.067962694860655
TestTime(s),2.104991984367371,0.3871139827140437
