Metric,Mean,STD
MAE,0.6865033745765686,0.023962483
MSE,0.8225739300251007,0.048601046
RMSE,0.9065622091293335,0.02681194
MAPE,15.144527244567872,2.0286586
MSPE,85003.303515625,23165.447
TrainTime(s),77.5602376461029,15.111378371870682
TestTime(s),2.6225369691848757,0.7841451302424877
