Metric,Mean,STD
MAE,0.693269693851471,0.029036406
MSE,0.8300281047821045,0.055460043
RMSE,0.9105484306812286,0.030490221
MAPE,16.067637729644776,2.9263232
MSPE,87790.421484375,31586.682
TrainTime(s),68.47840461730956,17.845247996804435
TestTime(s),2.6098509788513184,0.8176595513659941
