Metric,Mean,STD
MAE,0.5988492667675018,0.025542628
MSE,0.6674524784088135,0.04951971
RMSE,0.8164218544960022,0.030130174
MAPE,16.314758682250975,2.7935035
MSPE,99042.03515625,31562.424
TrainTime(s),65.42830963134766,12.72402438383413
TestTime(s),2.6207372903823853,0.6602978039429716
