Metric,Mean,STD
MAE,0.671106344461441,0.034178637
MSE,0.7957744002342224,0.059493374
RMSE,0.8914420902729034,0.03324765
MAPE,16.665126514434814,1.8196735
MSPE,98028.878125,19046.207
TrainTime(s),70.86130986213684,12.792284498877947
TestTime(s),2.248791790008545,0.5793087655368891
