Metric,Mean,STD
MAE,0.661597341299057,0.043528322
MSE,0.775367134809494,0.062360555
RMSE,0.8798436224460602,0.035246763
MAPE,15.555306148529052,3.6484926
MSPE,91528.587109375,42162.26
TrainTime(s),79.83105118274689,13.68282384169879
TestTime(s),2.4241913080215456,0.5771493560655121
