Metric,Mean,STD
MAE,0.6752609193325043,0.027601358
MSE,0.813162648677826,0.06761422
RMSE,0.9010072946548462,0.036721896
MAPE,15.283075428009033,2.7646432
MSPE,81872.183984375,28077.8
TrainTime(s),72.32957451343536,8.648062828438514
TestTime(s),2.5832348108291625,0.6178378988442256
