Metric,Mean,STD
MAE,0.697993814945221,0.03661333
MSE,0.8458674848079681,0.0734375
RMSE,0.9188554048538208,0.039651487
MAPE,15.679585266113282,1.7752259
MSPE,90239.423828125,23589.887
TrainTime(s),76.4032781124115,8.619217414084497
TestTime(s),2.75963134765625,0.5026293003717981
