Metric,Mean,STD
MAE,0.7333542466163635,0.04683501
MSE,0.9374429225921631,0.103869
RMSE,0.9667814433574676,0.052693
MAPE,16.696778202056883,2.7064524
MSPE,104323.513671875,33366.93
TrainTime(s),81.76274404525756,26.074402861449222
TestTime(s),1.8063879251480102,0.14778489867010805
