Metric,Mean,STD
MAE,0.6670844912528991,0.03319712
MSE,0.7827537834644318,0.061970703
RMSE,0.8840458512306213,0.03488164
MAPE,14.453058338165283,3.9657419
MSPE,76803.499609375,42887.42
TrainTime(s),61.19306001663208,10.818222971068572
TestTime(s),1.9469766855239867,0.2983866732321208
