Metric,Mean,STD
MAE,0.7543495953083038,0.042670943
MSE,0.9698910892009736,0.0816726
RMSE,0.9839469254016876,0.04170776
MAPE,15.476429843902588,3.9275866
MSPE,90105.3970703125,44232.34
TrainTime(s),73.99723389148713,12.614487950748696
TestTime(s),2.824526286125183,0.7446708403436509
