Metric,Mean,STD
MAE,0.6584335684776306,0.03519811
MSE,0.7773730278015136,0.0603469
RMSE,0.8810505032539367,0.033511814
MAPE,14.427408504486085,2.7556562
MSPE,80996.0478515625,30671.045
TrainTime(s),71.20452599525451,7.211726690452021
TestTime(s),2.3311062097549438,0.75144549980583
