Metric,Mean,STD
MAE,0.5767888247966766,0.029056424
MSE,0.6187015831470489,0.0490758
RMSE,0.7859502613544465,0.031365052
MAPE,14.21634225845337,2.0665767
MSPE,78780.541796875,21405.773
TrainTime(s),87.2460741519928,14.449583632749931
TestTime(s),2.378784966468811,0.6936310307725396
