Metric,Mean,STD
MAE,0.687904953956604,0.041989528
MSE,0.8293035864830017,0.07926925
RMSE,0.9096517980098724,0.04286242
MAPE,14.59827938079834,3.0283675
MSPE,81788.02265625,38546.17
TrainTime(s),83.77994422912597,24.308211529583804
TestTime(s),2.3844215631484986,0.42559291567958896
