Metric,Mean,STD
MAE,0.6735693097114563,0.041739646
MSE,0.808931028842926,0.09469384
RMSE,0.8978976309299469,0.05206607
MAPE,16.060151481628417,2.608257
MSPE,90740.17265625,28821.186
TrainTime(s),69.21945831775665,16.812876729595025
TestTime(s),2.3067649364471436,0.37822711655021113
