Metric,Mean,STD
MAE,0.7027844607830047,0.02300744
MSE,0.8615250647068023,0.044937313
RMSE,0.9278684198856354,0.024192024
MAPE,16.002123832702637,3.6680343
MSPE,97195.013671875,45405.984
TrainTime(s),75.6623419046402,18.304757473873607
TestTime(s),2.4785613059997558,0.6806697376146669
