Metric,Mean,STD
MAE,0.6183622539043426,0.035023198
MSE,0.7242036521434784,0.060417417
RMSE,0.8502891719341278,0.034813497
MAPE,13.702725982666015,2.7802927
MSPE,74089.77265625,33122.41
TrainTime(s),67.72587254047394,11.34322919212326
TestTime(s),2.490014147758484,0.5548094337366407
