Metric,Mean,STD
MAE,0.8161120891571045,0.05650659
MSE,1.122306078672409,0.15065387
RMSE,1.056993556022644,0.07120903
MAPE,16.713899040222167,4.529236
MSPE,97588.5140625,50952.668
TrainTime(s),73.62836334705352,19.70549339516528
TestTime(s),2.54238224029541,0.5835716970906919
