Metric,Mean,STD
MAE,0.7384552776813507,0.051445987
MSE,0.9395587265491485,0.09822515
RMSE,0.9679788947105408,0.05075029
MAPE,19.056492805480957,4.055116
MSPE,128260.2015625,49102.574
TrainTime(s),72.26131403446198,16.165321562717075
TestTime(s),2.6218308925628664,0.690173160570519
