Metric,Mean,STD
MAE,0.6347518026828766,0.036100075
MSE,0.7307482421398163,0.060681507
RMSE,0.8541077077388763,0.035330854
MAPE,14.268045616149902,1.9766389
MSPE,71023.276953125,22722.244
TrainTime(s),65.41032841205597,14.13190289402249
TestTime(s),2.0060516834259032,0.2863037979105031
