Metric,Mean,STD
MAE,0.6507112264633179,0.041677646
MSE,0.7666380047798157,0.066902906
RMSE,0.8747681558132172,0.03766555
MAPE,13.600217628479005,2.801403
MSPE,65509.328515625,27809.107
TrainTime(s),71.26369554996491,10.321406250221616
TestTime(s),2.5914289474487306,0.6798499535826616
