Metric,Mean,STD
MAE,0.7861509084701538,0.060176913
MSE,1.0226225674152374,0.1282045
RMSE,1.009268093109131,0.063249655
MAPE,18.37124662399292,2.2016559
MSPE,128338.5828125,36152.984
TrainTime(s),76.86253314018249,21.77213461681828
TestTime(s),2.095363402366638,0.516588777619359
