Metric,Mean,STD
MAE,0.6522164404392242,0.04450093
MSE,0.7753958463668823,0.08548374
RMSE,0.8792859315872192,0.04745618
MAPE,13.555364990234375,2.1930296
MSPE,69239.653515625,26514.56
TrainTime(s),75.69398341178893,25.77975629436863
TestTime(s),2.6710346221923826,0.8290724863128103
