Metric,Mean,STD
MAE,0.6737305104732514,0.02538877
MSE,0.7906931102275848,0.042072985
RMSE,0.8888984620571136,0.02350819
MAPE,14.777534580230713,2.6151707
MSPE,80350.27109375,30141.826
TrainTime(s),81.1923591852188,19.364143459276395
TestTime(s),2.258136177062988,0.6547860677733244
