Metric,Mean,STD
MAE,0.6792309820652008,0.031398278
MSE,0.7954414010047912,0.052129693
RMSE,0.8914055824279785,0.028939432
MAPE,15.138070869445801,4.0989447
MSPE,87488.06171875,50697.48
TrainTime(s),62.9919029712677,9.925132973053932
TestTime(s),2.280513882637024,0.5920243403760994
