Metric,Mean,STD
MAE,0.6545888185501099,0.024657588
MSE,0.7635829627513886,0.053884298
RMSE,0.8732894361019135,0.030798037
MAPE,13.765289211273194,2.9319923
MSPE,69768.096875,31197.84
TrainTime(s),67.20389566421508,10.74638285853718
TestTime(s),2.756100630760193,0.6538324449965499
