Metric,Mean,STD
MAE,0.6624437928199768,0.039110705
MSE,0.7909453511238098,0.07452527
RMSE,0.8884007573127747,0.04110307
MAPE,13.906790351867675,2.4938207
MSPE,68778.890234375,25119.64
TrainTime(s),64.08131885528564,12.130119840565357
TestTime(s),2.001097869873047,0.3296253260323305
