Metric,Mean,STD
MAE,0.669185346364975,0.022370907
MSE,0.7961114943027496,0.055346243
RMSE,0.8917294383049011,0.030497646
MAPE,16.295691680908202,5.1469927
MSPE,101262.00390625,63753.227
TrainTime(s),69.52001941204071,12.297155106475048
TestTime(s),2.2645910501480104,0.6151037247096002
