Metric,Mean,STD
MAE,0.6682532668113709,0.045286413
MSE,0.7959511697292327,0.08789743
RMSE,0.8908829927444458,0.047735155
MAPE,13.39770860671997,2.8701427
MSPE,66073.926171875,31335.637
TrainTime(s),69.0973326921463,17.96677872809025
TestTime(s),2.4387051343917845,0.5453854854196113
