Metric,Mean,STD
MAE,0.5917239010334014,0.015506804
MSE,0.6606407284736633,0.016678395
RMSE,0.8127331912517548,0.010270275
MAPE,14.47378101348877,3.5683115
MSPE,77945.1173828125,38454.363
TrainTime(s),61.43271021842956,9.494964570303363
TestTime(s),2.014708995819092,0.43810384940758734
