Metric,Mean,STD
MAE,0.5628891289234161,0.0139849195
MSE,0.5932708740234375,0.01962859
RMSE,0.7701382756233215,0.0125660915
MAPE,14.524915885925292,2.9891815
MSPE,82790.5056640625,35341.508
TrainTime(s),72.87269349098206,12.170456623197934
TestTime(s),1.77192542552948,0.12331890826965908
