Metric,Mean,STD
MAE,0.7672239959239959,0.057508864
MSE,0.9986771047115326,0.12825783
RMSE,0.9973719000816346,0.06266106
MAPE,17.346226978302003,4.5528536
MSPE,113634.629296875,65879.19
TrainTime(s),71.33648054599762,18.00633619006739
TestTime(s),2.9528961181640625,0.788800542498871
