Metric,Mean,STD
MAE,0.6635771870613099,0.044871617
MSE,0.7952109336853027,0.08024839
RMSE,0.8906895458698273,0.043394238
MAPE,13.899776840209961,2.5725563
MSPE,76777.57578125,30440.383
TrainTime(s),74.94018177986145,14.061121083768066
TestTime(s),2.9785881519317625,0.5864042333676437
