Metric,Mean,STD
MAE,0.687101149559021,0.078447424
MSE,0.8575232267379761,0.19039832
RMSE,0.9211804568767548,0.0946034
MAPE,16.59558048248291,3.4466572
MSPE,97831.8318359375,38350.816
TrainTime(s),66.44735708236695,6.906579683604007
TestTime(s),2.393881988525391,0.7941841987680578
