Metric,Mean,STD
MAE,0.6905694961547851,0.042637754
MSE,0.832286411523819,0.06935026
RMSE,0.9115194082260132,0.037666544
MAPE,15.131410694122314,4.1833014
MSPE,85786.25703125,51135.082
TrainTime(s),70.79504623413087,13.095541109494604
TestTime(s),2.536210775375366,0.6734440581199171
