Metric,Mean,STD
MAE,0.6529309511184692,0.04022654
MSE,0.7757335066795349,0.07696591
RMSE,0.8796850979328156,0.04344675
MAPE,15.925530433654785,2.8145957
MSPE,88226.71953125,32455.56
TrainTime(s),70.19419996738434,11.211454786147971
TestTime(s),2.1748124837875364,0.40146327771784546
