Metric,Mean,STD
MAE,0.6372233748435974,0.019508347
MSE,0.7283231735229492,0.032442193
RMSE,0.8532077372074127,0.01896646
MAPE,13.04323205947876,2.0793662
MSPE,61505.2662109375,19976.926
TrainTime(s),71.79639298915863,14.479019262980826
TestTime(s),2.2928200006484984,0.3853284415500867
