Metric,Mean,STD
MAE,0.6872723758220672,0.046527043
MSE,0.821407550573349,0.084426336
RMSE,0.9051314294338226,0.046310436
MAPE,15.867203521728516,3.3827982
MSPE,91204.6333984375,37542.777
TrainTime(s),77.9059445142746,17.996890609931583
TestTime(s),2.610217499732971,0.6591692125194372
