Metric,Mean,STD
MAE,0.6533418595790863,0.051821206
MSE,0.7714601337909699,0.08230813
RMSE,0.8770656824111939,0.047073618
MAPE,13.7104248046875,2.6535165
MSPE,72998.867578125,30601.701
TrainTime(s),64.56934776306153,14.189740337498566
TestTime(s),2.1979217767715453,0.7343416101140872
