Metric,Mean,STD
MAE,0.6221167504787445,0.03401831
MSE,0.7348908185958862,0.059160218
RMSE,0.8565678715705871,0.034384504
MAPE,15.587396812438964,3.4012904
MSPE,95182.72734375,41656.03
TrainTime(s),74.25792162418365,23.271049794365922
TestTime(s),2.126876878738403,0.6045092052889629
