Metric,Mean,STD
MAE,0.677772581577301,0.033418067
MSE,0.7994282960891723,0.07213546
RMSE,0.8932369351387024,0.03944701
MAPE,17.289747524261475,4.332482
MSPE,108688.55390625,51215.617
TrainTime(s),68.02799475193024,13.879171943645373
TestTime(s),2.7314984083175657,0.5898986768750395
