Metric,Mean,STD
MAE,0.7647881627082824,0.049851876
MSE,0.9804918229579925,0.115407385
RMSE,0.9885119020938873,0.05775855
MAPE,12.86905813217163,3.5838356
MSPE,56736.6353515625,35251.438
TrainTime(s),60.80106637477875,8.79743826495564
TestTime(s),2.421444821357727,0.5731671349548095
