Metric,Mean,STD
MAE,0.6735608577728271,0.04393379
MSE,0.8061824262142181,0.0726752
RMSE,0.8969416618347168,0.04096427
MAPE,15.798690700531006,3.50548
MSPE,90897.88984375,40713.777
TrainTime(s),63.70496528148651,17.683855403056192
TestTime(s),2.2770756483078003,0.866837076505599
