Metric,Mean,STD
MAE,0.6749910354614258,0.029678246
MSE,0.7877405107021331,0.054172933
RMSE,0.8870238244533539,0.030483656
MAPE,15.748691940307618,3.0302577
MSPE,94742.7421875,35409.46
TrainTime(s),86.06162753105164,17.063670817153834
TestTime(s),2.8292518854141235,0.6313044593379608
