Metric,Mean,STD
MAE,0.6861456573009491,0.04280925
MSE,0.8176312506198883,0.07250174
RMSE,0.9033482551574707,0.039914742
MAPE,17.614558124542235,3.821081
MSPE,114269.958203125,44844.246
TrainTime(s),73.40870084762574,11.81071845321666
TestTime(s),2.6299915075302125,0.3261951297508457
