Metric,Mean,STD
MAE,0.590139901638031,0.02088337
MSE,0.6365328192710876,0.03932425
RMSE,0.7974501132965088,0.02461992
MAPE,15.112646865844727,3.4963303
MSPE,90043.11640625,44630.324
TrainTime(s),68.46708617210388,15.13811768666503
TestTime(s),2.6249941110610964,0.6138961389739643
