Metric,Mean,STD
MAE,0.7016230165958405,0.029850882
MSE,0.8522776365280151,0.060547825
RMSE,0.9226250529289246,0.03225907
MAPE,16.5692759513855,3.6759572
MSPE,97323.2359375,41898.66
TrainTime(s),63.20897200107574,13.529701708614542
TestTime(s),1.9738045454025268,0.43232363164856596
