Metric,Mean,STD
MAE,0.6008321166038513,0.020108659
MSE,0.6622744739055634,0.03015916
RMSE,0.8135872483253479,0.018715318
MAPE,13.92824935913086,2.672272
MSPE,68392.453515625,25985.475
TrainTime(s),67.55623643398285,10.0135836601852
TestTime(s),2.298502063751221,0.549942536557371
