Metric,Mean,STD
MAE,0.6701274156570435,0.046601642
MSE,0.7882137954235077,0.07137977
RMSE,0.8869108974933624,0.04003577
MAPE,15.693556594848634,3.0995975
MSPE,90348.629296875,34119.277
TrainTime(s),69.92586131095887,16.482767218490533
TestTime(s),2.5691308259963987,0.7641167053361915
