Metric,Mean,STD
MAE,0.6898276388645173,0.02913232
MSE,0.8216925442218781,0.060733814
RMSE,0.9058554410934448,0.033443674
MAPE,14.789965057373047,2.7766175
MSPE,80189.995703125,32001.07
TrainTime(s),64.88158416748047,12.237022491549675
TestTime(s),1.930223035812378,0.06311914273517559
