Metric,Mean,STD
MAE,0.6605190336704254,0.037835095
MSE,0.7776447176933289,0.070807956
RMSE,0.8809406876564025,0.039852448
MAPE,15.575231742858886,3.5829208
MSPE,87710.9791015625,40191.08
TrainTime(s),71.23718121051789,11.780299801702249
TestTime(s),2.0983131170272826,0.39222267345815315
