Metric,Mean,STD
MAE,0.6667036950588227,0.048119422
MSE,0.8006960213184356,0.09397669
RMSE,0.8932986617088318,0.052091327
MAPE,15.289897060394287,2.3859577
MSPE,82337.966796875,24838.035
TrainTime(s),72.4150221824646,20.807550433365694
TestTime(s),2.335533595085144,0.7081722713258959
