Metric,Mean,STD
MAE,0.6705444991588593,0.023815686
MSE,0.7885539114475251,0.04438035
RMSE,0.8876568794250488,0.02488315
MAPE,14.403990077972413,2.6116385
MSPE,76632.348828125,28631.312
TrainTime(s),79.62779207229615,21.503381293043855
TestTime(s),2.671251058578491,0.6225945642472958
