Metric,Mean,STD
MAE,0.6322503387928009,0.037082043
MSE,0.7649213969707489,0.054746445
RMSE,0.8740326166152954,0.03143836
MAPE,14.483116817474365,1.5730841
MSPE,79576.18515625,19649.865
TrainTime(s),65.82121167182922,12.130374294518596
TestTime(s),2.0116899251937865,0.6752655102158343
