Metric,Mean,STD
MAE,0.6523415207862854,0.040804163
MSE,0.7649520397186279,0.07142776
RMSE,0.8736866891384125,0.040294006
MAPE,12.864031028747558,2.352353
MSPE,58925.558984375,26131.506
TrainTime(s),74.77382197380066,25.469642526542927
TestTime(s),2.7222530126571653,0.5392539900371307
