Metric,Mean,STD
MAE,0.6518988847732544,0.019689444
MSE,0.7593813538551331,0.032522798
RMSE,0.8712254762649536,0.018641876
MAPE,14.514492321014405,2.0533478
MSPE,77285.22578125,20011.494
TrainTime(s),60.67810385227203,12.720689146301153
TestTime(s),2.219201421737671,0.6467229778378248
