Metric,Mean,STD
MAE,0.6780420184135437,0.024410265
MSE,0.8235372126102447,0.05035533
RMSE,0.9070790648460388,0.027290575
MAPE,15.778626823425293,1.9239603
MSPE,85185.941015625,20741.15
TrainTime(s),62.32944414615631,11.685022698006632
TestTime(s),2.1776662349700926,0.9449835858285512
