Metric,Mean,STD
MAE,0.6841682314872741,0.034796633
MSE,0.8263113737106323,0.075109445
RMSE,0.9081301748752594,0.040136635
MAPE,14.941916465759277,4.1716037
MSPE,83268.1771484375,44859.453
TrainTime(s),65.64103937149048,14.882050673285692
TestTime(s),2.4929860115051268,0.6635546228478324
