Metric,Mean,STD
MAE,0.6226440727710724,0.029386712
MSE,0.7167445540428161,0.053190522
RMSE,0.8460475325584411,0.030791702
MAPE,16.139871215820314,3.0680327
MSPE,101799.083984375,35854.72
TrainTime(s),76.7994199514389,11.339612139189144
TestTime(s),2.4806915283203126,0.7349604270542401
