Metric,Mean,STD
MAE,0.6099974811077118,0.039568763
MSE,0.685938161611557,0.07290701
RMSE,0.8270279586315155,0.04430475
MAPE,15.631505107879638,3.957225
MSPE,88049.67578125,42647.8
TrainTime(s),64.11862857341767,14.16782114715947
TestTime(s),2.0862120151519776,0.29836006818432853
