Metric,Mean,STD
MAE,0.6745203375816345,0.040477317
MSE,0.7986484110355377,0.085274525
RMSE,0.8924103260040284,0.04745736
MAPE,15.640632438659669,3.3682568
MSPE,89268.2828125,39493.637
TrainTime(s),79.17275402545928,10.750463371815107
TestTime(s),2.585692262649536,0.5073512145556814
