Metric,Mean,STD
MAE,0.6802502036094665,0.038663868
MSE,0.8128160417079926,0.07660303
RMSE,0.9005831778049469,0.042023573
MAPE,15.747750282287598,3.0389845
MSPE,91251.90546875,33215.234
TrainTime(s),73.46923837661743,11.894862336625298
TestTime(s),2.0225935220718383,0.2661659575714669
