Metric,Mean,STD
MAE,0.6792694926261902,0.02907483
MSE,0.7995442688465119,0.046001654
RMSE,0.8938063740730285,0.025582116
MAPE,17.164021968841553,2.637359
MSPE,111109.4640625,35283.45
TrainTime(s),84.7574756860733,19.38053789810562
TestTime(s),2.949426794052124,0.6864454148398675
