Metric,Mean,STD
MAE,0.6580291450023651,0.027982201
MSE,0.7693143725395203,0.054028943
RMSE,0.8765439569950104,0.03138571
MAPE,14.408503818511964,3.9725
MSPE,81949.510546875,43590.83
TrainTime(s),74.0810382604599,8.325889495462482
TestTime(s),2.3611486196517943,0.4181356757632498
