Metric,Mean,STD
MAE,0.6761257529258728,0.037091415
MSE,0.8030710637569427,0.068457656
RMSE,0.8953071117401123,0.03868113
MAPE,15.081322574615479,3.2645235
MSPE,83197.29296875,46358.223
TrainTime(s),74.53813169002532,14.151476598375378
TestTime(s),2.994763493537903,0.7739973087290289
