Metric,Mean,STD
MAE,0.6680101752281189,0.03552622
MSE,0.7989264190196991,0.06823961
RMSE,0.8930385053157807,0.037531745
MAPE,15.658632278442383,2.7129197
MSPE,88739.309765625,31128.863
TrainTime(s),74.71097605228424,16.964914231425936
TestTime(s),2.873365569114685,0.6206759533292897
