Metric,Mean,STD
MAE,0.6766855120658875,0.039104298
MSE,0.8049127221107483,0.066325486
RMSE,0.8964283227920532,0.036455307
MAPE,14.088609790802002,1.8877124
MSPE,72756.1625,22747.016
TrainTime(s),75.83274884223938,19.417239110203244
TestTime(s),2.9495742559432983,0.7198427569547186
