Metric,Mean,STD
MAE,0.6725484549999237,0.03867982
MSE,0.8117805898189545,0.06360003
RMSE,0.9003119885921478,0.034912962
MAPE,14.987738132476807,2.213028
MSPE,81696.909375,26305.016
TrainTime(s),69.85712692737579,15.406162854950626
TestTime(s),2.5888424634933473,0.8278689970386394
