Metric,Mean,STD
MAE,0.6643276870250702,0.04623984
MSE,0.7863599121570587,0.07906006
RMSE,0.8856516182422638,0.044509795
MAPE,14.939164447784425,3.5813813
MSPE,79832.13125,36799.63
TrainTime(s),70.94883606433868,14.695100484071943
TestTime(s),2.5680845975875854,0.5820992207873174
