Metric,Mean,STD
MAE,0.6905742824077606,0.03188598
MSE,0.8230788350105286,0.052083794
RMSE,0.9067739069461822,0.028981121
MAPE,16.46414632797241,3.6113017
MSPE,99140.816796875,46222.08
TrainTime(s),70.15962090492249,12.941110472101625
TestTime(s),2.5459853172302247,0.4865485897382811
