Metric,Mean,STD
MAE,0.6931923806667328,0.034302115
MSE,0.8600479125976562,0.06306224
RMSE,0.9267427980899811,0.034579147
MAPE,15.11024055480957,2.9352295
MSPE,82678.155078125,34880.953
TrainTime(s),60.52370028495788,7.194044035942274
TestTime(s),2.3617727279663088,0.7316515749021832
