Metric,Mean,STD
MAE,0.6801262021064758,0.02664399
MSE,0.8032861769199371,0.03989159
RMSE,0.8959847629070282,0.02230413
MAPE,17.259733581542967,3.2743075
MSPE,111395.317578125,39614.31
TrainTime(s),65.0209945678711,17.193083940877965
TestTime(s),1.9246006727218627,0.3000716544700386
