Metric,Mean,STD
MAE,0.678266191482544,0.03735732
MSE,0.8326517760753631,0.08189983
RMSE,0.9113959312438965,0.04482435
MAPE,15.687445831298827,3.8156729
MSPE,88935.43125,41585.156
TrainTime(s),64.85619435310363,10.03995916720278
TestTime(s),2.5478209257125854,0.882264969279561
