Metric,Mean,STD
MAE,0.6676693201065064,0.025973307
MSE,0.783032351732254,0.053453982
RMSE,0.8843738794326782,0.030252354
MAPE,15.0358060836792,2.0854876
MSPE,83024.765234375,21905.082
TrainTime(s),69.10985078811646,22.109080815369403
TestTime(s),1.8590954780578612,0.17490425584344463
