Metric,Mean,STD
MAE,0.6657128691673279,0.031006565
MSE,0.7881154656410218,0.06135329
RMSE,0.8870880663394928,0.03449967
MAPE,14.839176559448243,2.5009072
MSPE,78847.839453125,27759.43
TrainTime(s),79.66063039302826,20.805743886346363
TestTime(s),2.975886106491089,0.8833219537118107
