Metric,Mean,STD
MAE,0.4106048196554184,0.020456752
MSE,0.3509845048189163,0.03141905
RMSE,0.591850221157074,0.026416363
MAPE,2.201452040672302,0.15110564
MSPE,244.06727142333983,35.39321
TrainTime(s),422.2719872951508,28.557310028587402
TestTime(s),18.455895352363587,1.1237674438563554
