Metric,Mean,STD
MAE,0.4015359848737717,0.020007854
MSE,0.35510811805725095,0.03222672
RMSE,0.5952956199645996,0.027041273
MAPE,2.134286081790924,0.12700789
MSPE,232.1222396850586,40.674263
TrainTime(s),508.97041420936586,118.87255517995858
TestTime(s),21.182232356071474,1.554275899217883
