Metric,Mean,STD
MAE,0.39873299598693845,0.03261825
MSE,0.3419276595115662,0.042149227
RMSE,0.5836958110332489,0.035026494
MAPE,2.2215240716934206,0.25632292
MSPE,245.9031768798828,70.74098
TrainTime(s),430.8085763454437,41.46784380779892
TestTime(s),18.825381231307983,1.4317809895454412
