Metric,Mean,STD
MAE,0.38983083665370943,0.016738275
MSE,0.31871743202209474,0.01619039
RMSE,0.564370083808899,0.014277076
MAPE,2.2173885107040405,0.15337738
MSPE,262.6380142211914,48.947697
TrainTime(s),372.4410401821136,30.070857485010873
TestTime(s),15.222355699539184,1.1599031217253695
