Metric,Mean,STD
MAE,0.39756870865821836,0.025758207
MSE,0.3354260832071304,0.034695454
RMSE,0.5783845722675324,0.029956125
MAPE,2.220685625076294,0.2179656
MSPE,265.9927719116211,94.122055
TrainTime(s),369.76212763786316,36.957442389389044
TestTime(s),13.63399088382721,2.1888458098060064
