Metric,Mean,STD
MAE,0.3917111039161682,0.0076708174
MSE,0.3297107100486755,0.025316676
RMSE,0.573800778388977,0.021526054
MAPE,2.1135104417800905,0.09329461
MSPE,208.9365676879883,33.485153
TrainTime(s),462.6481314897537,19.26221293592574
TestTime(s),20.725824737548827,1.3491819145176394
