Metric,Mean,STD
MAE,0.40603594183921815,0.026667006
MSE,0.3460966169834137,0.031680387
RMSE,0.5876918971538544,0.026736384
MAPE,2.2049156665802,0.2697337
MSPE,245.35731811523436,79.628136
TrainTime(s),406.378106212616,12.800901404625728
TestTime(s),17.414482855796813,0.9377438640020082
