Metric,Mean,STD
MAE,0.39520053565502167,0.0105260555
MSE,0.342943811416626,0.020629019
RMSE,0.5853506624698639,0.017561957
MAPE,2.1819796323776246,0.15758392
MSPE,235.8586181640625,55.402634
TrainTime(s),498.47444236278534,111.93537606635367
TestTime(s),21.21132848262787,0.7467027054343145
