Metric,Mean,STD
MAE,0.4063098132610321,0.021513185
MSE,0.36210380792617797,0.045630414
RMSE,0.600547057390213,0.03803987
MAPE,2.25154185295105,0.13229167
MSPE,240.30226135253906,26.591496
TrainTime(s),475.07299542427063,38.13425722130873
TestTime(s),21.109757113456727,1.4793518754890524
