Metric,Mean,STD
MAE,0.39632767140865327,0.01315226
MSE,0.3333850264549255,0.027109558
RMSE,0.5769408941268921,0.02289626
MAPE,2.150608718395233,0.10651137
MSPE,226.40019989013672,44.149242
TrainTime(s),460.0939297199249,30.105647629778122
TestTime(s),20.741759610176086,2.496468585968285
