Metric,Mean,STD
MAE,0.3848231822252274,0.011212437
MSE,0.3177105873823166,0.028965306
RMSE,0.5630817770957947,0.02548538
MAPE,2.0948818922042847,0.088673495
MSPE,217.79268341064454,33.75225
TrainTime(s),355.91579813957213,15.512136831130345
TestTime(s),13.494283056259155,1.9675050213588055
