Metric,Mean,STD
MAE,0.39836338460445403,0.016505076
MSE,0.3462741822004318,0.030677678
RMSE,0.5878896117210388,0.025690092
MAPE,2.1470704555511473,0.120853014
MSPE,229.1893539428711,25.617779
TrainTime(s),384.3018680095673,34.59868542164289
TestTime(s),16.306585264205932,2.2936126608585403
