Metric,Mean,STD
MAE,0.3927919536828995,0.014675231
MSE,0.3377892106771469,0.03758333
RMSE,0.5803302764892578,0.03171707
MAPE,2.1113542437553408,0.08207423
MSPE,216.52804260253907,41.332542
TrainTime(s),424.8455417871475,76.80680397380885
TestTime(s),17.856050968170166,2.2034296574927414
