Metric,Mean,STD
MAE,0.40250958502292633,0.026670193
MSE,0.3443737179040909,0.041430615
RMSE,0.5858496189117431,0.033969633
MAPE,2.138552701473236,0.10083308
MSPE,232.09942016601562,27.688244
TrainTime(s),431.6507886171341,24.548298198193567
TestTime(s),19.83351364135742,0.9949373500162363
