Metric,Mean,STD
MAE,0.41988553702831266,0.01936856
MSE,0.36469302475452425,0.026615512
RMSE,0.6034935593605042,0.022103159
MAPE,2.3370405197143556,0.17141825
MSPE,252.85902252197266,45.948902
TrainTime(s),481.24429569244387,51.26329983941133
TestTime(s),19.85661051273346,0.9424789038035281
