Metric,Mean,STD
MAE,0.39661661684513094,0.01933478
MSE,0.33834869861602784,0.029597884
RMSE,0.5811238765716553,0.02537201
MAPE,2.150773215293884,0.15600713
MSPE,225.47073974609376,52.522648
TrainTime(s),463.3507736206055,38.120032353563225
TestTime(s),19.440211534500122,1.145524653772551
