Metric,Mean,STD
MAE,0.3923314422369003,0.022607686
MSE,0.33881793916225433,0.027606899
RMSE,0.5815979480743408,0.023701627
MAPE,2.046783673763275,0.14750208
MSPE,188.70592193603517,31.52809
TrainTime(s),415.81950294971466,76.93979970523073
TestTime(s),18.731858992576598,5.330387705243838
