Metric,Mean,STD
MAE,0.3973180800676346,0.012721012
MSE,0.3398670256137848,0.011458518
RMSE,0.5828965246677399,0.009932905
MAPE,2.1668064475059508,0.1659677
MSPE,229.72271881103515,46.88968
TrainTime(s),477.50310680866244,60.48962711131327
TestTime(s),20.366178131103517,2.1272483989306386
