Metric,Mean,STD
MAE,0.4020389527082443,0.030406103
MSE,0.35706215500831606,0.04397748
RMSE,0.5964535474777222,0.036129218
MAPE,2.1219682812690737,0.25429547
MSPE,221.4295166015625,65.64129
TrainTime(s),405.55457720756533,67.49095178052836
TestTime(s),14.59172830581665,3.846116930279302
