Metric,Mean,STD
MAE,0.4096990376710892,0.022068698
MSE,0.349171781539917,0.029336127
RMSE,0.5903834640979767,0.02488265
MAPE,2.208714854717255,0.14542131
MSPE,233.34473571777343,41.971043
TrainTime(s),472.16461727619173,44.055238159900455
TestTime(s),21.50892767906189,1.762165235871915
