Metric,Mean,STD
MAE,0.391659015417099,0.009159268
MSE,0.32427182197570803,0.018645594
RMSE,0.5692215681076049,0.016081817
MAPE,2.2124560117721557,0.1115204
MSPE,258.13934936523435,49.0722
TrainTime(s),368.13769805431366,42.36916145068104
TestTime(s),13.901530289649964,1.4324220225551956
