Metric,Mean,STD
MAE,0.39275617003440855,0.014554562
MSE,0.33312088847160337,0.02480025
RMSE,0.5767744779586792,0.021262467
MAPE,2.1426828384399412,0.095340796
MSPE,217.9122314453125,19.79461
TrainTime(s),440.0007718086243,22.758064240122824
TestTime(s),20.26590688228607,1.2570186483687151
