Metric,Mean,STD
MAE,0.39792666137218474,0.024280932
MSE,0.33612161576747895,0.040144328
RMSE,0.5787609875202179,0.03401971
MAPE,2.1461732387542725,0.2168061
MSPE,211.71582794189453,52.567757
TrainTime(s),459.6701766490936,15.532836423268904
TestTime(s),21.954828715324403,1.2832668494736075
