Metric,Mean,STD
MAE,0.3983847588300705,0.026471984
MSE,0.3354127943515778,0.04609573
RMSE,0.5778316378593444,0.039030712
MAPE,2.2385435104370117,0.16233201
MSPE,242.26528778076172,49.593365
TrainTime(s),469.7327637195587,54.629141150675856
TestTime(s),21.8359628200531,2.0286802759977776
