Metric,Mean,STD
MAE,0.3919364154338837,0.015556015
MSE,0.33020963072776793,0.02307521
RMSE,0.5742936730384827,0.019910255
MAPE,2.1907856106758117,0.1166075
MSPE,236.82272033691407,41.22628
TrainTime(s),368.8525237321854,38.638553300697595
TestTime(s),13.293695116043091,2.47719611150191
