Metric,Mean,STD
MAE,0.3789220809936523,0.011771574
MSE,0.31513593196868894,0.021743707
RMSE,0.5610261678695678,0.019636191
MAPE,2.1047751665115357,0.13368203
MSPE,198.8177230834961,28.674738
TrainTime(s),351.3228125810623,37.36764678624391
TestTime(s),12.302211046218872,3.060767094613038
