Metric,Mean,STD
MAE,0.3913478046655655,0.021305235
MSE,0.3302875071763992,0.039948143
RMSE,0.5737053215503692,0.033907574
MAPE,2.1917566895484923,0.16167124
MSPE,230.83539123535155,39.954643
TrainTime(s),461.7080629825592,17.99124236170292
TestTime(s),21.021450448036195,1.0389486051178627
