Metric,Mean,STD
MAE,0.39236094057559967,0.008038608
MSE,0.32868824899196625,0.018307524
RMSE,0.5730944335460663,0.015843548
MAPE,2.16934597492218,0.088684715
MSPE,230.27179107666015,24.065899
TrainTime(s),492.1967061042786,16.048844151448304
TestTime(s),22.70351164340973,1.4438971646978227
