Metric,Mean,STD
MAE,0.40166313350200655,0.03193468
MSE,0.343995076417923,0.050004266
RMSE,0.5850039184093475,0.042017613
MAPE,2.2693671703338625,0.26321465
MSPE,265.2160079956055,97.090164
TrainTime(s),366.61664924621584,23.382647248044897
TestTime(s),14.16535472869873,1.541786320169363
