Metric,Mean,STD
MAE,0.3868340998888016,0.013613166
MSE,0.3248291939496994,0.021830954
RMSE,0.5696128845214844,0.019244652
MAPE,2.141638720035553,0.11646999
MSPE,209.89722595214843,31.458586
TrainTime(s),479.6426606655121,60.853888041405604
TestTime(s),20.107589602470398,1.5766092044203803
