Metric,Mean,STD
MAE,0.4000649154186249,0.01969122
MSE,0.34297800362110137,0.041239757
RMSE,0.584590345621109,0.035101622
MAPE,2.177922713756561,0.11921135
MSPE,244.7875015258789,42.37689
TrainTime(s),377.8281192302704,28.451752997811845
TestTime(s),14.287442994117736,1.4798059815758893
