Metric,Mean,STD
MAE,0.39941427707672117,0.014621279
MSE,0.33558402955532074,0.026081067
RMSE,0.5788618743419647,0.022426898
MAPE,2.1537592887878416,0.15856187
MSPE,236.2284927368164,35.729954
TrainTime(s),429.29450652599337,33.77222779626004
TestTime(s),18.430715107917784,2.348571921803958
