Metric,Mean,STD
MAE,0.39618968963623047,0.01004464
MSE,0.34006929993629453,0.027781352
RMSE,0.5826731204986573,0.023692498
MAPE,2.2188005447387695,0.075229004
MSPE,216.53199310302733,24.9992
TrainTime(s),506.3543444156647,62.022729459026564
TestTime(s),20.979624223709106,2.5262565384683646
