Metric,Mean,STD
MAE,0.3935398876667023,0.022462018
MSE,0.3239521920681,0.034474038
RMSE,0.5683619976043701,0.03027906
MAPE,2.1577362775802613,0.12125464
MSPE,221.0369903564453,30.1611
TrainTime(s),479.19160213470457,34.73958493450428
TestTime(s),20.338997435569762,1.27817417431018
