Metric,Mean,STD
MAE,0.3872919112443924,0.018325374
MSE,0.3227358996868134,0.030185731
RMSE,0.5674901068210602,0.026284505
MAPE,2.129633903503418,0.10284629
MSPE,217.4507797241211,36.0449
TrainTime(s),387.6180742025375,39.16913234546082
TestTime(s),15.495100688934325,3.477975738085533
