Metric,Mean,STD
MAE,0.3983094602823257,0.012602297
MSE,0.34221980571746824,0.020653397
RMSE,0.5847279250621795,0.017693518
MAPE,2.1065881848335266,0.21735258
MSPE,194.54195861816407,48.081264
TrainTime(s),482.48290688991545,39.4539150723137
TestTime(s),20.14006700515747,0.9793341119878386
