Metric,Mean,STD
MAE,0.3849531769752502,0.016487446
MSE,0.3192114979028702,0.029910672
RMSE,0.5643615305423737,0.026599891
MAPE,2.1061666131019594,0.109378986
MSPE,224.914794921875,38.98896
TrainTime(s),439.8460565328598,47.40250907336171
TestTime(s),19.201234769821166,1.15920156663356
