Metric,Mean,STD
MAE,0.39903456568717954,0.0152508095
MSE,0.35203395783901215,0.04116396
RMSE,0.5923302233219147,0.034334477
MAPE,2.126670551300049,0.11817315
MSPE,220.0657485961914,36.639816
TrainTime(s),424.5812302350998,28.25944396033841
TestTime(s),18.35924153327942,1.887292061686515
