Metric,Mean,STD
MAE,0.38185651898384093,0.015095457
MSE,0.32529285848140715,0.03077852
RMSE,0.5697129964828491,0.02683214
MAPE,2.0760438323020933,0.075227425
MSPE,200.7602569580078,24.873268
TrainTime(s),378.3414232969284,46.173051601726506
TestTime(s),13.556709051132202,2.134849949828546
