Metric,Mean,STD
MAE,0.3957227379083633,0.013809987
MSE,0.33787407279014586,0.02911612
RMSE,0.5807724297046661,0.024030449
MAPE,2.1194323301315308,0.15985505
MSPE,215.5117416381836,35.948055
TrainTime(s),427.96343901157377,29.19894300894547
TestTime(s),17.90707516670227,0.8938185815268394
