Metric,Mean,STD
MAE,0.39157032370567324,0.018906064
MSE,0.3400638818740845,0.04260465
RMSE,0.5820180118083954,0.03631691
MAPE,2.1204227089881895,0.10837669
MSPE,226.20780181884766,32.921883
TrainTime(s),507.2633676767349,64.6333478464468
TestTime(s),21.982826495170592,2.573506055854606
