Metric,Mean,STD
MAE,0.3850563883781433,0.020187791
MSE,0.3334949821233749,0.043521576
RMSE,0.57627934217453,0.037377793
MAPE,2.1223413586616515,0.08972868
MSPE,222.21573333740236,24.678839
TrainTime(s),367.62409722805023,43.04617867381797
TestTime(s),14.391783452033996,2.736495096390646
