Metric,Mean,STD
MAE,0.3898835122585297,0.021401368
MSE,0.3303599923849106,0.036998708
RMSE,0.573905348777771,0.031506382
MAPE,2.1445160031318666,0.115151405
MSPE,232.7009017944336,35.436386
TrainTime(s),444.66393370628356,129.43453603583106
TestTime(s),19.158045077323912,5.296864786147865
