Metric,Mean,STD
MAE,0.3984191596508026,0.024599906
MSE,0.34499341547489165,0.036446445
RMSE,0.5865298569202423,0.031243237
MAPE,2.095246970653534,0.18717779
MSPE,214.74764404296874,42.011555
TrainTime(s),471.73591356277467,43.40873018299798
TestTime(s),19.93968336582184,1.4093314852457477
