Metric,Mean,STD
MAE,0.39441603422164917,0.021427214
MSE,0.3311340719461441,0.03436255
RMSE,0.5746785640716553,0.02964127
MAPE,2.2065184831619264,0.19391687
MSPE,264.4012680053711,65.43452
TrainTime(s),370.7090389728546,27.19599378868581
TestTime(s),14.526365900039673,1.2902973191004183
