Metric,Mean,STD
MAE,0.4101508170366287,0.015458762
MSE,0.36569141149520873,0.01815218
RMSE,0.6045408010482788,0.014894202
MAPE,2.227969563007355,0.15999654
MSPE,232.97369537353515,35.138866
TrainTime(s),432.8486173629761,50.31461868641451
TestTime(s),17.90313277244568,1.7245474157554344
