Metric,Mean,STD
MAE,0.38660237193107605,0.017433604
MSE,0.3227171391248703,0.019736387
RMSE,0.5678157091140748,0.01739135
MAPE,2.1080565810203553,0.14326222
MSPE,204.46475982666016,36.680653
TrainTime(s),416.95256171226504,43.517559821386826
TestTime(s),17.95681345462799,1.1064157453023524
