Metric,Mean,STD
MAE,0.3978826433420181,0.0138050625
MSE,0.34103031158447267,0.02543358
RMSE,0.5835788369178772,0.021588195
MAPE,2.1573383092880247,0.1077181
MSPE,227.84384460449218,29.246784
TrainTime(s),446.02239139080046,71.47685919293916
TestTime(s),19.3223286151886,4.181043051587233
