Metric,Mean,STD
MAE,0.3990729331970215,0.029308036
MSE,0.3387482941150665,0.03858203
RMSE,0.5810691237449646,0.033271115
MAPE,2.1884527444839477,0.1800525
MSPE,234.14756622314454,38.200546
TrainTime(s),513.1799794197083,63.83169450763466
TestTime(s),23.165860319137572,1.4904925825630766
