Metric,Mean,STD
MAE,0.4006239950656891,0.027651152
MSE,0.3445853978395462,0.054281697
RMSE,0.5853317499160766,0.04440893
MAPE,2.198789119720459,0.169647
MSPE,223.26813354492188,49.677044
TrainTime(s),461.1618512630463,34.378503509707144
TestTime(s),19.94076600074768,1.3729332660269546
