Metric,Mean,STD
MAE,0.4030478984117508,0.019374726
MSE,0.3471388816833496,0.0359183
RMSE,0.588422954082489,0.029954832
MAPE,2.2065996408462523,0.06408237
MSPE,238.38818969726563,23.000568
TrainTime(s),430.4291018009186,45.999021926477404
TestTime(s),16.84602391719818,1.9379516808359072
