Metric,Mean,STD
MAE,0.3914226025342941,0.019617496
MSE,0.33162749111652373,0.032316435
RMSE,0.5752257466316223,0.027254868
MAPE,2.11032897233963,0.16756178
MSPE,242.27719421386718,59.50398
TrainTime(s),358.45342712402345,36.96306097916498
TestTime(s),12.928629612922668,2.9244209922613535
