Metric,Mean,STD
MAE,0.4149018496274948,0.024461053
MSE,0.362645810842514,0.033647038
RMSE,0.6015612781047821,0.02774599
MAPE,2.152323317527771,0.17708682
MSPE,227.2845428466797,60.53693
TrainTime(s),469.2832094192505,66.64211670850703
TestTime(s),19.771807551383972,3.2088682904179007
