Metric,Mean,STD
MAE,0.3982889711856842,0.022934495
MSE,0.34353359043598175,0.046236247
RMSE,0.5849051177501678,0.037677698
MAPE,2.2117101311683656,0.18282254
MSPE,260.66502990722654,52.490234
TrainTime(s),382.76001901626586,43.22819881960687
TestTime(s),14.566771364212036,1.6715701656997797
