Metric,Mean,STD
MAE,0.3960660547018051,0.03625632
MSE,0.3369955748319626,0.039628465
RMSE,0.5794982612133026,0.034312516
MAPE,2.056546926498413,0.18743828
MSPE,206.76803588867188,52.956112
TrainTime(s),442.1894253253937,47.251377586287056
TestTime(s),19.068635320663454,1.1695744214257429
