Metric,Mean,STD
MAE,0.41043819189071656,0.021267524
MSE,0.35791304111480715,0.037704855
RMSE,0.5974260985851287,0.031545185
MAPE,2.234818458557129,0.17753789
MSPE,244.6498245239258,60.66351
TrainTime(s),467.94327263832093,55.2101156821628
TestTime(s),21.46013984680176,2.1689575374276333
