Metric,Mean,STD
MAE,0.39007213711738586,0.021151679
MSE,0.330617356300354,0.04422507
RMSE,0.5738120019435883,0.03683956
MAPE,2.1574905633926393,0.16559426
MSPE,251.06133880615235,54.00357
TrainTime(s),347.4838850736618,9.01281933321445
TestTime(s),14.223776841163636,2.6497615736276736
