Metric,Mean,STD
MAE,0.39971652030944826,0.0244517
MSE,0.3401491194963455,0.046257634
RMSE,0.581911313533783,0.039094012
MAPE,2.244632351398468,0.13139421
MSPE,266.9364044189453,43.45418
TrainTime(s),360.905202460289,44.31710154402027
TestTime(s),14.594906997680663,2.3280143049564654
