Metric,Mean,STD
MAE,0.4092526465654373,0.0104048345
MSE,0.35080569982528687,0.024064854
RMSE,0.5919488430023193,0.020056995
MAPE,2.257496476173401,0.13923939
MSPE,263.7193603515625,46.10626
TrainTime(s),427.3253962993622,33.18574205194041
TestTime(s),17.21061074733734,2.1218915152276376
