Metric,Mean,STD
MAE,0.41261409521102904,0.024370711
MSE,0.35945421159267427,0.047672253
RMSE,0.5983685731887818,0.037540082
MAPE,2.173320996761322,0.14563833
MSPE,240.87674713134766,41.952583
TrainTime(s),424.1124573469162,32.44407856450056
TestTime(s),18.082081604003907,0.9821920512967834
