Metric,Mean,STD
MAE,0.4085790365934372,0.017343327
MSE,0.3562742590904236,0.026496366
RMSE,0.5964789986610413,0.02206967
MAPE,2.194906306266785,0.18826601
MSPE,224.50567779541015,51.38406
TrainTime(s),480.55402715206145,60.342497345306946
TestTime(s),21.13212890625,1.9103358564621162
