Metric,Mean,STD
MAE,0.38748255670070647,0.017854337
MSE,0.32835776805877687,0.038415696
RMSE,0.5721004664897918,0.032539472
MAPE,2.099690353870392,0.12129231
MSPE,209.82379760742188,35.671726
TrainTime(s),470.06552693843844,36.54782618014754
TestTime(s),21.19389889240265,1.3694586402644326
