Metric,Mean,STD
MAE,0.39389673471450803,0.010353791
MSE,0.3284840852022171,0.025565775
RMSE,0.5727075576782227,0.022139097
MAPE,2.090346264839172,0.14842913
MSPE,200.7225601196289,30.612543
TrainTime(s),488.3263710021973,64.34078668206438
TestTime(s),21.494619417190552,2.3061835297767463
