Metric,Mean,STD
MAE,0.3804598718881607,0.010522717
MSE,0.3155095875263214,0.026551954
RMSE,0.5612121880054474,0.02346218
MAPE,2.1201875686645506,0.15755105
MSPE,238.62649993896486,49.550392
TrainTime(s),350.4132704734802,8.773806082771278
TestTime(s),13.24600155353546,1.7476318674213849
