Metric,Mean,STD
MAE,0.39609224200248716,0.024106793
MSE,0.3304729342460632,0.022576343
RMSE,0.574526047706604,0.019818073
MAPE,2.1536028146743775,0.17722718
MSPE,230.09700927734374,42.524734
TrainTime(s),416.07424144744874,23.26012611231747
TestTime(s),17.214058876037598,2.9599061524202592
