Metric,Mean,STD
MAE,0.3969611287117004,0.008798602
MSE,0.3458941251039505,0.024581624
RMSE,0.5877518653869629,0.021020506
MAPE,2.103115975856781,0.1684274
MSPE,208.04063110351564,39.72729
TrainTime(s),507.17222652435305,76.74664054770105
TestTime(s),21.328484320640563,1.4448427562443065
