Metric,Mean,STD
MAE,0.39125599563121793,0.016584452
MSE,0.33096185326576233,0.02761965
RMSE,0.5747975409030914,0.023867132
MAPE,2.086339366436005,0.14310583
MSPE,203.21140899658204,39.15064
TrainTime(s),444.15076978206633,53.8458239492039
TestTime(s),19.8663325548172,3.563952947812395
