Metric,Mean,STD
MAE,0.4106425493955612,0.021213409
MSE,0.35593082904815676,0.031081105
RMSE,0.5960414111614227,0.025796732
MAPE,2.3455996990203856,0.21586479
MSPE,264.28092193603516,46.39023
TrainTime(s),453.87294204235076,30.313998501981793
TestTime(s),20.312910151481628,1.3037521711699314
