Metric,Mean,STD
MAE,0.39934811890125277,0.020490102
MSE,0.3366951525211334,0.027128704
RMSE,0.5798049509525299,0.022833573
MAPE,2.2318995237350463,0.16688077
MSPE,272.68253326416016,56.855034
TrainTime(s),372.11147663593295,28.85674189408067
TestTime(s),14.487507200241089,1.06431410512683
