Metric,Mean,STD
MAE,0.39388773441314695,0.029827245
MSE,0.33493935167789457,0.046849366
RMSE,0.5774422526359558,0.038727183
MAPE,2.132957470417023,0.16590019
MSPE,235.53067779541016,50.66987
TrainTime(s),406.5963049650192,32.76352019000712
TestTime(s),16.701235270500185,2.1251829728130254
