Metric,Mean,STD
MAE,0.399003466963768,0.017485162
MSE,0.3466564238071442,0.031461578
RMSE,0.5881703197956085,0.026685128
MAPE,2.123092293739319,0.13469782
MSPE,202.8108901977539,34.459377
TrainTime(s),528.4079708337783,71.85457746212175
TestTime(s),21.806333351135255,1.0488021779954266
