Metric,Mean,STD
MAE,0.3994207978248596,0.023610424
MSE,0.3381565809249878,0.030044554
RMSE,0.5809371411800385,0.025857758
MAPE,2.1909650325775147,0.19041054
MSPE,244.45892333984375,54.66284
TrainTime(s),476.57653470039367,65.71352244052552
TestTime(s),21.277667665481566,4.17058074615605
