Metric,Mean,STD
MAE,0.41271850764751433,0.025683677
MSE,0.35593425333499906,0.03080762
RMSE,0.5960339844226837,0.02603345
MAPE,2.159942650794983,0.19130513
MSPE,234.8329635620117,66.24446
TrainTime(s),417.0521115541458,30.274268485016577
TestTime(s),18.747660398483276,1.1144321928673837
