Metric,Mean,STD
MAE,0.3869615077972412,0.014207789
MSE,0.3227366656064987,0.022847446
RMSE,0.5677422344684601,0.020134896
MAPE,2.1492706298828126,0.12510279
MSPE,215.68113555908204,24.03089
TrainTime(s),340.58656919002533,55.33555236556784
TestTime(s),12.485080456733703,2.7772744289727966
