Metric,Mean,STD
MAE,0.39733241200447084,0.017987749
MSE,0.3468680828809738,0.01749307
RMSE,0.5887691080570221,0.014799213
MAPE,2.0450698018074034,0.102792874
MSPE,200.41348419189453,28.797043
TrainTime(s),429.66303679943087,39.8725004399617
TestTime(s),18.639101123809816,1.3780127676861498
