Metric,Mean,STD
MAE,0.38497656881809234,0.007903056
MSE,0.32536696791648867,0.0176408
RMSE,0.5701936781406403,0.015688764
MAPE,2.0332474946975707,0.09456758
MSPE,192.69220123291015,26.517262
TrainTime(s),455.0627159118652,82.67587094211898
TestTime(s),20.235892605781554,3.132044464481473
