Metric,Mean,STD
MAE,0.402134308218956,0.017083203
MSE,0.34267084002494813,0.025592854
RMSE,0.5849656939506531,0.02204496
MAPE,2.161867082118988,0.11721644
MSPE,223.80980682373047,32.371567
TrainTime(s),499.8483672142029,47.17550033204515
TestTime(s),22.338312840461732,2.737684250218846
