Metric,Mean,STD
MAE,0.39069918990135194,0.02747433
MSE,0.32298573553562165,0.037689105
RMSE,0.5673785090446473,0.032670546
MAPE,2.1016398429870606,0.15767619
MSPE,226.9744644165039,45.13194
TrainTime(s),361.90824911594393,11.392086247604507
TestTime(s),14.453559684753419,0.8937516815763096
