Metric,Mean,STD
MAE,0.3974891364574432,0.02562379
MSE,0.35277819633483887,0.053506922
RMSE,0.5922839760780334,0.044473458
MAPE,2.140049922466278,0.14784095
MSPE,203.10753631591797,40.004025
TrainTime(s),482.8578042984009,50.74235962977383
TestTime(s),20.779634833335876,1.5672672081483146
