Metric,Mean,STD
MAE,0.41346651017665864,0.025992623
MSE,0.3625564157962799,0.031298414
RMSE,0.6015726625919342,0.025821196
MAPE,2.285865330696106,0.2525168
MSPE,259.5672317504883,61.09517
TrainTime(s),439.5891013145447,83.38288649975057
TestTime(s),19.45656089782715,4.556558522683861
