Metric,Mean,STD
MAE,0.4011207550764084,0.024521451
MSE,0.3328289270401001,0.03264312
RMSE,0.5762266516685486,0.028138325
MAPE,2.2715532302856447,0.2502263
MSPE,273.7801544189453,78.073715
TrainTime(s),373.85540106296537,11.22106462922222
TestTime(s),14.935863423347474,1.5915470225580612
