Metric,Mean,STD
MAE,0.38653435111045836,0.013341824
MSE,0.33749003410339357,0.024288945
RMSE,0.5805584192276001,0.021022737
MAPE,2.0561812996864317,0.11804698
MSPE,190.86721954345703,30.297264
TrainTime(s),391.5672624349594,45.613651868539726
TestTime(s),13.302191424369813,2.8901186459883683
