Metric,Mean,STD
MAE,0.40208851993083955,0.017705316
MSE,0.35392471253871916,0.030598605
RMSE,0.5943774878978729,0.025300356
MAPE,2.139788556098938,0.14329743
MSPE,224.06069641113282,51.984188
TrainTime(s),458.4174848794937,57.08424355481603
TestTime(s),18.135750436782835,1.686416164763962
