Metric,Mean,STD
MAE,0.39802924990653993,0.02782712
MSE,0.3400928914546967,0.03770117
RMSE,0.5823304057121277,0.031371847
MAPE,2.373202919960022,0.22887023
MSPE,314.87652587890625,71.73902
TrainTime(s),362.0254182815552,25.826726012782007
TestTime(s),13.77139847278595,2.733520582304541
