Metric,Mean,STD
MAE,0.40017594695091246,0.034527816
MSE,0.342926162481308,0.048657246
RMSE,0.5842210412025451,0.040148955
MAPE,2.1275216817855833,0.22937989
MSPE,232.16117095947266,84.952255
TrainTime(s),414.0607397556305,12.91603655964299
TestTime(s),18.787155413627623,1.0519939827015743
