Metric,Mean,STD
MAE,0.38554039001464846,0.015420504
MSE,0.325210765004158,0.029716605
RMSE,0.569677060842514,0.02605419
MAPE,2.1022776126861573,0.13098098
MSPE,201.08511505126953,31.791664
TrainTime(s),475.27411324977874,44.381355672609914
TestTime(s),22.155136513710023,1.7985721090642288
