Metric,Mean,STD
MAE,0.3942917972803116,0.031276908
MSE,0.32703815698623656,0.04435241
RMSE,0.5706688106060028,0.037084416
MAPE,2.2491610765457155,0.24078748
MSPE,263.849658203125,65.12255
TrainTime(s),375.69774210453033,33.955213280875576
TestTime(s),13.801195454597472,2.0721863693247102
