Metric,Mean,STD
MAE,0.3903519183397293,0.017228473
MSE,0.3363763868808746,0.023166269
RMSE,0.5796255111694336,0.020264667
MAPE,2.0429524064064024,0.06536646
MSPE,192.2812728881836,12.845371
TrainTime(s),501.2106687307358,43.86399687733584
TestTime(s),22.217086005210877,1.092193902734843
