Metric,Mean,STD
MAE,0.38884317576885224,0.011265637
MSE,0.3253609538078308,0.017900107
RMSE,0.5701921224594116,0.015552972
MAPE,2.1000534772872923,0.070290744
MSPE,219.69249420166017,30.095018
TrainTime(s),427.9718519926071,41.25743671060186
TestTime(s),18.317042088508607,0.9132196028592342
