Metric,Mean,STD
MAE,0.3967379450798035,0.029050058
MSE,0.34811455607414243,0.03563511
RMSE,0.5892453074455262,0.030075295
MAPE,2.0849382877349854,0.25637224
MSPE,207.611962890625,67.745964
TrainTime(s),501.0227974653244,58.61873461384356
TestTime(s),20.869618558883666,1.7855411864467847
