Metric,Mean,STD
MAE,0.3954736292362213,0.01754003
MSE,0.33290509283542635,0.029780554
RMSE,0.5764143228530884,0.025526933
MAPE,2.1333116412162783,0.15951954
MSPE,249.5235366821289,57.08515
TrainTime(s),366.9532241344452,30.786455537212607
TestTime(s),14.752156734466553,1.3305004954573565
