Metric,Mean,STD
MAE,0.39484691321849824,0.016806819
MSE,0.33468573689460757,0.028914904
RMSE,0.5779981732368469,0.024573201
MAPE,2.114574599266052,0.10477784
MSPE,211.5665084838867,19.499615
TrainTime(s),436.0873741388321,43.69479257298512
TestTime(s),18.62925271987915,1.16544621818798
