Metric,Mean,STD
MAE,0.3915786236524582,0.025823332
MSE,0.33160251677036284,0.03866096
RMSE,0.5748855650424958,0.033303164
MAPE,2.1314661502838135,0.16848795
MSPE,225.9611328125,35.48088
TrainTime(s),398.7781493663788,10.573779085177495
TestTime(s),17.741584730148315,0.5433966442136601
