Metric,Mean,STD
MAE,0.39414659738540647,0.022187533
MSE,0.3308727443218231,0.038316503
RMSE,0.5742741525173187,0.032892883
MAPE,2.125635004043579,0.14924063
MSPE,214.5484649658203,45.011654
TrainTime(s),482.707124710083,13.49258403942683
TestTime(s),22.150166726112367,2.556142171281853
