Metric,Mean
MAE,0.39384909470876056
MSE,0.4737599591414134
RMSE,0.6882951259613037
MAPE,2.240669091542562
MSPE,954.8173828125