Métrica,Valor
MAE, 0.37816648681958515
MSE, 0.46915988127390545
RMSE, 0.6849040587743124
MAPE, 2.3611409664154053
MSPE, 1125.8013509114583