Metric,Mean,STD
MAE, 0.7469807863235474,
MSE, 0.9574408332506815,
RMSE, 0.9774160782496134,
MAPE, 12.890603383382162,
MSPE, 48193.6015625,
