Metric,Mean,STD
MAE,0.006560958301027616,0.0023699855
MSE,5.530991378085067e-05,3.2929638e-05
RMSE,0.007095556240528822,0.0022277785
MAPE,0.06932333235939343,0.038036063
MSPE,0.00967600685544312,0.010325808
TrainTime(s),18091.37015390396,3971.1040171931522
TestTime(s),201.83302410443625,1.6111020137247696
