Metric,Mean,STD
MAE,0.022277541070555646,0.022019245
MSE,0.0014074876729258297,0.0018662161
RMSE,0.02628722251392901,0.026766952
MAPE,0.19692102819681168,0.16598728
MSPE,0.08719416071350376,0.10192953
TrainTime(s),9346.294210036596,1902.621360341898
TestTime(s),96.63352370262146,0.1404773912784305
