Metric,Mean,STD
MAE,0.616092324256897,0.030182436
MSE,1.0435624917348225,0.068514444
RMSE,1.021010160446167,0.03317714
MAPE,3.488332509994507,0.08974024
MSPE,2118.2418212890625,108.53137
TrainTime(s),12234.975954214731,22.807609165729442
TestTime(s),231.0241949558258,0.7585916649351337
