Métrica,Valor
MAE, 0.37590792775154114
MSE, 0.46915648380915326
RMSE, 0.6849485238393148
MAPE, 2.286222298940023
MSPE, 1014.7508341471354