Métrica,Valor
MAE, 0.3990047375361125
MSE, 0.4883696933587392
RMSE, 0.6988229751586914
MAPE, 2.291084130605062
MSPE, 973.2015177408854
