Metric,Mean,STD
MAE,0.40445031225681305,0.017119505
MSE,0.3565781980752945,0.033225246
RMSE,0.5965163230895996,0.027321782
MAPE,2.1652066469192506,0.16296518
MSPE,228.48943481445312,39.546215
TrainTime(s),505.95948593616487,58.47745801206359
TestTime(s),20.782648825645445,2.3769986346393583
