Metric,Mean,STD
MAE,0.3861908197402954,0.01861304
MSE,0.3185423105955124,0.031425226
RMSE,0.5637208104133606,0.027589075
MAPE,2.194392704963684,0.15234457
MSPE,244.0065658569336,45.608704
TrainTime(s),391.9227727174759,47.481694673664094
TestTime(s),13.577302598953247,2.581761804011396
