Metric,Mean,STD
MAE,0.39969213008880616,0.020427078
MSE,0.34419464468955996,0.025342261
RMSE,0.5862845659255982,0.021565087
MAPE,2.170441174507141,0.16152202
MSPE,251.72041015625,58.808884
TrainTime(s),453.1150046110153,34.88264542867234
TestTime(s),18.649055337905885,1.3052185157958618
