Metric,Mean,STD
MAE,0.39486700892448423,0.014428805
MSE,0.33884028196334837,0.027550347
RMSE,0.581617945432663,0.023682185
MAPE,2.2038594841957093,0.14958659
MSPE,238.42447662353516,44.44857
TrainTime(s),540.4988753318787,72.16763541208734
TestTime(s),20.947950267791747,3.968319833817215
