Metric,Mean,STD
MAE,0.402320522069931,0.02015985
MSE,0.33682712316513064,0.027573802
RMSE,0.5798835635185242,0.023710232
MAPE,2.273203992843628,0.16814794
MSPE,269.192578125,50.733818
TrainTime(s),495.0796626329422,23.341959348799453
TestTime(s),22.270950961112977,1.1688253722331405
