Metric,Mean,STD
MAE,0.3892534077167511,0.017742513
MSE,0.32646097540855407,0.024654109
RMSE,0.5709499239921569,0.021843998
MAPE,2.147673857212067,0.10827605
MSPE,217.07601470947264,25.79697
TrainTime(s),452.31747522354124,118.19268216996986
TestTime(s),17.948194169998168,6.285577682169936
