Metric,Mean,STD
MAE,0.4080220550298691,0.019411461
MSE,0.35267476439476014,0.03613472
RMSE,0.5930956602096558,0.030204268
MAPE,2.2463387131690977,0.2037233
MSPE,250.09932403564454,53.472614
TrainTime(s),456.65374703407286,37.49876199863552
TestTime(s),17.161448979377745,0.777254698012935
