Metric,Mean,STD
MAE,0.4075603485107422,0.020839762
MSE,0.3625569075345993,0.03962796
RMSE,0.6012198746204376,0.03303891
MAPE,2.224961519241333,0.16340959
MSPE,263.9091598510742,41.997032
TrainTime(s),469.76865458488464,45.377704859314235
TestTime(s),18.346857333183287,1.3402062500723109
