Metric,Mean,STD
MAE,0.4063713073730469,0.02008994
MSE,0.34806244969367983,0.025684217
RMSE,0.5895682454109192,0.021719694
MAPE,2.234330105781555,0.17410006
MSPE,259.0530303955078,59.43121
TrainTime(s),479.79243607521056,79.26479110730727
TestTime(s),19.222451663017274,4.719234033383236
