Metric,Mean,STD
MAE,0.39504656195640564,0.022637373
MSE,0.3376126289367676,0.03463993
RMSE,0.5802865207195282,0.02966803
MAPE,2.187212288379669,0.22174
MSPE,233.67454376220704,48.516598
TrainTime(s),496.833695268631,35.075229441004055
TestTime(s),19.677635860443115,3.7042487598981855
