Metric,Mean,STD
MAE,0.39431133568286897,0.016852675
MSE,0.3406722158193588,0.029546952
RMSE,0.583124303817749,0.025263982
MAPE,2.169356143474579,0.13765669
MSPE,233.5929397583008,25.4896
TrainTime(s),507.49261038303376,66.27922677149152
TestTime(s),20.803850483894347,2.0490852383963643
