Metric,Mean,STD
MAE,0.4150504767894745,0.016788274
MSE,0.36626142263412476,0.027035896
RMSE,0.6047780156135559,0.022471512
MAPE,2.2683701038360597,0.22971956
MSPE,270.21920623779295,85.48771
TrainTime(s),458.6918433904648,33.20457715517533
TestTime(s),18.36571807861328,1.0191883217136588
