Metric,Mean,STD
MAE,0.3893518388271332,0.013267685
MSE,0.3267789721488953,0.023621479
RMSE,0.5712855100631714,0.020293657
MAPE,2.150082767009735,0.1492899
MSPE,227.90253295898438,42.30272
TrainTime(s),488.8842769384384,60.75012421686479
TestTime(s),20.054703378677367,1.3675650491168232
