Metric,Mean,STD
MAE,0.3995832920074463,0.019475065
MSE,0.35794355571269987,0.04036452
RMSE,0.5973510861396789,0.0333952
MAPE,2.099016571044922,0.120735824
MSPE,217.44996032714843,48.877693
TrainTime(s),558.0549031734466,77.17249065080031
TestTime(s),22.72526409626007,1.62184481406929
