Metric,Mean,STD
MAE,0.40044122040271757,0.026230657
MSE,0.34675141274929044,0.04466218
RMSE,0.5876738965511322,0.03729326
MAPE,2.19670627117157,0.14044292
MSPE,249.03558654785155,54.578217
TrainTime(s),417.8103367090225,39.98718808022577
TestTime(s),15.215572333335876,1.9710136246501078
