Metric,Mean,STD
MAE,0.40936923027038574,0.016099408
MSE,0.3610618650913239,0.028040225
RMSE,0.6004299342632293,0.023361536
MAPE,2.228110980987549,0.16139874
MSPE,241.0422622680664,43.53799
TrainTime(s),468.26611320972444,79.74819997003533
TestTime(s),21.148930072784424,3.3574544577442924
