Metric,Mean,STD
MAE,0.3965907782316208,0.018231787
MSE,0.33654575049877167,0.03456476
RMSE,0.5793686985969544,0.029625483
MAPE,2.2334464311599733,0.09489341
MSPE,249.15898742675782,34.69888
TrainTime(s),504.8905526638031,43.844345913236445
TestTime(s),20.843998622894286,1.383836648505724
