Metric,Mean,STD
MAE,0.3994705617427826,0.02654645
MSE,0.3369643211364746,0.046712328
RMSE,0.5792038083076477,0.038564958
MAPE,2.284227442741394,0.23060846
MSPE,301.26649322509763,82.554306
TrainTime(s),402.4853786230087,31.990086839953022
TestTime(s),13.982204508781432,0.7087478302239286
