Metric,Mean,STD
MAE,0.3952313005924225,0.015175724
MSE,0.3399413973093033,0.018438742
RMSE,0.5828301310539246,0.015824998
MAPE,2.182710564136505,0.16881117
MSPE,230.69151458740234,42.46533
TrainTime(s),462.24623668193817,20.517124044083356
TestTime(s),19.17460596561432,1.1073309638561364
