Metric,Mean,STD
MAE,0.40317642092704775,0.020664085
MSE,0.34884885251522063,0.025938826
RMSE,0.5902341127395629,0.021737915
MAPE,2.266940212249756,0.28520933
MSPE,293.13877563476564,82.48538
TrainTime(s),401.3226556301117,41.45179636124096
TestTime(s),14.013168931007385,1.968299542561511
