Metric,Mean,STD
MAE,0.3897986114025116,0.016860323
MSE,0.33485146462917326,0.027320506
RMSE,0.5782012045383453,0.023126245
MAPE,2.1156636476516724,0.13606788
MSPE,211.50649719238282,32.266003
TrainTime(s),531.1460083246232,55.25260545146352
TestTime(s),20.256154036521913,1.372378925528144
