Metric,Mean,STD
MAE,0.40034664869308473,0.023206165
MSE,0.3517641395330429,0.045989063
RMSE,0.5918396413326263,0.03860005
MAPE,2.1920795917510985,0.08412914
MSPE,210.86097564697266,20.365362
TrainTime(s),520.0410263538361,36.30925141130893
TestTime(s),21.028154826164247,1.3097637187800526
