Metric,Mean,STD
MAE,0.3897781014442444,0.019111704
MSE,0.32125734388828275,0.032011878
RMSE,0.5661137938499451,0.027794216
MAPE,2.241079831123352,0.19371253
MSPE,271.95154266357423,62.157425
TrainTime(s),411.80100467205045,54.1994149622445
TestTime(s),14.545846796035766,2.4408164945346638
