Metric,Mean,STD
MAE,0.41352920830249784,0.018382464
MSE,0.36019425094127655,0.036435507
RMSE,0.5994009137153625,0.03021253
MAPE,2.2713414311408995,0.18382563
MSPE,273.40821380615233,67.40421
TrainTime(s),550.9159650564194,63.61940706930505
TestTime(s),22.688504099845886,1.9576703909349058
