Metric,Mean,STD
MAE,0.39989393949508667,0.018144991
MSE,0.34556171894073484,0.02923772
RMSE,0.5872953772544861,0.025413672
MAPE,2.1834532499313353,0.11952207
MSPE,242.4608947753906,35.821087
TrainTime(s),497.36726293563845,54.720786142948334
TestTime(s),21.435857200622557,3.6757933826520355
