Metric,Mean,STD
MAE,0.40860727727413176,0.027442297
MSE,0.35836105346679686,0.036224537
RMSE,0.5978708922863006,0.030190118
MAPE,2.1267507433891297,0.1390273
MSPE,228.09320068359375,30.47734
TrainTime(s),444.3966293334961,39.161777972148705
TestTime(s),17.635315108299256,4.391273078441915
