Metric,Mean,STD
MAE,0.42224349081516266,0.018988345
MSE,0.37238560914993285,0.02444796
RMSE,0.6099143028259277,0.019751994
MAPE,2.3108662962913513,0.26375836
MSPE,272.95897445678713,84.73209
TrainTime(s),534.2425341844558,66.53608840129624
TestTime(s),20.80158965587616,1.725975630112146
