Metric,Mean,STD
MAE,0.40222141742706297,0.019169845
MSE,0.3569371461868286,0.03236749
RMSE,0.596850860118866,0.02657434
MAPE,2.1389150977134705,0.13636138
MSPE,228.410107421875,42.469845
TrainTime(s),447.8572152614594,56.33087302999194
TestTime(s),17.830520963668825,0.8487905189605147
