Metric,Mean,STD
MAE,0.40634413361549376,0.020809159
MSE,0.3514889985322952,0.031044723
RMSE,0.592299896478653,0.02588105
MAPE,2.1771233558654783,0.12620339
MSPE,238.86666107177734,41.592762
TrainTime(s),407.14812495708463,51.277241084369514
TestTime(s),16.673584961891173,3.8154768585421244
