Metric,Mean,STD
MAE,0.4119058698415756,0.032644454
MSE,0.35578511357307435,0.043797713
RMSE,0.5954614400863647,0.03479647
MAPE,2.185065972805023,0.25548214
MSPE,234.3600730895996,59.769245
TrainTime(s),438.0531878232956,48.57955553542603
TestTime(s),17.859003806114195,4.086818598913495
