Metric,Mean,STD
MAE,0.39744113981723783,0.02246777
MSE,0.32639487385749816,0.03283752
RMSE,0.5705879688262939,0.02870985
MAPE,2.349633288383484,0.17557532
MSPE,292.70458984375,41.957344
TrainTime(s),413.46518125534055,52.924875640374985
TestTime(s),13.439016628265382,3.003668815834063
