Metric,Mean,STD
MAE,0.4063301354646683,0.027473371
MSE,0.35502244532108307,0.041537907
RMSE,0.5948732674121857,0.033885635
MAPE,2.197798192501068,0.13099983
MSPE,236.63873138427735,42.800217
TrainTime(s),492.8259527683258,55.312624718267514
TestTime(s),19.436493229866027,1.5377504933480948
