Metric,Mean,STD
MAE,0.4156624346971512,0.036447052
MSE,0.35992767214775084,0.043006107
RMSE,0.5988891541957855,0.0354888
MAPE,2.257222521305084,0.23147924
MSPE,251.71556701660157,63.217392
TrainTime(s),524.1846160411835,13.879774556972777
TestTime(s),21.84558186531067,2.37343234301358
