Metric,Mean,STD
MAE,0.4111481189727783,0.022505675
MSE,0.3613556087017059,0.029572878
RMSE,0.6006022870540619,0.025149593
MAPE,2.200515866279602,0.16476901
MSPE,251.8511474609375,55.844376
TrainTime(s),482.53109018802644,39.408183944150046
TestTime(s),19.314285826683044,1.0468442348304061
