Metric,Mean,STD
MAE,0.38724244236946104,0.01960873
MSE,0.3221258074045181,0.026263105
RMSE,0.5670967996120453,0.022957303
MAPE,2.1068422198295593,0.15023543
MSPE,221.08382568359374,43.736755
TrainTime(s),416.18273677825925,37.121644663019595
TestTime(s),13.723398661613464,2.3873712823713467
