Metric,Mean,STD
MAE,0.4186556667089462,0.026995853
MSE,0.3722720742225647,0.057494976
RMSE,0.608382272720337,0.04629344
MAPE,2.2936512231826782,0.10878752
MSPE,258.9801528930664,35.178383
TrainTime(s),456.63008415699005,75.24493529135107
TestTime(s),17.438280701637268,3.054186376477259
