Metric,Mean,STD
MAE,0.4048888087272644,0.020006537
MSE,0.35058610141277313,0.030761339
RMSE,0.5915099263191224,0.026497275
MAPE,2.17291522026062,0.12195825
MSPE,236.37014770507812,36.66469
TrainTime(s),538.087779545784,47.915794903916556
TestTime(s),22.97654707431793,1.0375577681057406
