Metric,Mean,STD
MAE,0.4134519934654236,0.028014816
MSE,0.3631937652826309,0.04806531
RMSE,0.601359486579895,0.039503574
MAPE,2.288993573188782,0.24903737
MSPE,266.71361236572267,62.944386
TrainTime(s),468.2416439533234,87.89086774522634
TestTime(s),20.553158736228944,5.55878175118751
