Metric,Mean,STD
MAE,0.3945845186710358,0.02132441
MSE,0.33920745849609374,0.029405428
RMSE,0.5818772435188293,0.025026605
MAPE,2.1736974716186523,0.18386464
MSPE,229.56964416503905,53.36172
TrainTime(s),544.1732837915421,69.0528186295419
TestTime(s),22.715289568901063,1.457307310041978
