Metric,Mean,STD
MAE,0.39293148219585416,0.018160522
MSE,0.3249931871891022,0.0291907
RMSE,0.5695226073265076,0.025242597
MAPE,2.217920708656311,0.1426839
MSPE,258.75096435546874,48.410347
TrainTime(s),387.84954700469973,26.2307290836061
TestTime(s),14.16535120010376,2.0010135072702986
