Metric,Mean,STD
MAE,0.4099686354398727,0.022491034
MSE,0.3531405061483383,0.038030386
RMSE,0.5934198200702667,0.031518653
MAPE,2.1807665467262267,0.10686327
MSPE,238.42103271484376,20.611454
TrainTime(s),477.4729441642761,45.78644321652626
TestTime(s),18.997701406478882,1.032171083966631
