Metric,Mean,STD
MAE,0.40226396918296814,0.022305433
MSE,0.34545266032218935,0.033947956
RMSE,0.5870592415332794,0.028532617
MAPE,2.1542127966880797,0.117990635
MSPE,235.70669860839843,37.24129
TrainTime(s),455.8683107852936,49.45536921290494
TestTime(s),18.08338580131531,2.9785694447208946
