Metric,Mean,STD
MAE,0.38708361983299255,0.015474395
MSE,0.32781313359737396,0.024300529
RMSE,0.5721606612205505,0.021102345
MAPE,2.116131401062012,0.1583992
MSPE,205.3365249633789,36.117996
TrainTime(s),406.465372800827,24.213916399620636
TestTime(s),15.230689930915833,1.8380559521968842
