Metric,Mean,STD
MAE,0.4005016446113586,0.013339735
MSE,0.34421328008174895,0.026545271
RMSE,0.5862579762935638,0.022690699
MAPE,2.1849201560020446,0.11456698
MSPE,241.82425079345703,34.35486
TrainTime(s),520.445982170105,48.23274289841518
TestTime(s),21.16417818069458,1.6717862589566599
