Metric,Mean,STD
MAE,0.3879241108894348,0.01492017
MSE,0.32452347278594973,0.021771386
RMSE,0.5693410873413086,0.0193442
MAPE,2.215332102775574,0.13834393
MSPE,267.10585632324216,30.128048
TrainTime(s),403.0131720066071,50.57407937440027
TestTime(s),13.013977241516113,2.1976071799366568
