Metric,Mean,STD
MAE,0.4084800213575363,0.014420225
MSE,0.35271607935428617,0.032199454
RMSE,0.5932789444923401,0.027132524
MAPE,2.1287027835845946,0.070867814
MSPE,225.17831268310547,28.417267
TrainTime(s),503.9099236726761,63.24751869066172
TestTime(s),21.21387779712677,2.8203896702813123
