Metric,Mean,STD
MAE,0.4105918377637863,0.013236644
MSE,0.3652916580438614,0.018706843
RMSE,0.6041959643363952,0.015455924
MAPE,2.164596152305603,0.10621491
MSPE,219.10735626220702,35.178352
TrainTime(s),516.1145508766174,100.97326954382355
TestTime(s),20.54719297885895,4.437792672541039
