Metric,Mean,STD
MAE,0.3966151475906372,0.01649595
MSE,0.3305221050977707,0.027384916
RMSE,0.5744175791740418,0.023802288
MAPE,2.0875493764877318,0.09705458
MSPE,210.52694854736328,25.256643
TrainTime(s),417.60848519802096,42.06472173952383
TestTime(s),14.448966574668884,2.563248209978275
