Metric,Mean,STD
MAE,0.40934714376926423,0.013486166
MSE,0.3522742301225662,0.029805884
RMSE,0.5930086433887481,0.024798682
MAPE,2.226166534423828,0.15162517
MSPE,262.731787109375,59.694134
TrainTime(s),450.30987763404846,39.01277202227505
TestTime(s),18.288372969627382,0.7206465218025585
