Metric,Mean,STD
MAE,0.4090077966451645,0.022489918
MSE,0.34838009178638457,0.02859854
RMSE,0.5897346079349518,0.024355548
MAPE,2.3407167911529543,0.2284326
MSPE,305.1171905517578,99.52371
TrainTime(s),418.0353882789612,45.46940654559834
TestTime(s),14.804472541809082,1.54605613632933
