Metric,Mean,STD
MAE,0.39692344665527346,0.024311908
MSE,0.3381409525871277,0.030921394
RMSE,0.5808822453022003,0.026772633
MAPE,2.188547933101654,0.17723627
MSPE,226.92803955078125,26.719156
TrainTime(s),383.344806265831,20.685895676747883
TestTime(s),13.66851031780243,2.3114932608274676
