Metric,Mean,STD
MAE,0.411283740401268,0.029123293
MSE,0.362358084321022,0.052265123
RMSE,0.6004326224327088,0.042880643
MAPE,2.2546572923660277,0.18367858
MSPE,250.6312042236328,54.022625
TrainTime(s),467.4163799762726,39.71859647683243
TestTime(s),19.778465890884398,1.483213627202245
