Metric,Mean,STD
MAE,0.4003595143556595,0.013289531
MSE,0.3417119920253754,0.028832259
RMSE,0.5840628802776336,0.024136065
MAPE,2.2208921670913697,0.15509646
MSPE,261.52103118896486,48.784195
TrainTime(s),486.643505692482,73.30845540326341
TestTime(s),19.61735451221466,2.6874109641516473
