Metric,Mean,STD
MAE,0.3938433170318604,0.01565485
MSE,0.3313429832458496,0.025918216
RMSE,0.5751799166202545,0.02260645
MAPE,2.187741982936859,0.13445933
MSPE,234.4236618041992,47.95873
TrainTime(s),385.4702354669571,37.470607342132986
TestTime(s),15.527227115631103,3.2161828569509363
