Metric,Mean,STD
MAE,0.39028639793395997,0.011210133
MSE,0.3326078474521637,0.030407418
RMSE,0.576114934682846,0.02644667
MAPE,2.137062644958496,0.0827945
MSPE,224.46670989990236,25.76036
TrainTime(s),413.5222415685654,40.28875827985756
TestTime(s),14.496478176116943,1.9628258236877287
