Metric,Mean,STD
MAE,0.40305755734443666,0.018612118
MSE,0.33892137110233306,0.029807089
RMSE,0.5816033363342286,0.025669528
MAPE,2.1664175271987913,0.16491048
MSPE,246.8430435180664,49.33522
TrainTime(s),511.7872482538223,49.75629556344966
TestTime(s),21.083375144004822,1.7926732253122721
