Metric,Mean,STD
MAE,0.4110474646091461,0.029044192
MSE,0.35073730945587156,0.037935987
RMSE,0.5913756370544434,0.031814564
MAPE,2.256307816505432,0.1911156
MSPE,248.6399124145508,49.888268
TrainTime(s),521.6729667901993,50.396476990883606
TestTime(s),19.931549787521362,3.3827788970206494
