Metric,Mean,STD
MAE,0.39137822985649107,0.016989887
MSE,0.3297116309404373,0.026935993
RMSE,0.5737469732761383,0.022935448
MAPE,2.1664836168289185,0.22009785
MSPE,230.81153564453126,52.014187
TrainTime(s),484.15119376182554,23.105488819266373
TestTime(s),20.530598998069763,0.9971393616587065
