Metric,Mean,STD
MAE,0.3934933453798294,0.016535304
MSE,0.3358839899301529,0.028160427
RMSE,0.5790520787239075,0.024138834
MAPE,2.1925598621368407,0.15448861
MSPE,223.3666229248047,56.546257
TrainTime(s),504.54320642948153,56.31634733181109
TestTime(s),20.758951258659362,1.7407704726342643
