Metric,Mean,STD
MAE,0.39953154027462007,0.019067489
MSE,0.34215485453605654,0.028182836
RMSE,0.5844252049922943,0.024536377
MAPE,2.2079142808914183,0.14056301
MSPE,249.79324951171876,16.492329
TrainTime(s),396.2478142261505,38.194062656489514
TestTime(s),13.543929529190063,2.0755251471806555
