Metric,Mean,STD
MAE,0.40081892907619476,0.013051441
MSE,0.34621027410030364,0.021819422
RMSE,0.5881063163280487,0.01847264
MAPE,2.204765021800995,0.16474767
MSPE,241.16816253662108,49.40571
TrainTime(s),546.2078905820847,60.41953388313272
TestTime(s),22.612004899978636,1.5805315858634748
