Metric,Mean,STD
MAE,0.39403772354125977,0.021853654
MSE,0.33953102827072146,0.04050018
RMSE,0.5816767513751984,0.03439743
MAPE,2.170521545410156,0.10577847
MSPE,225.74510192871094,29.64275
TrainTime(s),516.7040087938309,43.1170448045056
TestTime(s),21.419521689414978,1.1925564544302554
