Metric,Mean,STD
MAE,0.4192111700773239,0.019472452
MSE,0.3734945833683014,0.042122316
RMSE,0.610256028175354,0.03289623
MAPE,2.233536088466644,0.17442349
MSPE,251.5980209350586,61.147655
TrainTime(s),522.4714131116867,62.382332651983575
TestTime(s),21.129856204986574,2.0097942905367954
