Metric,Mean,STD
MAE,0.40852310359477995,0.028197581
MSE,0.3589972347021103,0.0472402
RMSE,0.5979567527770996,0.038012546
MAPE,2.214210557937622,0.24321143
MSPE,240.74504699707032,91.82208
TrainTime(s),460.83296525478363,70.91314824242855
TestTime(s),16.924420094490053,3.1878669643822137
