Metric,Mean,STD
MAE,0.3903108835220337,0.012231812
MSE,0.331648650765419,0.028524492
RMSE,0.5753548204898834,0.024808792
MAPE,2.1869508624076843,0.10656519
MSPE,243.27731323242188,34.04063
TrainTime(s),387.2307203054428,20.555845073792188
TestTime(s),14.970724368095398,1.6517245767427957
