Metric,Mean,STD
MAE,0.39024596810340884,0.01437248
MSE,0.3363134920597076,0.02668892
RMSE,0.5794778347015381,0.022780051
MAPE,2.094878387451172,0.08417724
MSPE,206.925537109375,18.252644
TrainTime(s),545.5103912830352,57.68728967572025
TestTime(s),22.500837111473082,1.6201829505933325
