Metric,Mean,STD
MAE,0.3950017333030701,0.019430028
MSE,0.3365357339382172,0.035799023
RMSE,0.5792826652526856,0.031101897
MAPE,2.137142777442932,0.08963456
MSPE,224.57588653564454,35.767944
TrainTime(s),507.6637684583664,35.148493440268176
TestTime(s),19.92383780479431,1.320633870737491
