Metric,Mean,STD
MAE,0.39917429983615876,0.020125322
MSE,0.3456440716981888,0.03648096
RMSE,0.5870867967605591,0.031195495
MAPE,2.204728138446808,0.15478282
MSPE,243.242529296875,43.421577
TrainTime(s),499.33124523162843,45.3092519064991
TestTime(s),19.428047943115235,1.5528347346475777
