Metric,Mean,STD
MAE,0.40041816532611846,0.022532342
MSE,0.3412481784820557,0.026171578
RMSE,0.5837328135967255,0.02245405
MAPE,2.1587026834487917,0.18405603
MSPE,232.27139129638672,60.374897
TrainTime(s),490.13595988750455,17.219871682239663
TestTime(s),20.95110681056976,1.4958695734803267
