Metric,Mean,STD
MAE,0.4025418221950531,0.023274472
MSE,0.34221040904521943,0.028801523
RMSE,0.5844656348228454,0.024704574
MAPE,2.260576939582825,0.23307548
MSPE,283.922541809082,76.67245
TrainTime(s),401.7534623861313,28.924520917937315
TestTime(s),14.92432758808136,2.441764538519295
