Metric,Mean,STD
MAE,0.3938791215419769,0.01461784
MSE,0.3277656227350235,0.01955307
RMSE,0.5722537457942962,0.017067038
MAPE,2.1970492601394653,0.11700505
MSPE,233.48985290527344,39.987827
TrainTime(s),497.03202929496763,12.488019764934114
TestTime(s),20.88622078895569,1.5281061685053965
