Metric,Mean,STD
MAE,0.39767399430274963,0.020038351
MSE,0.34606802761554717,0.04635714
RMSE,0.5870415449142456,0.038082063
MAPE,2.1430595755577087,0.13286725
MSPE,210.4092254638672,32.915253
TrainTime(s),530.7893902778626,51.232914168133526
TestTime(s),21.428351521492004,1.0154437931563463
