Metric,Mean,STD
MAE,0.3990232914686203,0.024659468
MSE,0.3449636369943619,0.04197447
RMSE,0.5862297952175141,0.036031432
MAPE,2.215217411518097,0.13151027
MSPE,253.48495330810547,38.80721
TrainTime(s),441.0490580320358,67.82815758890352
TestTime(s),17.578486371040345,2.8639909275447555
