Metric,Mean,STD
MAE,0.3989297360181808,0.014364163
MSE,0.33746256232261657,0.016004367
RMSE,0.5807506442070007,0.01382933
MAPE,2.198252487182617,0.105168246
MSPE,234.16340026855468,30.716553
TrainTime(s),530.1243303537369,49.892518891565516
TestTime(s),22.30399968624115,1.906746276946638
