Metric,Mean,STD
MAE,0.40788099467754363,0.016488945
MSE,0.3629566729068756,0.02684667
RMSE,0.6020453989505767,0.022316169
MAPE,2.235927152633667,0.14131951
MSPE,243.12714080810548,37.137257
TrainTime(s),513.9878504514694,55.13054308075961
TestTime(s),21.414296412467955,2.236839712989907
