Metric,Mean,STD
MAE,0.4008272856473923,0.016929757
MSE,0.346901935338974,0.022606581
RMSE,0.5886649489402771,0.01937815
MAPE,2.1908631920814514,0.20635536
MSPE,231.0460235595703,41.374184
TrainTime(s),466.1250869512558,80.30202050570563
TestTime(s),19.13583426475525,3.428349383533541
