Metric,Mean,STD
MAE,0.3854667544364929,0.009278089
MSE,0.3310809969902039,0.03122107
RMSE,0.5747400760650635,0.02747454
MAPE,2.126269590854645,0.12333411
MSPE,212.20970916748047,28.530539
TrainTime(s),461.12102766036986,84.44444748378136
TestTime(s),18.899760150909422,5.073525703585399
