Metric,Mean,STD
MAE,0.4052477329969406,0.017275361
MSE,0.35526000559329984,0.027646301
RMSE,0.5955817818641662,0.023288261
MAPE,2.2172430038452147,0.15869251
MSPE,244.52257385253907,50.924305
TrainTime(s),401.57727007865907,74.76459769859238
TestTime(s),15.903941202163697,3.585428335067407
