Metric,Mean,STD
MAE,0.40289899706840515,0.018569406
MSE,0.34328128695487975,0.032204825
RMSE,0.5852591454982757,0.027441254
MAPE,2.213539385795593,0.19587322
MSPE,271.82476196289065,76.272575
TrainTime(s),390.0936699867249,12.91185662533077
TestTime(s),14.541212058067321,1.1988346478143423
