Metric,Mean,STD
MAE,0.399551185965538,0.011781011
MSE,0.347300598025322,0.019305257
RMSE,0.5890960574150086,0.016322697
MAPE,2.167108964920044,0.19407585
MSPE,215.24393310546876,42.902348
TrainTime(s),386.3580576181412,28.15181727771034
TestTime(s),13.76376931667328,2.638865245258964
