Metric,Mean,STD
MAE,0.39539189338684083,0.014652797
MSE,0.3295129299163818,0.024177931
RMSE,0.5736418426036834,0.021165125
MAPE,2.18540495634079,0.13610885
MSPE,244.6761901855469,56.09291
TrainTime(s),480.17289860248565,86.2679303802116
TestTime(s),20.168023657798766,3.561245625514471
