Metric,Mean,STD
MAE,0.3941892862319946,0.018070152
MSE,0.3463388025760651,0.034369923
RMSE,0.5877597749233245,0.029618245
MAPE,2.076490783691406,0.13820557
MSPE,201.82659149169922,39.19621
TrainTime(s),448.2318992137909,35.57759494127463
TestTime(s),18.275013041496276,1.1910439823945047
