Metric,Mean,STD
MAE,0.4005470246076584,0.019728936
MSE,0.3448644161224365,0.035159633
RMSE,0.5864989399909973,0.02972217
MAPE,2.2301849603652952,0.14585331
MSPE,243.10875701904297,29.945864
TrainTime(s),426.71338124275206,44.63539878615552
TestTime(s),16.253701901435853,3.7703596310594363
