Metric,Mean,STD
MAE,0.41089538633823397,0.02631297
MSE,0.3557173401117325,0.034108385
RMSE,0.5957658886909485,0.027934836
MAPE,2.3133081436157226,0.26338983
MSPE,264.50303649902344,70.808685
TrainTime(s),460.4231532335281,66.12516624591692
TestTime(s),17.55041296482086,3.0473489416471025
