Metric,Mean,STD
MAE,0.40868951976299284,0.021427175
MSE,0.35871207118034365,0.03914591
RMSE,0.5980177819728851,0.03296658
MAPE,2.295537292957306,0.20639434
MSPE,265.9667007446289,51.872036
TrainTime(s),472.5582190275192,38.221121463674805
TestTime(s),18.539091300964355,1.102231647471128
