Metric,Mean,STD
MAE,0.3986848831176758,0.011493104
MSE,0.3367971956729889,0.020533374
RMSE,0.58007852435112,0.017495781
MAPE,2.1859856605529786,0.16809233
MSPE,258.8218658447266,62.64542
TrainTime(s),430.3423727750778,57.29395631911004
TestTime(s),16.866537380218507,2.594111098366753
