Metric,Mean,STD
MAE,0.40912952125072477,0.01851271
MSE,0.3526375323534012,0.032636333
RMSE,0.5931855797767639,0.02772001
MAPE,2.232281494140625,0.13496886
MSPE,232.78377990722657,38.20479
TrainTime(s),481.08382127285006,56.449625427507996
TestTime(s),18.868769788742064,1.0139491581619016
