Metric,Mean,STD
MAE,0.3947607457637787,0.020386776
MSE,0.3295953869819641,0.029759046
RMSE,0.573507410287857,0.026165482
MAPE,2.1891042828559875,0.24729621
MSPE,262.11647644042966,77.78637
TrainTime(s),387.40340278148653,10.852340381719435
TestTime(s),14.073092842102051,1.3756655481514175
