Metric,Mean,STD
MAE,0.3923093914985657,0.015978154
MSE,0.33995485603809356,0.03417415
RMSE,0.5823149681091309,0.02939618
MAPE,2.1262495040893556,0.13265815
MSPE,206.49861602783204,32.87186
TrainTime(s),485.5078323602676,50.379827636514335
TestTime(s),20.602480745315553,1.9290708555754619
