Metric,Mean,STD
MAE,0.39630580842494967,0.015315304
MSE,0.33639551103115084,0.026014144
RMSE,0.5795587778091431,0.022519583
MAPE,2.1005760431289673,0.14715396
MSPE,210.96526794433595,38.236103
TrainTime(s),511.579540348053,65.24866846263716
TestTime(s),21.50474030971527,2.1120275131040147
