Metric,Mean,STD
MAE,0.3891623914241791,0.020203546
MSE,0.32230821549892424,0.027166817
RMSE,0.5672301054000854,0.02362674
MAPE,2.1713103652000427,0.19136348
MSPE,256.5617919921875,48.3989
TrainTime(s),404.37864873409274,34.30308251601408
TestTime(s),14.708525276184082,2.2167660226929957
