Metric,Mean,STD
MAE,0.3994020253419876,0.026869595
MSE,0.34814734756946564,0.04086898
RMSE,0.5890367925167084,0.034394894
MAPE,2.1422473430633544,0.12948102
MSPE,223.23773651123048,38.479424
TrainTime(s),459.891110086441,10.195821843100324
TestTime(s),18.463977885246276,1.5609421079031285
