Metric,Mean,STD
MAE,0.4048310726881027,0.019371074
MSE,0.3530056834220886,0.029895268
RMSE,0.5936129570007325,0.025086623
MAPE,2.225198984146118,0.17439492
MSPE,239.66362457275392,55.049984
TrainTime(s),544.2447060585022,70.41194845456936
TestTime(s),21.258765625953675,2.4335815584140383
