Metric,Mean,STD
MAE,0.3968912184238434,0.019540617
MSE,0.33939572274684904,0.036366213
RMSE,0.5817396104335785,0.031220932
MAPE,2.1971500158309936,0.14187321
MSPE,239.860546875,28.176577
TrainTime(s),387.17559945583344,11.543923945457895
TestTime(s),14.780141258239746,1.203625315516678
